

Microchip MPLAB XC8 Assembler V3.10 build 20250813170317 
                                                                                               Sat Jun 13 06:00:42 2026

Microchip MPLAB XC8 C Compiler v3.10 (Free license) build 20250813170317 Og1 
     1                           	processor	18F25K80
     2                           	fnconf	rparam,??,?,0
     3                           	pagewidth 120
     4                           	opt	flic
     5                           	psect	idataCOMRAM,global,class=CODE,space=0,delta=1,noexec
     6                           	psect	smallconst,global,reloc=2,class=SMALLCONST,space=0,delta=1,noexec
     7                           	psect	nvCOMRAM,global,class=COMRAM,space=1,delta=1,lowdata,noexec
     8                           	psect	nvBANK0,global,class=BANK0,space=1,delta=1,lowdata,noexec
     9                           	psect	cinit,global,reloc=2,class=CODE,space=0,delta=1
    10                           	psect	bssCOMRAM,global,class=COMRAM,space=1,delta=1,lowdata,noexec
    11                           	psect	dataCOMRAM,global,class=COMRAM,space=1,delta=1,lowdata,noexec
    12                           	psect	bssBANK0,global,class=BANK0,space=1,delta=1,lowdata,noexec
    13                           	psect	cstackBANK0,global,class=BANK0,space=1,delta=1,lowdata,noexec
    14                           	psect	cstackCOMRAM,global,class=COMRAM,space=1,delta=1,lowdata,noexec
    15                           	psect	text0,global,reloc=2,class=CODE,space=0,delta=1
    16                           	psect	text1,global,reloc=2,class=CODE,space=0,delta=1
    17                           	psect	text2,global,reloc=2,class=CODE,space=0,delta=1
    18                           	psect	text3,global,reloc=2,class=CODE,space=0,delta=1
    19                           	psect	text4,global,reloc=2,class=CODE,space=0,delta=1
    20                           	psect	text5,global,reloc=2,class=CODE,space=0,delta=1
    21                           	psect	text6,global,reloc=2,class=CODE,space=0,delta=1
    22                           	psect	text7,global,reloc=2,class=CODE,space=0,delta=1
    23                           	psect	text8,global,reloc=2,class=CODE,space=0,delta=1
    24                           	psect	text9,global,reloc=2,class=CODE,space=0,delta=1
    25                           	psect	text10,global,reloc=2,class=CODE,space=0,delta=1
    26                           	psect	text11,global,reloc=2,class=CODE,space=0,delta=1
    27                           	psect	text12,global,reloc=2,class=CODE,space=0,delta=1
    28                           	psect	text13,global,reloc=2,class=CODE,space=0,delta=1
    29                           	psect	text14,global,reloc=2,class=CODE,space=0,delta=1
    30                           	psect	text15,global,reloc=2,class=CODE,space=0,delta=1
    31                           	psect	text16,global,reloc=2,class=CODE,space=0,delta=1
    32                           	psect	text17,global,reloc=2,class=CODE,space=0,delta=1
    33                           	psect	text18,global,reloc=2,class=CODE,space=0,delta=1
    34                           	psect	text19,global,reloc=2,class=CODE,space=0,delta=1
    35                           	psect	text20,global,reloc=2,class=CODE,space=0,delta=1
    36                           	psect	text21,global,reloc=2,class=CODE,space=0,delta=1
    37                           	psect	text22,global,reloc=2,class=CODE,space=0,delta=1
    38                           	psect	intcode,global,reloc=2,class=CODE,space=0,delta=1
    39                           	psect	text24,global,reloc=2,class=CODE,space=0,delta=1
    40                           	psect	text25,global,reloc=2,class=CODE,space=0,delta=1
    41                           	psect	text26,global,reloc=2,class=CODE,space=0,delta=1
    42                           	psect	text27,global,reloc=2,class=CODE,space=0,delta=1
    43                           	psect	text28,global,reloc=2,class=CODE,space=0,delta=1
    44                           	psect	text29,global,reloc=2,class=CODE,space=0,delta=1
    45                           	psect	text30,global,reloc=2,class=CODE,space=0,delta=1,group=2
    46                           	psect	text31,global,reloc=2,class=CODE,space=0,delta=1,group=2
    47                           	psect	text32,global,reloc=2,class=CODE,space=0,delta=1
    48                           	psect	text33,global,reloc=2,class=CODE,space=0,delta=1
    49                           	psect	text34,global,reloc=2,class=CODE,space=0,delta=1
    50                           	psect	text35,global,reloc=2,class=CODE,space=0,delta=1
    51                           	psect	text36,global,reloc=2,class=CODE,space=0,delta=1
    52                           	psect	text37,global,reloc=2,class=CODE,space=0,delta=1
    53                           	psect	text38,global,reloc=2,class=CODE,space=0,delta=1
    54                           	psect	text39,global,reloc=2,class=CODE,space=0,delta=1
    55                           	psect	text40,global,reloc=2,class=CODE,space=0,delta=1
    56                           	psect	text41,global,reloc=2,class=CODE,space=0,delta=1
    57                           	psect	intsave_regs,global,class=BIGRAM,space=1,delta=1,noexec
    58                           	psect	rparam,global,class=COMRAM,space=1,delta=1,noexec
    59                           	psect	config,global,abs,ovrld,class=CONFIG,space=4,delta=1,noexec
    60                           	dabs	1,0x1,1
    61   000000                     
    62                           ; Generated 24/03/2025 GMT
    63                           ; 
    64                           ; Copyright © 2025, Microchip Technology Inc. and its subsidiaries ("Microchip")
    65                           ; All rights reserved.
    66                           ; 
    67                           ; This software is developed by Microchip Technology Inc. and its subsidiaries ("Microch
      +                          ip").
    68                           ; 
    69                           ; Redistribution and use in source and binary forms, with or without modification, are
    70                           ; permitted provided that the following conditions are met:
    71                           ; 
    72                           ;     1. Redistributions of source code must retain the above copyright notice, this lis
      +                          t of
    73                           ;        conditions and the following disclaimer.
    74                           ; 
    75                           ;     2. Redistributions in binary form must reproduce the above copyright notice, this 
      +                          list
    76                           ;        of conditions and the following disclaimer in the documentation and/or other
    77                           ;        materials provided with the distribution. Publication is not required when
    78                           ;        this file is used in an embedded application.
    79                           ; 
    80                           ;     3. Microchip's name may not be used to endorse or promote products derived from th
      +                          is
    81                           ;        software without specific prior written permission.
    82                           ; 
    83                           ; THIS SOFTWARE IS PROVIDED BY MICROCHIP "AS IS" AND ANY EXPRESS OR IMPLIED WARRANTIES,
    84                           ; INCLUDING, BUT NOT LIMITED TO, THE IMPLIED WARRANTIES OF MERCHANTABILITY AND FITNESS F
      +                          OR
    85                           ; PURPOSE ARE DISCLAIMED.  IN NO EVENT SHALL MICROCHIP BE LIABLE FOR ANY DIRECT, INDIREC
      +                          T,
    86                           ; INCIDENTAL, SPECIAL, EXEMPLARY, OR CONSEQUENTIAL DAMAGES (INCLUDING BUT NOT LIMITED TO
    87                           ; PROCUREMENT OF SUBSTITUTE GOODS OR SERVICES; LOSS OF USE, DATA OR PROFITS; OR BUSINESS
    88                           ; INTERRUPTION) HOWSOEVER CAUSED AND ON ANY THEORY OF LIABILITY, WHETHER IN CONTRACT, ST
      +                          RICT
    89                           ; LIABILITY, OR TORT (INCLUDING NEGLIGENCE OR OTHERWISE) ARISING IN ANY WAY OUT OF THE U
      +                          SE OF
    90                           ; THIS SOFTWARE, EVEN IF ADVISED OF THE POSSIBILITY OF SUCH DAMAGE.
    91                           ; 
    92                           ; 
    93                           ; Code-generator required, PIC18F25K80 Definitions
    94                           ; 
    95                           ; SFR Addresses
    96   000FE0                     bsr             equ	4064
    97   000FE9                     fsr0            equ	4073
    98   000FEA                     fsr0h           equ	4074
    99   000FE9                     fsr0l           equ	4073
   100   000FE1                     fsr1            equ	4065
   101   000FE2                     fsr1h           equ	4066
   102   000FE1                     fsr1l           equ	4065
   103   000FD9                     fsr2            equ	4057
   104   000FDA                     fsr2h           equ	4058
   105   000FD9                     fsr2l           equ	4057
   106   000FEF                     indf0           equ	4079
   107   000FE7                     indf1           equ	4071
   108   000FDF                     indf2           equ	4063
   109   000FF2                     intcon          equ	4082
   110   000000                     nvmcon          equ	0
   111   000FF9                     pcl             equ	4089
   112   000FFA                     pclath          equ	4090
   113   000FFB                     pclatu          equ	4091
   114   000FEB                     plusw0          equ	4075
   115   000FE3                     plusw1          equ	4067
   116   000FDB                     plusw2          equ	4059
   117   000FED                     postdec0        equ	4077
   118   000FE5                     postdec1        equ	4069
   119   000FDD                     postdec2        equ	4061
   120   000FEE                     postinc0        equ	4078
   121   000FE6                     postinc1        equ	4070
   122   000FDE                     postinc2        equ	4062
   123   000FEC                     preinc0         equ	4076
   124   000FE4                     preinc1         equ	4068
   125   000FDC                     preinc2         equ	4060
   126   000FF3                     prod            equ	4083
   127   000FF4                     prodh           equ	4084
   128   000FF3                     prodl           equ	4083
   129   000FD8                     status          equ	4056
   130   000FF5                     tablat          equ	4085
   131   000FF6                     tblptr          equ	4086
   132   000FF7                     tblptrh         equ	4087
   133   000FF6                     tblptrl         equ	4086
   134   000FF8                     tblptru         equ	4088
   135   000FFD                     tosl            equ	4093
   136   000FE8                     wreg            equ	4072
   137   000E41                     RXERRCNT        equ	3649	;# 
   138   000E42                     TXERRCNT        equ	3650	;# 
   139   000E43                     BRGCON1         equ	3651	;# 
   140   000E44                     BRGCON2         equ	3652	;# 
   141   000E45                     BRGCON3         equ	3653	;# 
   142   000E46                     RXFCON0         equ	3654	;# 
   143   000E47                     RXFCON1         equ	3655	;# 
   144   000E48                     RXF6SIDH        equ	3656	;# 
   145   000E49                     RXF6SIDL        equ	3657	;# 
   146   000E4A                     RXF6EIDH        equ	3658	;# 
   147   000E4B                     RXF6EIDL        equ	3659	;# 
   148   000E4C                     RXF7SIDH        equ	3660	;# 
   149   000E4D                     RXF7SIDL        equ	3661	;# 
   150   000E4E                     RXF7EIDH        equ	3662	;# 
   151   000E4F                     RXF7EIDL        equ	3663	;# 
   152   000E50                     RXF8SIDH        equ	3664	;# 
   153   000E51                     RXF8SIDL        equ	3665	;# 
   154   000E52                     RXF8EIDH        equ	3666	;# 
   155   000E53                     RXF8EIDL        equ	3667	;# 
   156   000E54                     RXF9SIDH        equ	3668	;# 
   157   000E55                     RXF9SIDL        equ	3669	;# 
   158   000E56                     RXF9EIDH        equ	3670	;# 
   159   000E57                     RXF9EIDL        equ	3671	;# 
   160   000E58                     RXF10SIDH       equ	3672	;# 
   161   000E59                     RXF10SIDL       equ	3673	;# 
   162   000E5A                     RXF10EIDH       equ	3674	;# 
   163   000E5B                     RXF10EIDL       equ	3675	;# 
   164   000E5C                     RXF11SIDH       equ	3676	;# 
   165   000E5D                     RXF11SIDL       equ	3677	;# 
   166   000E5E                     RXF11EIDH       equ	3678	;# 
   167   000E5F                     RXF11EIDL       equ	3679	;# 
   168   000E60                     RXF12SIDH       equ	3680	;# 
   169   000E61                     RXF12SIDL       equ	3681	;# 
   170   000E62                     RXF12EIDH       equ	3682	;# 
   171   000E63                     RXF12EIDL       equ	3683	;# 
   172   000E64                     RXF13SIDH       equ	3684	;# 
   173   000E65                     RXF13SIDL       equ	3685	;# 
   174   000E66                     RXF13EIDH       equ	3686	;# 
   175   000E67                     RXF13EIDL       equ	3687	;# 
   176   000E68                     RXF14SIDH       equ	3688	;# 
   177   000E69                     RXF14SIDL       equ	3689	;# 
   178   000E6A                     RXF14EIDH       equ	3690	;# 
   179   000E6B                     RXF14EIDL       equ	3691	;# 
   180   000E6C                     RXF15SIDH       equ	3692	;# 
   181   000E6D                     RXF15SIDL       equ	3693	;# 
   182   000E6E                     RXF15EIDH       equ	3694	;# 
   183   000E6F                     RXF15EIDL       equ	3695	;# 
   184   000E70                     SDFLC           equ	3696	;# 
   185   000E71                     RXFBCON0        equ	3697	;# 
   186   000E72                     RXFBCON1        equ	3698	;# 
   187   000E73                     RXFBCON2        equ	3699	;# 
   188   000E74                     RXFBCON3        equ	3700	;# 
   189   000E75                     RXFBCON4        equ	3701	;# 
   190   000E76                     RXFBCON5        equ	3702	;# 
   191   000E77                     RXFBCON6        equ	3703	;# 
   192   000E78                     RXFBCON7        equ	3704	;# 
   193   000E79                     MSEL0           equ	3705	;# 
   194   000E7A                     MSEL1           equ	3706	;# 
   195   000E7B                     MSEL2           equ	3707	;# 
   196   000E7C                     MSEL3           equ	3708	;# 
   197   000E7D                     BSEL0           equ	3709	;# 
   198   000E7E                     BIE0            equ	3710	;# 
   199   000E7F                     TXBIE           equ	3711	;# 
   200   000E80                     B0CON           equ	3712	;# 
   201   000E81                     B0SIDH          equ	3713	;# 
   202   000E82                     B0SIDL          equ	3714	;# 
   203   000E83                     B0EIDH          equ	3715	;# 
   204   000E84                     B0EIDL          equ	3716	;# 
   205   000E85                     B0DLC           equ	3717	;# 
   206   000E86                     B0D0            equ	3718	;# 
   207   000E87                     B0D1            equ	3719	;# 
   208   000E88                     B0D2            equ	3720	;# 
   209   000E89                     B0D3            equ	3721	;# 
   210   000E8A                     B0D4            equ	3722	;# 
   211   000E8B                     B0D5            equ	3723	;# 
   212   000E8C                     B0D6            equ	3724	;# 
   213   000E8D                     B0D7            equ	3725	;# 
   214   000E8E                     CANSTAT_RO9     equ	3726	;# 
   215   000E8F                     CANCON_RO9      equ	3727	;# 
   216   000E90                     B1CON           equ	3728	;# 
   217   000E91                     B1SIDH          equ	3729	;# 
   218   000E92                     B1SIDL          equ	3730	;# 
   219   000E93                     B1EIDH          equ	3731	;# 
   220   000E94                     B1EIDL          equ	3732	;# 
   221   000E95                     B1DLC           equ	3733	;# 
   222   000E96                     B1D0            equ	3734	;# 
   223   000E97                     B1D1            equ	3735	;# 
   224   000E98                     B1D2            equ	3736	;# 
   225   000E99                     B1D3            equ	3737	;# 
   226   000E9A                     B1D4            equ	3738	;# 
   227   000E9B                     B1D5            equ	3739	;# 
   228   000E9C                     B1D6            equ	3740	;# 
   229   000E9D                     B1D7            equ	3741	;# 
   230   000E9E                     CANSTAT_RO8     equ	3742	;# 
   231   000E9F                     CANCON_RO8      equ	3743	;# 
   232   000EA0                     B2CON           equ	3744	;# 
   233   000EA1                     B2SIDH          equ	3745	;# 
   234   000EA2                     B2SIDL          equ	3746	;# 
   235   000EA3                     B2EIDH          equ	3747	;# 
   236   000EA4                     B2EIDL          equ	3748	;# 
   237   000EA5                     B2DLC           equ	3749	;# 
   238   000EA6                     B2D0            equ	3750	;# 
   239   000EA7                     B2D1            equ	3751	;# 
   240   000EA8                     B2D2            equ	3752	;# 
   241   000EA9                     B2D3            equ	3753	;# 
   242   000EAA                     B2D4            equ	3754	;# 
   243   000EAB                     B2D5            equ	3755	;# 
   244   000EAC                     B2D6            equ	3756	;# 
   245   000EAD                     B2D7            equ	3757	;# 
   246   000EAE                     CANSTAT_RO7     equ	3758	;# 
   247   000EAF                     CANCON_RO7      equ	3759	;# 
   248   000EB0                     B3CON           equ	3760	;# 
   249   000EB1                     B3SIDH          equ	3761	;# 
   250   000EB2                     B3SIDL          equ	3762	;# 
   251   000EB3                     B3EIDH          equ	3763	;# 
   252   000EB4                     B3EIDL          equ	3764	;# 
   253   000EB5                     B3DLC           equ	3765	;# 
   254   000EB6                     B3D0            equ	3766	;# 
   255   000EB7                     B3D1            equ	3767	;# 
   256   000EB8                     B3D2            equ	3768	;# 
   257   000EB9                     B3D3            equ	3769	;# 
   258   000EBA                     B3D4            equ	3770	;# 
   259   000EBB                     B3D5            equ	3771	;# 
   260   000EBC                     B3D6            equ	3772	;# 
   261   000EBD                     B3D7            equ	3773	;# 
   262   000EBE                     CANSTAT_RO6     equ	3774	;# 
   263   000EBF                     CANCON_RO6      equ	3775	;# 
   264   000EC0                     B4CON           equ	3776	;# 
   265   000EC1                     B4SIDH          equ	3777	;# 
   266   000EC2                     B4SIDL          equ	3778	;# 
   267   000EC3                     B4EIDH          equ	3779	;# 
   268   000EC4                     B4EIDL          equ	3780	;# 
   269   000EC5                     B4DLC           equ	3781	;# 
   270   000EC6                     B4D0            equ	3782	;# 
   271   000EC7                     B4D1            equ	3783	;# 
   272   000EC8                     B4D2            equ	3784	;# 
   273   000EC9                     B4D3            equ	3785	;# 
   274   000ECA                     B4D4            equ	3786	;# 
   275   000ECB                     B4D5            equ	3787	;# 
   276   000ECC                     B4D6            equ	3788	;# 
   277   000ECD                     B4D7            equ	3789	;# 
   278   000ECE                     CANSTAT_RO5     equ	3790	;# 
   279   000ECF                     CANCON_RO5      equ	3791	;# 
   280   000ED0                     B5CON           equ	3792	;# 
   281   000ED1                     B5SIDH          equ	3793	;# 
   282   000ED2                     B5SIDL          equ	3794	;# 
   283   000ED3                     B5EIDH          equ	3795	;# 
   284   000ED4                     B5EIDL          equ	3796	;# 
   285   000ED5                     B5DLC           equ	3797	;# 
   286   000ED6                     B5D0            equ	3798	;# 
   287   000ED7                     B5D1            equ	3799	;# 
   288   000ED8                     B5D2            equ	3800	;# 
   289   000ED9                     B5D3            equ	3801	;# 
   290   000EDA                     B5D4            equ	3802	;# 
   291   000EDB                     B5D5            equ	3803	;# 
   292   000EDC                     B5D6            equ	3804	;# 
   293   000EDD                     B5D7            equ	3805	;# 
   294   000EDE                     CANSTAT_RO4     equ	3806	;# 
   295   000EDF                     CANCON_RO4      equ	3807	;# 
   296   000EE0                     RXF0SIDH        equ	3808	;# 
   297   000EE1                     RXF0SIDL        equ	3809	;# 
   298   000EE2                     RXF0EIDH        equ	3810	;# 
   299   000EE3                     RXF0EIDL        equ	3811	;# 
   300   000EE4                     RXF1SIDH        equ	3812	;# 
   301   000EE5                     RXF1SIDL        equ	3813	;# 
   302   000EE6                     RXF1EIDH        equ	3814	;# 
   303   000EE7                     RXF1EIDL        equ	3815	;# 
   304   000EE8                     RXF2SIDH        equ	3816	;# 
   305   000EE9                     RXF2SIDL        equ	3817	;# 
   306   000EEA                     RXF2EIDH        equ	3818	;# 
   307   000EEB                     RXF2EIDL        equ	3819	;# 
   308   000EEC                     RXF3SIDH        equ	3820	;# 
   309   000EED                     RXF3SIDL        equ	3821	;# 
   310   000EEE                     RXF3EIDH        equ	3822	;# 
   311   000EEF                     RXF3EIDL        equ	3823	;# 
   312   000EF0                     RXF4SIDH        equ	3824	;# 
   313   000EF1                     RXF4SIDL        equ	3825	;# 
   314   000EF2                     RXF4EIDH        equ	3826	;# 
   315   000EF3                     RXF4EIDL        equ	3827	;# 
   316   000EF4                     RXF5SIDH        equ	3828	;# 
   317   000EF5                     RXF5SIDL        equ	3829	;# 
   318   000EF6                     RXF5EIDH        equ	3830	;# 
   319   000EF7                     RXF5EIDL        equ	3831	;# 
   320   000EF8                     RXM0SIDH        equ	3832	;# 
   321   000EF9                     RXM0SIDL        equ	3833	;# 
   322   000EFA                     RXM0EIDH        equ	3834	;# 
   323   000EFB                     RXM0EIDL        equ	3835	;# 
   324   000EFC                     RXM1SIDH        equ	3836	;# 
   325   000EFD                     RXM1SIDL        equ	3837	;# 
   326   000EFE                     RXM1EIDH        equ	3838	;# 
   327   000EFF                     RXM1EIDL        equ	3839	;# 
   328   000F00                     TXB2CON         equ	3840	;# 
   329   000F01                     TXB2SIDH        equ	3841	;# 
   330   000F02                     TXB2SIDL        equ	3842	;# 
   331   000F03                     TXB2EIDH        equ	3843	;# 
   332   000F04                     TXB2EIDL        equ	3844	;# 
   333   000F05                     TXB2DLC         equ	3845	;# 
   334   000F06                     TXB2D0          equ	3846	;# 
   335   000F07                     TXB2D1          equ	3847	;# 
   336   000F08                     TXB2D2          equ	3848	;# 
   337   000F09                     TXB2D3          equ	3849	;# 
   338   000F0A                     TXB2D4          equ	3850	;# 
   339   000F0B                     TXB2D5          equ	3851	;# 
   340   000F0C                     TXB2D6          equ	3852	;# 
   341   000F0D                     TXB2D7          equ	3853	;# 
   342   000F0E                     CANSTAT_RO3     equ	3854	;# 
   343   000F0F                     CANCON_RO3      equ	3855	;# 
   344   000F10                     TXB1CON         equ	3856	;# 
   345   000F11                     TXB1SIDH        equ	3857	;# 
   346   000F12                     TXB1SIDL        equ	3858	;# 
   347   000F13                     TXB1EIDH        equ	3859	;# 
   348   000F14                     TXB1EIDL        equ	3860	;# 
   349   000F15                     TXB1DLC         equ	3861	;# 
   350   000F16                     TXB1D0          equ	3862	;# 
   351   000F17                     TXB1D1          equ	3863	;# 
   352   000F18                     TXB1D2          equ	3864	;# 
   353   000F19                     TXB1D3          equ	3865	;# 
   354   000F1A                     TXB1D4          equ	3866	;# 
   355   000F1B                     TXB1D5          equ	3867	;# 
   356   000F1C                     TXB1D6          equ	3868	;# 
   357   000F1D                     TXB1D7          equ	3869	;# 
   358   000F1E                     CANSTAT_RO2     equ	3870	;# 
   359   000F1F                     CANCON_RO2      equ	3871	;# 
   360   000F20                     TXB0CON         equ	3872	;# 
   361   000F21                     TXB0SIDH        equ	3873	;# 
   362   000F22                     TXB0SIDL        equ	3874	;# 
   363   000F23                     TXB0EIDH        equ	3875	;# 
   364   000F24                     TXB0EIDL        equ	3876	;# 
   365   000F25                     TXB0DLC         equ	3877	;# 
   366   000F26                     TXB0D0          equ	3878	;# 
   367   000F27                     TXB0D1          equ	3879	;# 
   368   000F28                     TXB0D2          equ	3880	;# 
   369   000F29                     TXB0D3          equ	3881	;# 
   370   000F2A                     TXB0D4          equ	3882	;# 
   371   000F2B                     TXB0D5          equ	3883	;# 
   372   000F2C                     TXB0D6          equ	3884	;# 
   373   000F2D                     TXB0D7          equ	3885	;# 
   374   000F2E                     CANSTAT_RO1     equ	3886	;# 
   375   000F2F                     CANCON_RO1      equ	3887	;# 
   376   000F30                     RXB1CON         equ	3888	;# 
   377   000F31                     RXB1SIDH        equ	3889	;# 
   378   000F32                     RXB1SIDL        equ	3890	;# 
   379   000F33                     RXB1EIDH        equ	3891	;# 
   380   000F34                     RXB1EIDL        equ	3892	;# 
   381   000F35                     RXB1DLC         equ	3893	;# 
   382   000F36                     RXB1D0          equ	3894	;# 
   383   000F37                     RXB1D1          equ	3895	;# 
   384   000F38                     RXB1D2          equ	3896	;# 
   385   000F39                     RXB1D3          equ	3897	;# 
   386   000F3A                     RXB1D4          equ	3898	;# 
   387   000F3B                     RXB1D5          equ	3899	;# 
   388   000F3C                     RXB1D6          equ	3900	;# 
   389   000F3D                     RXB1D7          equ	3901	;# 
   390   000F3E                     CANSTAT_RO0     equ	3902	;# 
   391   000F3F                     CANCON_RO0      equ	3903	;# 
   392   000F47                     CCP5CON         equ	3911	;# 
   393   000F48                     CCPR5           equ	3912	;# 
   394   000F48                     CCPR5L          equ	3912	;# 
   395   000F49                     CCPR5H          equ	3913	;# 
   396   000F4A                     CCP4CON         equ	3914	;# 
   397   000F4B                     CCPR4           equ	3915	;# 
   398   000F4B                     CCPR4L          equ	3915	;# 
   399   000F4C                     CCPR4H          equ	3916	;# 
   400   000F4D                     CCP3CON         equ	3917	;# 
   401   000F4E                     CCPR3           equ	3918	;# 
   402   000F4E                     CCPR3L          equ	3918	;# 
   403   000F4F                     CCPR3H          equ	3919	;# 
   404   000F50                     CCP2CON         equ	3920	;# 
   405   000F50                     ECCP2CON        equ	3920	;# 
   406   000F51                     CCPR2           equ	3921	;# 
   407   000F51                     CCPR2L          equ	3921	;# 
   408   000F52                     CCPR2H          equ	3922	;# 
   409   000F53                     CTMUICON        equ	3923	;# 
   410   000F54                     CTMUCONL        equ	3924	;# 
   411   000F55                     CTMUCONH        equ	3925	;# 
   412   000F56                     PADCFG1         equ	3926	;# 
   413   000F57                     PMD2            equ	3927	;# 
   414   000F58                     PMD1            equ	3928	;# 
   415   000F59                     PMD0            equ	3929	;# 
   416   000F5A                     IOCB            equ	3930	;# 
   417   000F5B                     WPUB            equ	3931	;# 
   418   000F5C                     ANCON1          equ	3932	;# 
   419   000F5D                     ANCON0          equ	3933	;# 
   420   000F5E                     CM2CON          equ	3934	;# 
   421   000F5E                     CM2CON1         equ	3934	;# 
   422   000F5F                     CM1CON          equ	3935	;# 
   423   000F5F                     CM1CON1         equ	3935	;# 
   424   000F60                     RXB0CON         equ	3936	;# 
   425   000F61                     RXB0SIDH        equ	3937	;# 
   426   000F62                     RXB0SIDL        equ	3938	;# 
   427   000F63                     RXB0EIDH        equ	3939	;# 
   428   000F64                     RXB0EIDL        equ	3940	;# 
   429   000F65                     RXB0DLC         equ	3941	;# 
   430   000F66                     RXB0D0          equ	3942	;# 
   431   000F67                     RXB0D1          equ	3943	;# 
   432   000F68                     RXB0D2          equ	3944	;# 
   433   000F69                     RXB0D3          equ	3945	;# 
   434   000F6A                     RXB0D4          equ	3946	;# 
   435   000F6B                     RXB0D5          equ	3947	;# 
   436   000F6C                     RXB0D6          equ	3948	;# 
   437   000F6D                     RXB0D7          equ	3949	;# 
   438   000F6E                     CANSTAT         equ	3950	;# 
   439   000F6F                     CANCON          equ	3951	;# 
   440   000F70                     CIOCON          equ	3952	;# 
   441   000F71                     COMSTAT         equ	3953	;# 
   442   000F72                     ECANCON         equ	3954	;# 
   443   000F73                     EEDATA          equ	3955	;# 
   444   000F74                     EEADR           equ	3956	;# 
   445   000F75                     EEADRH          equ	3957	;# 
   446   000F76                     PIE5            equ	3958	;# 
   447   000F77                     PIR5            equ	3959	;# 
   448   000F78                     IPR5            equ	3960	;# 
   449   000F79                     TXREG2          equ	3961	;# 
   450   000F7A                     RCREG2          equ	3962	;# 
   451   000F7B                     SPBRG2          equ	3963	;# 
   452   000F7C                     SPBRGH2         equ	3964	;# 
   453   000F7D                     SPBRGH1         equ	3965	;# 
   454   000F7E                     EECON2          equ	3966	;# 
   455   000F7F                     EECON1          equ	3967	;# 
   456   000F80                     PORTA           equ	3968	;# 
   457   000F81                     PORTB           equ	3969	;# 
   458   000F82                     PORTC           equ	3970	;# 
   459   000F84                     PORTE           equ	3972	;# 
   460   000F87                     TMR4            equ	3975	;# 
   461   000F88                     T4CON           equ	3976	;# 
   462   000F89                     LATA            equ	3977	;# 
   463   000F8A                     LATB            equ	3978	;# 
   464   000F8B                     LATC            equ	3979	;# 
   465   000F90                     SLRCON          equ	3984	;# 
   466   000F91                     ODCON           equ	3985	;# 
   467   000F92                     TRISA           equ	3986	;# 
   468   000F93                     TRISB           equ	3987	;# 
   469   000F94                     TRISC           equ	3988	;# 
   470   000F99                     CCPTMRS         equ	3993	;# 
   471   000F9A                     REFOCON         equ	3994	;# 
   472   000F9B                     OSCTUNE         equ	3995	;# 
   473   000F9C                     PSTR1CON        equ	3996	;# 
   474   000F9D                     PIE1            equ	3997	;# 
   475   000F9E                     PIR1            equ	3998	;# 
   476   000F9F                     IPR1            equ	3999	;# 
   477   000FA0                     PIE2            equ	4000	;# 
   478   000FA1                     PIR2            equ	4001	;# 
   479   000FA2                     IPR2            equ	4002	;# 
   480   000FA3                     PIE3            equ	4003	;# 
   481   000FA4                     PIR3            equ	4004	;# 
   482   000FA5                     IPR3            equ	4005	;# 
   483   000FA6                     RCSTA2          equ	4006	;# 
   484   000FA7                     BAUDCON1        equ	4007	;# 
   485   000FA8                     HLVDCON         equ	4008	;# 
   486   000FA9                     PR4             equ	4009	;# 
   487   000FAA                     T1GCON          equ	4010	;# 
   488   000FAB                     RCSTA1          equ	4011	;# 
   489   000FAB                     RCSTA           equ	4011	;# 
   490   000FAC                     TXSTA1          equ	4012	;# 
   491   000FAC                     TXSTA           equ	4012	;# 
   492   000FAD                     TXREG1          equ	4013	;# 
   493   000FAD                     TXREG           equ	4013	;# 
   494   000FAE                     RCREG1          equ	4014	;# 
   495   000FAE                     RCREG           equ	4014	;# 
   496   000FAF                     SPBRG1          equ	4015	;# 
   497   000FAF                     SPBRG           equ	4015	;# 
   498   000FB0                     T3GCON          equ	4016	;# 
   499   000FB1                     T3CON           equ	4017	;# 
   500   000FB2                     TMR3            equ	4018	;# 
   501   000FB2                     TMR3L           equ	4018	;# 
   502   000FB3                     TMR3H           equ	4019	;# 
   503   000FB4                     CMSTAT          equ	4020	;# 
   504   000FB4                     CMSTATUS        equ	4020	;# 
   505   000FB5                     CVRCON          equ	4021	;# 
   506   000FB6                     PIE4            equ	4022	;# 
   507   000FB7                     PIR4            equ	4023	;# 
   508   000FB8                     IPR4            equ	4024	;# 
   509   000FB9                     BAUDCON2        equ	4025	;# 
   510   000FBA                     TXSTA2          equ	4026	;# 
   511   000FBB                     CCP1CON         equ	4027	;# 
   512   000FBB                     ECCP1CON        equ	4027	;# 
   513   000FBC                     CCPR1           equ	4028	;# 
   514   000FBC                     CCPR1L          equ	4028	;# 
   515   000FBD                     CCPR1H          equ	4029	;# 
   516   000FBE                     ECCP1DEL        equ	4030	;# 
   517   000FBE                     PWM1CON         equ	4030	;# 
   518   000FBF                     ECCP1AS         equ	4031	;# 
   519   000FC0                     ADCON2          equ	4032	;# 
   520   000FC1                     ADCON1          equ	4033	;# 
   521   000FC2                     ADCON0          equ	4034	;# 
   522   000FC3                     ADRES           equ	4035	;# 
   523   000FC3                     ADRESL          equ	4035	;# 
   524   000FC4                     ADRESH          equ	4036	;# 
   525   000FC5                     SSPCON2         equ	4037	;# 
   526   000FC6                     SSPCON1         equ	4038	;# 
   527   000FC7                     SSPSTAT         equ	4039	;# 
   528   000FC8                     SSPADD          equ	4040	;# 
   529   000FC9                     SSPBUF          equ	4041	;# 
   530   000FCA                     T2CON           equ	4042	;# 
   531   000FCB                     PR2             equ	4043	;# 
   532   000FCB                     MEMCON          equ	4043	;# 
   533   000FCC                     TMR2            equ	4044	;# 
   534   000FCD                     T1CON           equ	4045	;# 
   535   000FCE                     TMR1            equ	4046	;# 
   536   000FCE                     TMR1L           equ	4046	;# 
   537   000FCF                     TMR1H           equ	4047	;# 
   538   000FD0                     RCON            equ	4048	;# 
   539   000FD1                     WDTCON          equ	4049	;# 
   540   000FD2                     OSCCON2         equ	4050	;# 
   541   000FD3                     OSCCON          equ	4051	;# 
   542   000FD5                     T0CON           equ	4053	;# 
   543   000FD6                     TMR0            equ	4054	;# 
   544   000FD6                     TMR0L           equ	4054	;# 
   545   000FD7                     TMR0H           equ	4055	;# 
   546   000FD8                     STATUS          equ	4056	;# 
   547   000FD9                     FSR2            equ	4057	;# 
   548   000FD9                     FSR2L           equ	4057	;# 
   549   000FDA                     FSR2H           equ	4058	;# 
   550   000FDB                     PLUSW2          equ	4059	;# 
   551   000FDC                     PREINC2         equ	4060	;# 
   552   000FDD                     POSTDEC2        equ	4061	;# 
   553   000FDE                     POSTINC2        equ	4062	;# 
   554   000FDF                     INDF2           equ	4063	;# 
   555   000FE0                     BSR             equ	4064	;# 
   556   000FE1                     FSR1            equ	4065	;# 
   557   000FE1                     FSR1L           equ	4065	;# 
   558   000FE2                     FSR1H           equ	4066	;# 
   559   000FE3                     PLUSW1          equ	4067	;# 
   560   000FE4                     PREINC1         equ	4068	;# 
   561   000FE5                     POSTDEC1        equ	4069	;# 
   562   000FE6                     POSTINC1        equ	4070	;# 
   563   000FE7                     INDF1           equ	4071	;# 
   564   000FE8                     WREG            equ	4072	;# 
   565   000FE9                     FSR0            equ	4073	;# 
   566   000FE9                     FSR0L           equ	4073	;# 
   567   000FEA                     FSR0H           equ	4074	;# 
   568   000FEB                     PLUSW0          equ	4075	;# 
   569   000FEC                     PREINC0         equ	4076	;# 
   570   000FED                     POSTDEC0        equ	4077	;# 
   571   000FEE                     POSTINC0        equ	4078	;# 
   572   000FEF                     INDF0           equ	4079	;# 
   573   000FF0                     INTCON3         equ	4080	;# 
   574   000FF1                     INTCON2         equ	4081	;# 
   575   000FF2                     INTCON          equ	4082	;# 
   576   000FF2                     INTCON1         equ	4082	;# 
   577   000FF3                     PROD            equ	4083	;# 
   578   000FF3                     PRODL           equ	4083	;# 
   579   000FF4                     PRODH           equ	4084	;# 
   580   000FF5                     TABLAT          equ	4085	;# 
   581   000FF6                     TBLPTR          equ	4086	;# 
   582   000FF6                     TBLPTRL         equ	4086	;# 
   583   000FF7                     TBLPTRH         equ	4087	;# 
   584   000FF8                     TBLPTRU         equ	4088	;# 
   585   000FF9                     PCLAT           equ	4089	;# 
   586   000FF9                     PC              equ	4089	;# 
   587   000FF9                     PCL             equ	4089	;# 
   588   000FFA                     PCLATH          equ	4090	;# 
   589   000FFB                     PCLATU          equ	4091	;# 
   590   000FFC                     STKPTR          equ	4092	;# 
   591   000FFD                     TOS             equ	4093	;# 
   592   000FFD                     TOSL            equ	4093	;# 
   593   000FFE                     TOSH            equ	4094	;# 
   594   000FFF                     TOSU            equ	4095	;# 
   595   000E41                     RXERRCNT        equ	3649	;# 
   596   000E42                     TXERRCNT        equ	3650	;# 
   597   000E43                     BRGCON1         equ	3651	;# 
   598   000E44                     BRGCON2         equ	3652	;# 
   599   000E45                     BRGCON3         equ	3653	;# 
   600   000E46                     RXFCON0         equ	3654	;# 
   601   000E47                     RXFCON1         equ	3655	;# 
   602   000E48                     RXF6SIDH        equ	3656	;# 
   603   000E49                     RXF6SIDL        equ	3657	;# 
   604   000E4A                     RXF6EIDH        equ	3658	;# 
   605   000E4B                     RXF6EIDL        equ	3659	;# 
   606   000E4C                     RXF7SIDH        equ	3660	;# 
   607   000E4D                     RXF7SIDL        equ	3661	;# 
   608   000E4E                     RXF7EIDH        equ	3662	;# 
   609   000E4F                     RXF7EIDL        equ	3663	;# 
   610   000E50                     RXF8SIDH        equ	3664	;# 
   611   000E51                     RXF8SIDL        equ	3665	;# 
   612   000E52                     RXF8EIDH        equ	3666	;# 
   613   000E53                     RXF8EIDL        equ	3667	;# 
   614   000E54                     RXF9SIDH        equ	3668	;# 
   615   000E55                     RXF9SIDL        equ	3669	;# 
   616   000E56                     RXF9EIDH        equ	3670	;# 
   617   000E57                     RXF9EIDL        equ	3671	;# 
   618   000E58                     RXF10SIDH       equ	3672	;# 
   619   000E59                     RXF10SIDL       equ	3673	;# 
   620   000E5A                     RXF10EIDH       equ	3674	;# 
   621   000E5B                     RXF10EIDL       equ	3675	;# 
   622   000E5C                     RXF11SIDH       equ	3676	;# 
   623   000E5D                     RXF11SIDL       equ	3677	;# 
   624   000E5E                     RXF11EIDH       equ	3678	;# 
   625   000E5F                     RXF11EIDL       equ	3679	;# 
   626   000E60                     RXF12SIDH       equ	3680	;# 
   627   000E61                     RXF12SIDL       equ	3681	;# 
   628   000E62                     RXF12EIDH       equ	3682	;# 
   629   000E63                     RXF12EIDL       equ	3683	;# 
   630   000E64                     RXF13SIDH       equ	3684	;# 
   631   000E65                     RXF13SIDL       equ	3685	;# 
   632   000E66                     RXF13EIDH       equ	3686	;# 
   633   000E67                     RXF13EIDL       equ	3687	;# 
   634   000E68                     RXF14SIDH       equ	3688	;# 
   635   000E69                     RXF14SIDL       equ	3689	;# 
   636   000E6A                     RXF14EIDH       equ	3690	;# 
   637   000E6B                     RXF14EIDL       equ	3691	;# 
   638   000E6C                     RXF15SIDH       equ	3692	;# 
   639   000E6D                     RXF15SIDL       equ	3693	;# 
   640   000E6E                     RXF15EIDH       equ	3694	;# 
   641   000E6F                     RXF15EIDL       equ	3695	;# 
   642   000E70                     SDFLC           equ	3696	;# 
   643   000E71                     RXFBCON0        equ	3697	;# 
   644   000E72                     RXFBCON1        equ	3698	;# 
   645   000E73                     RXFBCON2        equ	3699	;# 
   646   000E74                     RXFBCON3        equ	3700	;# 
   647   000E75                     RXFBCON4        equ	3701	;# 
   648   000E76                     RXFBCON5        equ	3702	;# 
   649   000E77                     RXFBCON6        equ	3703	;# 
   650   000E78                     RXFBCON7        equ	3704	;# 
   651   000E79                     MSEL0           equ	3705	;# 
   652   000E7A                     MSEL1           equ	3706	;# 
   653   000E7B                     MSEL2           equ	3707	;# 
   654   000E7C                     MSEL3           equ	3708	;# 
   655   000E7D                     BSEL0           equ	3709	;# 
   656   000E7E                     BIE0            equ	3710	;# 
   657   000E7F                     TXBIE           equ	3711	;# 
   658   000E80                     B0CON           equ	3712	;# 
   659   000E81                     B0SIDH          equ	3713	;# 
   660   000E82                     B0SIDL          equ	3714	;# 
   661   000E83                     B0EIDH          equ	3715	;# 
   662   000E84                     B0EIDL          equ	3716	;# 
   663   000E85                     B0DLC           equ	3717	;# 
   664   000E86                     B0D0            equ	3718	;# 
   665   000E87                     B0D1            equ	3719	;# 
   666   000E88                     B0D2            equ	3720	;# 
   667   000E89                     B0D3            equ	3721	;# 
   668   000E8A                     B0D4            equ	3722	;# 
   669   000E8B                     B0D5            equ	3723	;# 
   670   000E8C                     B0D6            equ	3724	;# 
   671   000E8D                     B0D7            equ	3725	;# 
   672   000E8E                     CANSTAT_RO9     equ	3726	;# 
   673   000E8F                     CANCON_RO9      equ	3727	;# 
   674   000E90                     B1CON           equ	3728	;# 
   675   000E91                     B1SIDH          equ	3729	;# 
   676   000E92                     B1SIDL          equ	3730	;# 
   677   000E93                     B1EIDH          equ	3731	;# 
   678   000E94                     B1EIDL          equ	3732	;# 
   679   000E95                     B1DLC           equ	3733	;# 
   680   000E96                     B1D0            equ	3734	;# 
   681   000E97                     B1D1            equ	3735	;# 
   682   000E98                     B1D2            equ	3736	;# 
   683   000E99                     B1D3            equ	3737	;# 
   684   000E9A                     B1D4            equ	3738	;# 
   685   000E9B                     B1D5            equ	3739	;# 
   686   000E9C                     B1D6            equ	3740	;# 
   687   000E9D                     B1D7            equ	3741	;# 
   688   000E9E                     CANSTAT_RO8     equ	3742	;# 
   689   000E9F                     CANCON_RO8      equ	3743	;# 
   690   000EA0                     B2CON           equ	3744	;# 
   691   000EA1                     B2SIDH          equ	3745	;# 
   692   000EA2                     B2SIDL          equ	3746	;# 
   693   000EA3                     B2EIDH          equ	3747	;# 
   694   000EA4                     B2EIDL          equ	3748	;# 
   695   000EA5                     B2DLC           equ	3749	;# 
   696   000EA6                     B2D0            equ	3750	;# 
   697   000EA7                     B2D1            equ	3751	;# 
   698   000EA8                     B2D2            equ	3752	;# 
   699   000EA9                     B2D3            equ	3753	;# 
   700   000EAA                     B2D4            equ	3754	;# 
   701   000EAB                     B2D5            equ	3755	;# 
   702   000EAC                     B2D6            equ	3756	;# 
   703   000EAD                     B2D7            equ	3757	;# 
   704   000EAE                     CANSTAT_RO7     equ	3758	;# 
   705   000EAF                     CANCON_RO7      equ	3759	;# 
   706   000EB0                     B3CON           equ	3760	;# 
   707   000EB1                     B3SIDH          equ	3761	;# 
   708   000EB2                     B3SIDL          equ	3762	;# 
   709   000EB3                     B3EIDH          equ	3763	;# 
   710   000EB4                     B3EIDL          equ	3764	;# 
   711   000EB5                     B3DLC           equ	3765	;# 
   712   000EB6                     B3D0            equ	3766	;# 
   713   000EB7                     B3D1            equ	3767	;# 
   714   000EB8                     B3D2            equ	3768	;# 
   715   000EB9                     B3D3            equ	3769	;# 
   716   000EBA                     B3D4            equ	3770	;# 
   717   000EBB                     B3D5            equ	3771	;# 
   718   000EBC                     B3D6            equ	3772	;# 
   719   000EBD                     B3D7            equ	3773	;# 
   720   000EBE                     CANSTAT_RO6     equ	3774	;# 
   721   000EBF                     CANCON_RO6      equ	3775	;# 
   722   000EC0                     B4CON           equ	3776	;# 
   723   000EC1                     B4SIDH          equ	3777	;# 
   724   000EC2                     B4SIDL          equ	3778	;# 
   725   000EC3                     B4EIDH          equ	3779	;# 
   726   000EC4                     B4EIDL          equ	3780	;# 
   727   000EC5                     B4DLC           equ	3781	;# 
   728   000EC6                     B4D0            equ	3782	;# 
   729   000EC7                     B4D1            equ	3783	;# 
   730   000EC8                     B4D2            equ	3784	;# 
   731   000EC9                     B4D3            equ	3785	;# 
   732   000ECA                     B4D4            equ	3786	;# 
   733   000ECB                     B4D5            equ	3787	;# 
   734   000ECC                     B4D6            equ	3788	;# 
   735   000ECD                     B4D7            equ	3789	;# 
   736   000ECE                     CANSTAT_RO5     equ	3790	;# 
   737   000ECF                     CANCON_RO5      equ	3791	;# 
   738   000ED0                     B5CON           equ	3792	;# 
   739   000ED1                     B5SIDH          equ	3793	;# 
   740   000ED2                     B5SIDL          equ	3794	;# 
   741   000ED3                     B5EIDH          equ	3795	;# 
   742   000ED4                     B5EIDL          equ	3796	;# 
   743   000ED5                     B5DLC           equ	3797	;# 
   744   000ED6                     B5D0            equ	3798	;# 
   745   000ED7                     B5D1            equ	3799	;# 
   746   000ED8                     B5D2            equ	3800	;# 
   747   000ED9                     B5D3            equ	3801	;# 
   748   000EDA                     B5D4            equ	3802	;# 
   749   000EDB                     B5D5            equ	3803	;# 
   750   000EDC                     B5D6            equ	3804	;# 
   751   000EDD                     B5D7            equ	3805	;# 
   752   000EDE                     CANSTAT_RO4     equ	3806	;# 
   753   000EDF                     CANCON_RO4      equ	3807	;# 
   754   000EE0                     RXF0SIDH        equ	3808	;# 
   755   000EE1                     RXF0SIDL        equ	3809	;# 
   756   000EE2                     RXF0EIDH        equ	3810	;# 
   757   000EE3                     RXF0EIDL        equ	3811	;# 
   758   000EE4                     RXF1SIDH        equ	3812	;# 
   759   000EE5                     RXF1SIDL        equ	3813	;# 
   760   000EE6                     RXF1EIDH        equ	3814	;# 
   761   000EE7                     RXF1EIDL        equ	3815	;# 
   762   000EE8                     RXF2SIDH        equ	3816	;# 
   763   000EE9                     RXF2SIDL        equ	3817	;# 
   764   000EEA                     RXF2EIDH        equ	3818	;# 
   765   000EEB                     RXF2EIDL        equ	3819	;# 
   766   000EEC                     RXF3SIDH        equ	3820	;# 
   767   000EED                     RXF3SIDL        equ	3821	;# 
   768   000EEE                     RXF3EIDH        equ	3822	;# 
   769   000EEF                     RXF3EIDL        equ	3823	;# 
   770   000EF0                     RXF4SIDH        equ	3824	;# 
   771   000EF1                     RXF4SIDL        equ	3825	;# 
   772   000EF2                     RXF4EIDH        equ	3826	;# 
   773   000EF3                     RXF4EIDL        equ	3827	;# 
   774   000EF4                     RXF5SIDH        equ	3828	;# 
   775   000EF5                     RXF5SIDL        equ	3829	;# 
   776   000EF6                     RXF5EIDH        equ	3830	;# 
   777   000EF7                     RXF5EIDL        equ	3831	;# 
   778   000EF8                     RXM0SIDH        equ	3832	;# 
   779   000EF9                     RXM0SIDL        equ	3833	;# 
   780   000EFA                     RXM0EIDH        equ	3834	;# 
   781   000EFB                     RXM0EIDL        equ	3835	;# 
   782   000EFC                     RXM1SIDH        equ	3836	;# 
   783   000EFD                     RXM1SIDL        equ	3837	;# 
   784   000EFE                     RXM1EIDH        equ	3838	;# 
   785   000EFF                     RXM1EIDL        equ	3839	;# 
   786   000F00                     TXB2CON         equ	3840	;# 
   787   000F01                     TXB2SIDH        equ	3841	;# 
   788   000F02                     TXB2SIDL        equ	3842	;# 
   789   000F03                     TXB2EIDH        equ	3843	;# 
   790   000F04                     TXB2EIDL        equ	3844	;# 
   791   000F05                     TXB2DLC         equ	3845	;# 
   792   000F06                     TXB2D0          equ	3846	;# 
   793   000F07                     TXB2D1          equ	3847	;# 
   794   000F08                     TXB2D2          equ	3848	;# 
   795   000F09                     TXB2D3          equ	3849	;# 
   796   000F0A                     TXB2D4          equ	3850	;# 
   797   000F0B                     TXB2D5          equ	3851	;# 
   798   000F0C                     TXB2D6          equ	3852	;# 
   799   000F0D                     TXB2D7          equ	3853	;# 
   800   000F0E                     CANSTAT_RO3     equ	3854	;# 
   801   000F0F                     CANCON_RO3      equ	3855	;# 
   802   000F10                     TXB1CON         equ	3856	;# 
   803   000F11                     TXB1SIDH        equ	3857	;# 
   804   000F12                     TXB1SIDL        equ	3858	;# 
   805   000F13                     TXB1EIDH        equ	3859	;# 
   806   000F14                     TXB1EIDL        equ	3860	;# 
   807   000F15                     TXB1DLC         equ	3861	;# 
   808   000F16                     TXB1D0          equ	3862	;# 
   809   000F17                     TXB1D1          equ	3863	;# 
   810   000F18                     TXB1D2          equ	3864	;# 
   811   000F19                     TXB1D3          equ	3865	;# 
   812   000F1A                     TXB1D4          equ	3866	;# 
   813   000F1B                     TXB1D5          equ	3867	;# 
   814   000F1C                     TXB1D6          equ	3868	;# 
   815   000F1D                     TXB1D7          equ	3869	;# 
   816   000F1E                     CANSTAT_RO2     equ	3870	;# 
   817   000F1F                     CANCON_RO2      equ	3871	;# 
   818   000F20                     TXB0CON         equ	3872	;# 
   819   000F21                     TXB0SIDH        equ	3873	;# 
   820   000F22                     TXB0SIDL        equ	3874	;# 
   821   000F23                     TXB0EIDH        equ	3875	;# 
   822   000F24                     TXB0EIDL        equ	3876	;# 
   823   000F25                     TXB0DLC         equ	3877	;# 
   824   000F26                     TXB0D0          equ	3878	;# 
   825   000F27                     TXB0D1          equ	3879	;# 
   826   000F28                     TXB0D2          equ	3880	;# 
   827   000F29                     TXB0D3          equ	3881	;# 
   828   000F2A                     TXB0D4          equ	3882	;# 
   829   000F2B                     TXB0D5          equ	3883	;# 
   830   000F2C                     TXB0D6          equ	3884	;# 
   831   000F2D                     TXB0D7          equ	3885	;# 
   832   000F2E                     CANSTAT_RO1     equ	3886	;# 
   833   000F2F                     CANCON_RO1      equ	3887	;# 
   834   000F30                     RXB1CON         equ	3888	;# 
   835   000F31                     RXB1SIDH        equ	3889	;# 
   836   000F32                     RXB1SIDL        equ	3890	;# 
   837   000F33                     RXB1EIDH        equ	3891	;# 
   838   000F34                     RXB1EIDL        equ	3892	;# 
   839   000F35                     RXB1DLC         equ	3893	;# 
   840   000F36                     RXB1D0          equ	3894	;# 
   841   000F37                     RXB1D1          equ	3895	;# 
   842   000F38                     RXB1D2          equ	3896	;# 
   843   000F39                     RXB1D3          equ	3897	;# 
   844   000F3A                     RXB1D4          equ	3898	;# 
   845   000F3B                     RXB1D5          equ	3899	;# 
   846   000F3C                     RXB1D6          equ	3900	;# 
   847   000F3D                     RXB1D7          equ	3901	;# 
   848   000F3E                     CANSTAT_RO0     equ	3902	;# 
   849   000F3F                     CANCON_RO0      equ	3903	;# 
   850   000F47                     CCP5CON         equ	3911	;# 
   851   000F48                     CCPR5           equ	3912	;# 
   852   000F48                     CCPR5L          equ	3912	;# 
   853   000F49                     CCPR5H          equ	3913	;# 
   854   000F4A                     CCP4CON         equ	3914	;# 
   855   000F4B                     CCPR4           equ	3915	;# 
   856   000F4B                     CCPR4L          equ	3915	;# 
   857   000F4C                     CCPR4H          equ	3916	;# 
   858   000F4D                     CCP3CON         equ	3917	;# 
   859   000F4E                     CCPR3           equ	3918	;# 
   860   000F4E                     CCPR3L          equ	3918	;# 
   861   000F4F                     CCPR3H          equ	3919	;# 
   862   000F50                     CCP2CON         equ	3920	;# 
   863   000F50                     ECCP2CON        equ	3920	;# 
   864   000F51                     CCPR2           equ	3921	;# 
   865   000F51                     CCPR2L          equ	3921	;# 
   866   000F52                     CCPR2H          equ	3922	;# 
   867   000F53                     CTMUICON        equ	3923	;# 
   868   000F54                     CTMUCONL        equ	3924	;# 
   869   000F55                     CTMUCONH        equ	3925	;# 
   870   000F56                     PADCFG1         equ	3926	;# 
   871   000F57                     PMD2            equ	3927	;# 
   872   000F58                     PMD1            equ	3928	;# 
   873   000F59                     PMD0            equ	3929	;# 
   874   000F5A                     IOCB            equ	3930	;# 
   875   000F5B                     WPUB            equ	3931	;# 
   876   000F5C                     ANCON1          equ	3932	;# 
   877   000F5D                     ANCON0          equ	3933	;# 
   878   000F5E                     CM2CON          equ	3934	;# 
   879   000F5E                     CM2CON1         equ	3934	;# 
   880   000F5F                     CM1CON          equ	3935	;# 
   881   000F5F                     CM1CON1         equ	3935	;# 
   882   000F60                     RXB0CON         equ	3936	;# 
   883   000F61                     RXB0SIDH        equ	3937	;# 
   884   000F62                     RXB0SIDL        equ	3938	;# 
   885   000F63                     RXB0EIDH        equ	3939	;# 
   886   000F64                     RXB0EIDL        equ	3940	;# 
   887   000F65                     RXB0DLC         equ	3941	;# 
   888   000F66                     RXB0D0          equ	3942	;# 
   889   000F67                     RXB0D1          equ	3943	;# 
   890   000F68                     RXB0D2          equ	3944	;# 
   891   000F69                     RXB0D3          equ	3945	;# 
   892   000F6A                     RXB0D4          equ	3946	;# 
   893   000F6B                     RXB0D5          equ	3947	;# 
   894   000F6C                     RXB0D6          equ	3948	;# 
   895   000F6D                     RXB0D7          equ	3949	;# 
   896   000F6E                     CANSTAT         equ	3950	;# 
   897   000F6F                     CANCON          equ	3951	;# 
   898   000F70                     CIOCON          equ	3952	;# 
   899   000F71                     COMSTAT         equ	3953	;# 
   900   000F72                     ECANCON         equ	3954	;# 
   901   000F73                     EEDATA          equ	3955	;# 
   902   000F74                     EEADR           equ	3956	;# 
   903   000F75                     EEADRH          equ	3957	;# 
   904   000F76                     PIE5            equ	3958	;# 
   905   000F77                     PIR5            equ	3959	;# 
   906   000F78                     IPR5            equ	3960	;# 
   907   000F79                     TXREG2          equ	3961	;# 
   908   000F7A                     RCREG2          equ	3962	;# 
   909   000F7B                     SPBRG2          equ	3963	;# 
   910   000F7C                     SPBRGH2         equ	3964	;# 
   911   000F7D                     SPBRGH1         equ	3965	;# 
   912   000F7E                     EECON2          equ	3966	;# 
   913   000F7F                     EECON1          equ	3967	;# 
   914   000F80                     PORTA           equ	3968	;# 
   915   000F81                     PORTB           equ	3969	;# 
   916   000F82                     PORTC           equ	3970	;# 
   917   000F84                     PORTE           equ	3972	;# 
   918   000F87                     TMR4            equ	3975	;# 
   919   000F88                     T4CON           equ	3976	;# 
   920   000F89                     LATA            equ	3977	;# 
   921   000F8A                     LATB            equ	3978	;# 
   922   000F8B                     LATC            equ	3979	;# 
   923   000F90                     SLRCON          equ	3984	;# 
   924   000F91                     ODCON           equ	3985	;# 
   925   000F92                     TRISA           equ	3986	;# 
   926   000F93                     TRISB           equ	3987	;# 
   927   000F94                     TRISC           equ	3988	;# 
   928   000F99                     CCPTMRS         equ	3993	;# 
   929   000F9A                     REFOCON         equ	3994	;# 
   930   000F9B                     OSCTUNE         equ	3995	;# 
   931   000F9C                     PSTR1CON        equ	3996	;# 
   932   000F9D                     PIE1            equ	3997	;# 
   933   000F9E                     PIR1            equ	3998	;# 
   934   000F9F                     IPR1            equ	3999	;# 
   935   000FA0                     PIE2            equ	4000	;# 
   936   000FA1                     PIR2            equ	4001	;# 
   937   000FA2                     IPR2            equ	4002	;# 
   938   000FA3                     PIE3            equ	4003	;# 
   939   000FA4                     PIR3            equ	4004	;# 
   940   000FA5                     IPR3            equ	4005	;# 
   941   000FA6                     RCSTA2          equ	4006	;# 
   942   000FA7                     BAUDCON1        equ	4007	;# 
   943   000FA8                     HLVDCON         equ	4008	;# 
   944   000FA9                     PR4             equ	4009	;# 
   945   000FAA                     T1GCON          equ	4010	;# 
   946   000FAB                     RCSTA1          equ	4011	;# 
   947   000FAB                     RCSTA           equ	4011	;# 
   948   000FAC                     TXSTA1          equ	4012	;# 
   949   000FAC                     TXSTA           equ	4012	;# 
   950   000FAD                     TXREG1          equ	4013	;# 
   951   000FAD                     TXREG           equ	4013	;# 
   952   000FAE                     RCREG1          equ	4014	;# 
   953   000FAE                     RCREG           equ	4014	;# 
   954   000FAF                     SPBRG1          equ	4015	;# 
   955   000FAF                     SPBRG           equ	4015	;# 
   956   000FB0                     T3GCON          equ	4016	;# 
   957   000FB1                     T3CON           equ	4017	;# 
   958   000FB2                     TMR3            equ	4018	;# 
   959   000FB2                     TMR3L           equ	4018	;# 
   960   000FB3                     TMR3H           equ	4019	;# 
   961   000FB4                     CMSTAT          equ	4020	;# 
   962   000FB4                     CMSTATUS        equ	4020	;# 
   963   000FB5                     CVRCON          equ	4021	;# 
   964   000FB6                     PIE4            equ	4022	;# 
   965   000FB7                     PIR4            equ	4023	;# 
   966   000FB8                     IPR4            equ	4024	;# 
   967   000FB9                     BAUDCON2        equ	4025	;# 
   968   000FBA                     TXSTA2          equ	4026	;# 
   969   000FBB                     CCP1CON         equ	4027	;# 
   970   000FBB                     ECCP1CON        equ	4027	;# 
   971   000FBC                     CCPR1           equ	4028	;# 
   972   000FBC                     CCPR1L          equ	4028	;# 
   973   000FBD                     CCPR1H          equ	4029	;# 
   974   000FBE                     ECCP1DEL        equ	4030	;# 
   975   000FBE                     PWM1CON         equ	4030	;# 
   976   000FBF                     ECCP1AS         equ	4031	;# 
   977   000FC0                     ADCON2          equ	4032	;# 
   978   000FC1                     ADCON1          equ	4033	;# 
   979   000FC2                     ADCON0          equ	4034	;# 
   980   000FC3                     ADRES           equ	4035	;# 
   981   000FC3                     ADRESL          equ	4035	;# 
   982   000FC4                     ADRESH          equ	4036	;# 
   983   000FC5                     SSPCON2         equ	4037	;# 
   984   000FC6                     SSPCON1         equ	4038	;# 
   985   000FC7                     SSPSTAT         equ	4039	;# 
   986   000FC8                     SSPADD          equ	4040	;# 
   987   000FC9                     SSPBUF          equ	4041	;# 
   988   000FCA                     T2CON           equ	4042	;# 
   989   000FCB                     PR2             equ	4043	;# 
   990   000FCB                     MEMCON          equ	4043	;# 
   991   000FCC                     TMR2            equ	4044	;# 
   992   000FCD                     T1CON           equ	4045	;# 
   993   000FCE                     TMR1            equ	4046	;# 
   994   000FCE                     TMR1L           equ	4046	;# 
   995   000FCF                     TMR1H           equ	4047	;# 
   996   000FD0                     RCON            equ	4048	;# 
   997   000FD1                     WDTCON          equ	4049	;# 
   998   000FD2                     OSCCON2         equ	4050	;# 
   999   000FD3                     OSCCON          equ	4051	;# 
  1000   000FD5                     T0CON           equ	4053	;# 
  1001   000FD6                     TMR0            equ	4054	;# 
  1002   000FD6                     TMR0L           equ	4054	;# 
  1003   000FD7                     TMR0H           equ	4055	;# 
  1004   000FD8                     STATUS          equ	4056	;# 
  1005   000FD9                     FSR2            equ	4057	;# 
  1006   000FD9                     FSR2L           equ	4057	;# 
  1007   000FDA                     FSR2H           equ	4058	;# 
  1008   000FDB                     PLUSW2          equ	4059	;# 
  1009   000FDC                     PREINC2         equ	4060	;# 
  1010   000FDD                     POSTDEC2        equ	4061	;# 
  1011   000FDE                     POSTINC2        equ	4062	;# 
  1012   000FDF                     INDF2           equ	4063	;# 
  1013   000FE0                     BSR             equ	4064	;# 
  1014   000FE1                     FSR1            equ	4065	;# 
  1015   000FE1                     FSR1L           equ	4065	;# 
  1016   000FE2                     FSR1H           equ	4066	;# 
  1017   000FE3                     PLUSW1          equ	4067	;# 
  1018   000FE4                     PREINC1         equ	4068	;# 
  1019   000FE5                     POSTDEC1        equ	4069	;# 
  1020   000FE6                     POSTINC1        equ	4070	;# 
  1021   000FE7                     INDF1           equ	4071	;# 
  1022   000FE8                     WREG            equ	4072	;# 
  1023   000FE9                     FSR0            equ	4073	;# 
  1024   000FE9                     FSR0L           equ	4073	;# 
  1025   000FEA                     FSR0H           equ	4074	;# 
  1026   000FEB                     PLUSW0          equ	4075	;# 
  1027   000FEC                     PREINC0         equ	4076	;# 
  1028   000FED                     POSTDEC0        equ	4077	;# 
  1029   000FEE                     POSTINC0        equ	4078	;# 
  1030   000FEF                     INDF0           equ	4079	;# 
  1031   000FF0                     INTCON3         equ	4080	;# 
  1032   000FF1                     INTCON2         equ	4081	;# 
  1033   000FF2                     INTCON          equ	4082	;# 
  1034   000FF2                     INTCON1         equ	4082	;# 
  1035   000FF3                     PROD            equ	4083	;# 
  1036   000FF3                     PRODL           equ	4083	;# 
  1037   000FF4                     PRODH           equ	4084	;# 
  1038   000FF5                     TABLAT          equ	4085	;# 
  1039   000FF6                     TBLPTR          equ	4086	;# 
  1040   000FF6                     TBLPTRL         equ	4086	;# 
  1041   000FF7                     TBLPTRH         equ	4087	;# 
  1042   000FF8                     TBLPTRU         equ	4088	;# 
  1043   000FF9                     PCLAT           equ	4089	;# 
  1044   000FF9                     PC              equ	4089	;# 
  1045   000FF9                     PCL             equ	4089	;# 
  1046   000FFA                     PCLATH          equ	4090	;# 
  1047   000FFB                     PCLATU          equ	4091	;# 
  1048   000FFC                     STKPTR          equ	4092	;# 
  1049   000FFD                     TOS             equ	4093	;# 
  1050   000FFD                     TOSL            equ	4093	;# 
  1051   000FFE                     TOSH            equ	4094	;# 
  1052   000FFF                     TOSU            equ	4095	;# 
  1053   000E41                     RXERRCNT        equ	3649	;# 
  1054   000E42                     TXERRCNT        equ	3650	;# 
  1055   000E43                     BRGCON1         equ	3651	;# 
  1056   000E44                     BRGCON2         equ	3652	;# 
  1057   000E45                     BRGCON3         equ	3653	;# 
  1058   000E46                     RXFCON0         equ	3654	;# 
  1059   000E47                     RXFCON1         equ	3655	;# 
  1060   000E48                     RXF6SIDH        equ	3656	;# 
  1061   000E49                     RXF6SIDL        equ	3657	;# 
  1062   000E4A                     RXF6EIDH        equ	3658	;# 
  1063   000E4B                     RXF6EIDL        equ	3659	;# 
  1064   000E4C                     RXF7SIDH        equ	3660	;# 
  1065   000E4D                     RXF7SIDL        equ	3661	;# 
  1066   000E4E                     RXF7EIDH        equ	3662	;# 
  1067   000E4F                     RXF7EIDL        equ	3663	;# 
  1068   000E50                     RXF8SIDH        equ	3664	;# 
  1069   000E51                     RXF8SIDL        equ	3665	;# 
  1070   000E52                     RXF8EIDH        equ	3666	;# 
  1071   000E53                     RXF8EIDL        equ	3667	;# 
  1072   000E54                     RXF9SIDH        equ	3668	;# 
  1073   000E55                     RXF9SIDL        equ	3669	;# 
  1074   000E56                     RXF9EIDH        equ	3670	;# 
  1075   000E57                     RXF9EIDL        equ	3671	;# 
  1076   000E58                     RXF10SIDH       equ	3672	;# 
  1077   000E59                     RXF10SIDL       equ	3673	;# 
  1078   000E5A                     RXF10EIDH       equ	3674	;# 
  1079   000E5B                     RXF10EIDL       equ	3675	;# 
  1080   000E5C                     RXF11SIDH       equ	3676	;# 
  1081   000E5D                     RXF11SIDL       equ	3677	;# 
  1082   000E5E                     RXF11EIDH       equ	3678	;# 
  1083   000E5F                     RXF11EIDL       equ	3679	;# 
  1084   000E60                     RXF12SIDH       equ	3680	;# 
  1085   000E61                     RXF12SIDL       equ	3681	;# 
  1086   000E62                     RXF12EIDH       equ	3682	;# 
  1087   000E63                     RXF12EIDL       equ	3683	;# 
  1088   000E64                     RXF13SIDH       equ	3684	;# 
  1089   000E65                     RXF13SIDL       equ	3685	;# 
  1090   000E66                     RXF13EIDH       equ	3686	;# 
  1091   000E67                     RXF13EIDL       equ	3687	;# 
  1092   000E68                     RXF14SIDH       equ	3688	;# 
  1093   000E69                     RXF14SIDL       equ	3689	;# 
  1094   000E6A                     RXF14EIDH       equ	3690	;# 
  1095   000E6B                     RXF14EIDL       equ	3691	;# 
  1096   000E6C                     RXF15SIDH       equ	3692	;# 
  1097   000E6D                     RXF15SIDL       equ	3693	;# 
  1098   000E6E                     RXF15EIDH       equ	3694	;# 
  1099   000E6F                     RXF15EIDL       equ	3695	;# 
  1100   000E70                     SDFLC           equ	3696	;# 
  1101   000E71                     RXFBCON0        equ	3697	;# 
  1102   000E72                     RXFBCON1        equ	3698	;# 
  1103   000E73                     RXFBCON2        equ	3699	;# 
  1104   000E74                     RXFBCON3        equ	3700	;# 
  1105   000E75                     RXFBCON4        equ	3701	;# 
  1106   000E76                     RXFBCON5        equ	3702	;# 
  1107   000E77                     RXFBCON6        equ	3703	;# 
  1108   000E78                     RXFBCON7        equ	3704	;# 
  1109   000E79                     MSEL0           equ	3705	;# 
  1110   000E7A                     MSEL1           equ	3706	;# 
  1111   000E7B                     MSEL2           equ	3707	;# 
  1112   000E7C                     MSEL3           equ	3708	;# 
  1113   000E7D                     BSEL0           equ	3709	;# 
  1114   000E7E                     BIE0            equ	3710	;# 
  1115   000E7F                     TXBIE           equ	3711	;# 
  1116   000E80                     B0CON           equ	3712	;# 
  1117   000E81                     B0SIDH          equ	3713	;# 
  1118   000E82                     B0SIDL          equ	3714	;# 
  1119   000E83                     B0EIDH          equ	3715	;# 
  1120   000E84                     B0EIDL          equ	3716	;# 
  1121   000E85                     B0DLC           equ	3717	;# 
  1122   000E86                     B0D0            equ	3718	;# 
  1123   000E87                     B0D1            equ	3719	;# 
  1124   000E88                     B0D2            equ	3720	;# 
  1125   000E89                     B0D3            equ	3721	;# 
  1126   000E8A                     B0D4            equ	3722	;# 
  1127   000E8B                     B0D5            equ	3723	;# 
  1128   000E8C                     B0D6            equ	3724	;# 
  1129   000E8D                     B0D7            equ	3725	;# 
  1130   000E8E                     CANSTAT_RO9     equ	3726	;# 
  1131   000E8F                     CANCON_RO9      equ	3727	;# 
  1132   000E90                     B1CON           equ	3728	;# 
  1133   000E91                     B1SIDH          equ	3729	;# 
  1134   000E92                     B1SIDL          equ	3730	;# 
  1135   000E93                     B1EIDH          equ	3731	;# 
  1136   000E94                     B1EIDL          equ	3732	;# 
  1137   000E95                     B1DLC           equ	3733	;# 
  1138   000E96                     B1D0            equ	3734	;# 
  1139   000E97                     B1D1            equ	3735	;# 
  1140   000E98                     B1D2            equ	3736	;# 
  1141   000E99                     B1D3            equ	3737	;# 
  1142   000E9A                     B1D4            equ	3738	;# 
  1143   000E9B                     B1D5            equ	3739	;# 
  1144   000E9C                     B1D6            equ	3740	;# 
  1145   000E9D                     B1D7            equ	3741	;# 
  1146   000E9E                     CANSTAT_RO8     equ	3742	;# 
  1147   000E9F                     CANCON_RO8      equ	3743	;# 
  1148   000EA0                     B2CON           equ	3744	;# 
  1149   000EA1                     B2SIDH          equ	3745	;# 
  1150   000EA2                     B2SIDL          equ	3746	;# 
  1151   000EA3                     B2EIDH          equ	3747	;# 
  1152   000EA4                     B2EIDL          equ	3748	;# 
  1153   000EA5                     B2DLC           equ	3749	;# 
  1154   000EA6                     B2D0            equ	3750	;# 
  1155   000EA7                     B2D1            equ	3751	;# 
  1156   000EA8                     B2D2            equ	3752	;# 
  1157   000EA9                     B2D3            equ	3753	;# 
  1158   000EAA                     B2D4            equ	3754	;# 
  1159   000EAB                     B2D5            equ	3755	;# 
  1160   000EAC                     B2D6            equ	3756	;# 
  1161   000EAD                     B2D7            equ	3757	;# 
  1162   000EAE                     CANSTAT_RO7     equ	3758	;# 
  1163   000EAF                     CANCON_RO7      equ	3759	;# 
  1164   000EB0                     B3CON           equ	3760	;# 
  1165   000EB1                     B3SIDH          equ	3761	;# 
  1166   000EB2                     B3SIDL          equ	3762	;# 
  1167   000EB3                     B3EIDH          equ	3763	;# 
  1168   000EB4                     B3EIDL          equ	3764	;# 
  1169   000EB5                     B3DLC           equ	3765	;# 
  1170   000EB6                     B3D0            equ	3766	;# 
  1171   000EB7                     B3D1            equ	3767	;# 
  1172   000EB8                     B3D2            equ	3768	;# 
  1173   000EB9                     B3D3            equ	3769	;# 
  1174   000EBA                     B3D4            equ	3770	;# 
  1175   000EBB                     B3D5            equ	3771	;# 
  1176   000EBC                     B3D6            equ	3772	;# 
  1177   000EBD                     B3D7            equ	3773	;# 
  1178   000EBE                     CANSTAT_RO6     equ	3774	;# 
  1179   000EBF                     CANCON_RO6      equ	3775	;# 
  1180   000EC0                     B4CON           equ	3776	;# 
  1181   000EC1                     B4SIDH          equ	3777	;# 
  1182   000EC2                     B4SIDL          equ	3778	;# 
  1183   000EC3                     B4EIDH          equ	3779	;# 
  1184   000EC4                     B4EIDL          equ	3780	;# 
  1185   000EC5                     B4DLC           equ	3781	;# 
  1186   000EC6                     B4D0            equ	3782	;# 
  1187   000EC7                     B4D1            equ	3783	;# 
  1188   000EC8                     B4D2            equ	3784	;# 
  1189   000EC9                     B4D3            equ	3785	;# 
  1190   000ECA                     B4D4            equ	3786	;# 
  1191   000ECB                     B4D5            equ	3787	;# 
  1192   000ECC                     B4D6            equ	3788	;# 
  1193   000ECD                     B4D7            equ	3789	;# 
  1194   000ECE                     CANSTAT_RO5     equ	3790	;# 
  1195   000ECF                     CANCON_RO5      equ	3791	;# 
  1196   000ED0                     B5CON           equ	3792	;# 
  1197   000ED1                     B5SIDH          equ	3793	;# 
  1198   000ED2                     B5SIDL          equ	3794	;# 
  1199   000ED3                     B5EIDH          equ	3795	;# 
  1200   000ED4                     B5EIDL          equ	3796	;# 
  1201   000ED5                     B5DLC           equ	3797	;# 
  1202   000ED6                     B5D0            equ	3798	;# 
  1203   000ED7                     B5D1            equ	3799	;# 
  1204   000ED8                     B5D2            equ	3800	;# 
  1205   000ED9                     B5D3            equ	3801	;# 
  1206   000EDA                     B5D4            equ	3802	;# 
  1207   000EDB                     B5D5            equ	3803	;# 
  1208   000EDC                     B5D6            equ	3804	;# 
  1209   000EDD                     B5D7            equ	3805	;# 
  1210   000EDE                     CANSTAT_RO4     equ	3806	;# 
  1211   000EDF                     CANCON_RO4      equ	3807	;# 
  1212   000EE0                     RXF0SIDH        equ	3808	;# 
  1213   000EE1                     RXF0SIDL        equ	3809	;# 
  1214   000EE2                     RXF0EIDH        equ	3810	;# 
  1215   000EE3                     RXF0EIDL        equ	3811	;# 
  1216   000EE4                     RXF1SIDH        equ	3812	;# 
  1217   000EE5                     RXF1SIDL        equ	3813	;# 
  1218   000EE6                     RXF1EIDH        equ	3814	;# 
  1219   000EE7                     RXF1EIDL        equ	3815	;# 
  1220   000EE8                     RXF2SIDH        equ	3816	;# 
  1221   000EE9                     RXF2SIDL        equ	3817	;# 
  1222   000EEA                     RXF2EIDH        equ	3818	;# 
  1223   000EEB                     RXF2EIDL        equ	3819	;# 
  1224   000EEC                     RXF3SIDH        equ	3820	;# 
  1225   000EED                     RXF3SIDL        equ	3821	;# 
  1226   000EEE                     RXF3EIDH        equ	3822	;# 
  1227   000EEF                     RXF3EIDL        equ	3823	;# 
  1228   000EF0                     RXF4SIDH        equ	3824	;# 
  1229   000EF1                     RXF4SIDL        equ	3825	;# 
  1230   000EF2                     RXF4EIDH        equ	3826	;# 
  1231   000EF3                     RXF4EIDL        equ	3827	;# 
  1232   000EF4                     RXF5SIDH        equ	3828	;# 
  1233   000EF5                     RXF5SIDL        equ	3829	;# 
  1234   000EF6                     RXF5EIDH        equ	3830	;# 
  1235   000EF7                     RXF5EIDL        equ	3831	;# 
  1236   000EF8                     RXM0SIDH        equ	3832	;# 
  1237   000EF9                     RXM0SIDL        equ	3833	;# 
  1238   000EFA                     RXM0EIDH        equ	3834	;# 
  1239   000EFB                     RXM0EIDL        equ	3835	;# 
  1240   000EFC                     RXM1SIDH        equ	3836	;# 
  1241   000EFD                     RXM1SIDL        equ	3837	;# 
  1242   000EFE                     RXM1EIDH        equ	3838	;# 
  1243   000EFF                     RXM1EIDL        equ	3839	;# 
  1244   000F00                     TXB2CON         equ	3840	;# 
  1245   000F01                     TXB2SIDH        equ	3841	;# 
  1246   000F02                     TXB2SIDL        equ	3842	;# 
  1247   000F03                     TXB2EIDH        equ	3843	;# 
  1248   000F04                     TXB2EIDL        equ	3844	;# 
  1249   000F05                     TXB2DLC         equ	3845	;# 
  1250   000F06                     TXB2D0          equ	3846	;# 
  1251   000F07                     TXB2D1          equ	3847	;# 
  1252   000F08                     TXB2D2          equ	3848	;# 
  1253   000F09                     TXB2D3          equ	3849	;# 
  1254   000F0A                     TXB2D4          equ	3850	;# 
  1255   000F0B                     TXB2D5          equ	3851	;# 
  1256   000F0C                     TXB2D6          equ	3852	;# 
  1257   000F0D                     TXB2D7          equ	3853	;# 
  1258   000F0E                     CANSTAT_RO3     equ	3854	;# 
  1259   000F0F                     CANCON_RO3      equ	3855	;# 
  1260   000F10                     TXB1CON         equ	3856	;# 
  1261   000F11                     TXB1SIDH        equ	3857	;# 
  1262   000F12                     TXB1SIDL        equ	3858	;# 
  1263   000F13                     TXB1EIDH        equ	3859	;# 
  1264   000F14                     TXB1EIDL        equ	3860	;# 
  1265   000F15                     TXB1DLC         equ	3861	;# 
  1266   000F16                     TXB1D0          equ	3862	;# 
  1267   000F17                     TXB1D1          equ	3863	;# 
  1268   000F18                     TXB1D2          equ	3864	;# 
  1269   000F19                     TXB1D3          equ	3865	;# 
  1270   000F1A                     TXB1D4          equ	3866	;# 
  1271   000F1B                     TXB1D5          equ	3867	;# 
  1272   000F1C                     TXB1D6          equ	3868	;# 
  1273   000F1D                     TXB1D7          equ	3869	;# 
  1274   000F1E                     CANSTAT_RO2     equ	3870	;# 
  1275   000F1F                     CANCON_RO2      equ	3871	;# 
  1276   000F20                     TXB0CON         equ	3872	;# 
  1277   000F21                     TXB0SIDH        equ	3873	;# 
  1278   000F22                     TXB0SIDL        equ	3874	;# 
  1279   000F23                     TXB0EIDH        equ	3875	;# 
  1280   000F24                     TXB0EIDL        equ	3876	;# 
  1281   000F25                     TXB0DLC         equ	3877	;# 
  1282   000F26                     TXB0D0          equ	3878	;# 
  1283   000F27                     TXB0D1          equ	3879	;# 
  1284   000F28                     TXB0D2          equ	3880	;# 
  1285   000F29                     TXB0D3          equ	3881	;# 
  1286   000F2A                     TXB0D4          equ	3882	;# 
  1287   000F2B                     TXB0D5          equ	3883	;# 
  1288   000F2C                     TXB0D6          equ	3884	;# 
  1289   000F2D                     TXB0D7          equ	3885	;# 
  1290   000F2E                     CANSTAT_RO1     equ	3886	;# 
  1291   000F2F                     CANCON_RO1      equ	3887	;# 
  1292   000F30                     RXB1CON         equ	3888	;# 
  1293   000F31                     RXB1SIDH        equ	3889	;# 
  1294   000F32                     RXB1SIDL        equ	3890	;# 
  1295   000F33                     RXB1EIDH        equ	3891	;# 
  1296   000F34                     RXB1EIDL        equ	3892	;# 
  1297   000F35                     RXB1DLC         equ	3893	;# 
  1298   000F36                     RXB1D0          equ	3894	;# 
  1299   000F37                     RXB1D1          equ	3895	;# 
  1300   000F38                     RXB1D2          equ	3896	;# 
  1301   000F39                     RXB1D3          equ	3897	;# 
  1302   000F3A                     RXB1D4          equ	3898	;# 
  1303   000F3B                     RXB1D5          equ	3899	;# 
  1304   000F3C                     RXB1D6          equ	3900	;# 
  1305   000F3D                     RXB1D7          equ	3901	;# 
  1306   000F3E                     CANSTAT_RO0     equ	3902	;# 
  1307   000F3F                     CANCON_RO0      equ	3903	;# 
  1308   000F47                     CCP5CON         equ	3911	;# 
  1309   000F48                     CCPR5           equ	3912	;# 
  1310   000F48                     CCPR5L          equ	3912	;# 
  1311   000F49                     CCPR5H          equ	3913	;# 
  1312   000F4A                     CCP4CON         equ	3914	;# 
  1313   000F4B                     CCPR4           equ	3915	;# 
  1314   000F4B                     CCPR4L          equ	3915	;# 
  1315   000F4C                     CCPR4H          equ	3916	;# 
  1316   000F4D                     CCP3CON         equ	3917	;# 
  1317   000F4E                     CCPR3           equ	3918	;# 
  1318   000F4E                     CCPR3L          equ	3918	;# 
  1319   000F4F                     CCPR3H          equ	3919	;# 
  1320   000F50                     CCP2CON         equ	3920	;# 
  1321   000F50                     ECCP2CON        equ	3920	;# 
  1322   000F51                     CCPR2           equ	3921	;# 
  1323   000F51                     CCPR2L          equ	3921	;# 
  1324   000F52                     CCPR2H          equ	3922	;# 
  1325   000F53                     CTMUICON        equ	3923	;# 
  1326   000F54                     CTMUCONL        equ	3924	;# 
  1327   000F55                     CTMUCONH        equ	3925	;# 
  1328   000F56                     PADCFG1         equ	3926	;# 
  1329   000F57                     PMD2            equ	3927	;# 
  1330   000F58                     PMD1            equ	3928	;# 
  1331   000F59                     PMD0            equ	3929	;# 
  1332   000F5A                     IOCB            equ	3930	;# 
  1333   000F5B                     WPUB            equ	3931	;# 
  1334   000F5C                     ANCON1          equ	3932	;# 
  1335   000F5D                     ANCON0          equ	3933	;# 
  1336   000F5E                     CM2CON          equ	3934	;# 
  1337   000F5E                     CM2CON1         equ	3934	;# 
  1338   000F5F                     CM1CON          equ	3935	;# 
  1339   000F5F                     CM1CON1         equ	3935	;# 
  1340   000F60                     RXB0CON         equ	3936	;# 
  1341   000F61                     RXB0SIDH        equ	3937	;# 
  1342   000F62                     RXB0SIDL        equ	3938	;# 
  1343   000F63                     RXB0EIDH        equ	3939	;# 
  1344   000F64                     RXB0EIDL        equ	3940	;# 
  1345   000F65                     RXB0DLC         equ	3941	;# 
  1346   000F66                     RXB0D0          equ	3942	;# 
  1347   000F67                     RXB0D1          equ	3943	;# 
  1348   000F68                     RXB0D2          equ	3944	;# 
  1349   000F69                     RXB0D3          equ	3945	;# 
  1350   000F6A                     RXB0D4          equ	3946	;# 
  1351   000F6B                     RXB0D5          equ	3947	;# 
  1352   000F6C                     RXB0D6          equ	3948	;# 
  1353   000F6D                     RXB0D7          equ	3949	;# 
  1354   000F6E                     CANSTAT         equ	3950	;# 
  1355   000F6F                     CANCON          equ	3951	;# 
  1356   000F70                     CIOCON          equ	3952	;# 
  1357   000F71                     COMSTAT         equ	3953	;# 
  1358   000F72                     ECANCON         equ	3954	;# 
  1359   000F73                     EEDATA          equ	3955	;# 
  1360   000F74                     EEADR           equ	3956	;# 
  1361   000F75                     EEADRH          equ	3957	;# 
  1362   000F76                     PIE5            equ	3958	;# 
  1363   000F77                     PIR5            equ	3959	;# 
  1364   000F78                     IPR5            equ	3960	;# 
  1365   000F79                     TXREG2          equ	3961	;# 
  1366   000F7A                     RCREG2          equ	3962	;# 
  1367   000F7B                     SPBRG2          equ	3963	;# 
  1368   000F7C                     SPBRGH2         equ	3964	;# 
  1369   000F7D                     SPBRGH1         equ	3965	;# 
  1370   000F7E                     EECON2          equ	3966	;# 
  1371   000F7F                     EECON1          equ	3967	;# 
  1372   000F80                     PORTA           equ	3968	;# 
  1373   000F81                     PORTB           equ	3969	;# 
  1374   000F82                     PORTC           equ	3970	;# 
  1375   000F84                     PORTE           equ	3972	;# 
  1376   000F87                     TMR4            equ	3975	;# 
  1377   000F88                     T4CON           equ	3976	;# 
  1378   000F89                     LATA            equ	3977	;# 
  1379   000F8A                     LATB            equ	3978	;# 
  1380   000F8B                     LATC            equ	3979	;# 
  1381   000F90                     SLRCON          equ	3984	;# 
  1382   000F91                     ODCON           equ	3985	;# 
  1383   000F92                     TRISA           equ	3986	;# 
  1384   000F93                     TRISB           equ	3987	;# 
  1385   000F94                     TRISC           equ	3988	;# 
  1386   000F99                     CCPTMRS         equ	3993	;# 
  1387   000F9A                     REFOCON         equ	3994	;# 
  1388   000F9B                     OSCTUNE         equ	3995	;# 
  1389   000F9C                     PSTR1CON        equ	3996	;# 
  1390   000F9D                     PIE1            equ	3997	;# 
  1391   000F9E                     PIR1            equ	3998	;# 
  1392   000F9F                     IPR1            equ	3999	;# 
  1393   000FA0                     PIE2            equ	4000	;# 
  1394   000FA1                     PIR2            equ	4001	;# 
  1395   000FA2                     IPR2            equ	4002	;# 
  1396   000FA3                     PIE3            equ	4003	;# 
  1397   000FA4                     PIR3            equ	4004	;# 
  1398   000FA5                     IPR3            equ	4005	;# 
  1399   000FA6                     RCSTA2          equ	4006	;# 
  1400   000FA7                     BAUDCON1        equ	4007	;# 
  1401   000FA8                     HLVDCON         equ	4008	;# 
  1402   000FA9                     PR4             equ	4009	;# 
  1403   000FAA                     T1GCON          equ	4010	;# 
  1404   000FAB                     RCSTA1          equ	4011	;# 
  1405   000FAB                     RCSTA           equ	4011	;# 
  1406   000FAC                     TXSTA1          equ	4012	;# 
  1407   000FAC                     TXSTA           equ	4012	;# 
  1408   000FAD                     TXREG1          equ	4013	;# 
  1409   000FAD                     TXREG           equ	4013	;# 
  1410   000FAE                     RCREG1          equ	4014	;# 
  1411   000FAE                     RCREG           equ	4014	;# 
  1412   000FAF                     SPBRG1          equ	4015	;# 
  1413   000FAF                     SPBRG           equ	4015	;# 
  1414   000FB0                     T3GCON          equ	4016	;# 
  1415   000FB1                     T3CON           equ	4017	;# 
  1416   000FB2                     TMR3            equ	4018	;# 
  1417   000FB2                     TMR3L           equ	4018	;# 
  1418   000FB3                     TMR3H           equ	4019	;# 
  1419   000FB4                     CMSTAT          equ	4020	;# 
  1420   000FB4                     CMSTATUS        equ	4020	;# 
  1421   000FB5                     CVRCON          equ	4021	;# 
  1422   000FB6                     PIE4            equ	4022	;# 
  1423   000FB7                     PIR4            equ	4023	;# 
  1424   000FB8                     IPR4            equ	4024	;# 
  1425   000FB9                     BAUDCON2        equ	4025	;# 
  1426   000FBA                     TXSTA2          equ	4026	;# 
  1427   000FBB                     CCP1CON         equ	4027	;# 
  1428   000FBB                     ECCP1CON        equ	4027	;# 
  1429   000FBC                     CCPR1           equ	4028	;# 
  1430   000FBC                     CCPR1L          equ	4028	;# 
  1431   000FBD                     CCPR1H          equ	4029	;# 
  1432   000FBE                     ECCP1DEL        equ	4030	;# 
  1433   000FBE                     PWM1CON         equ	4030	;# 
  1434   000FBF                     ECCP1AS         equ	4031	;# 
  1435   000FC0                     ADCON2          equ	4032	;# 
  1436   000FC1                     ADCON1          equ	4033	;# 
  1437   000FC2                     ADCON0          equ	4034	;# 
  1438   000FC3                     ADRES           equ	4035	;# 
  1439   000FC3                     ADRESL          equ	4035	;# 
  1440   000FC4                     ADRESH          equ	4036	;# 
  1441   000FC5                     SSPCON2         equ	4037	;# 
  1442   000FC6                     SSPCON1         equ	4038	;# 
  1443   000FC7                     SSPSTAT         equ	4039	;# 
  1444   000FC8                     SSPADD          equ	4040	;# 
  1445   000FC9                     SSPBUF          equ	4041	;# 
  1446   000FCA                     T2CON           equ	4042	;# 
  1447   000FCB                     PR2             equ	4043	;# 
  1448   000FCB                     MEMCON          equ	4043	;# 
  1449   000FCC                     TMR2            equ	4044	;# 
  1450   000FCD                     T1CON           equ	4045	;# 
  1451   000FCE                     TMR1            equ	4046	;# 
  1452   000FCE                     TMR1L           equ	4046	;# 
  1453   000FCF                     TMR1H           equ	4047	;# 
  1454   000FD0                     RCON            equ	4048	;# 
  1455   000FD1                     WDTCON          equ	4049	;# 
  1456   000FD2                     OSCCON2         equ	4050	;# 
  1457   000FD3                     OSCCON          equ	4051	;# 
  1458   000FD5                     T0CON           equ	4053	;# 
  1459   000FD6                     TMR0            equ	4054	;# 
  1460   000FD6                     TMR0L           equ	4054	;# 
  1461   000FD7                     TMR0H           equ	4055	;# 
  1462   000FD8                     STATUS          equ	4056	;# 
  1463   000FD9                     FSR2            equ	4057	;# 
  1464   000FD9                     FSR2L           equ	4057	;# 
  1465   000FDA                     FSR2H           equ	4058	;# 
  1466   000FDB                     PLUSW2          equ	4059	;# 
  1467   000FDC                     PREINC2         equ	4060	;# 
  1468   000FDD                     POSTDEC2        equ	4061	;# 
  1469   000FDE                     POSTINC2        equ	4062	;# 
  1470   000FDF                     INDF2           equ	4063	;# 
  1471   000FE0                     BSR             equ	4064	;# 
  1472   000FE1                     FSR1            equ	4065	;# 
  1473   000FE1                     FSR1L           equ	4065	;# 
  1474   000FE2                     FSR1H           equ	4066	;# 
  1475   000FE3                     PLUSW1          equ	4067	;# 
  1476   000FE4                     PREINC1         equ	4068	;# 
  1477   000FE5                     POSTDEC1        equ	4069	;# 
  1478   000FE6                     POSTINC1        equ	4070	;# 
  1479   000FE7                     INDF1           equ	4071	;# 
  1480   000FE8                     WREG            equ	4072	;# 
  1481   000FE9                     FSR0            equ	4073	;# 
  1482   000FE9                     FSR0L           equ	4073	;# 
  1483   000FEA                     FSR0H           equ	4074	;# 
  1484   000FEB                     PLUSW0          equ	4075	;# 
  1485   000FEC                     PREINC0         equ	4076	;# 
  1486   000FED                     POSTDEC0        equ	4077	;# 
  1487   000FEE                     POSTINC0        equ	4078	;# 
  1488   000FEF                     INDF0           equ	4079	;# 
  1489   000FF0                     INTCON3         equ	4080	;# 
  1490   000FF1                     INTCON2         equ	4081	;# 
  1491   000FF2                     INTCON          equ	4082	;# 
  1492   000FF2                     INTCON1         equ	4082	;# 
  1493   000FF3                     PROD            equ	4083	;# 
  1494   000FF3                     PRODL           equ	4083	;# 
  1495   000FF4                     PRODH           equ	4084	;# 
  1496   000FF5                     TABLAT          equ	4085	;# 
  1497   000FF6                     TBLPTR          equ	4086	;# 
  1498   000FF6                     TBLPTRL         equ	4086	;# 
  1499   000FF7                     TBLPTRH         equ	4087	;# 
  1500   000FF8                     TBLPTRU         equ	4088	;# 
  1501   000FF9                     PCLAT           equ	4089	;# 
  1502   000FF9                     PC              equ	4089	;# 
  1503   000FF9                     PCL             equ	4089	;# 
  1504   000FFA                     PCLATH          equ	4090	;# 
  1505   000FFB                     PCLATU          equ	4091	;# 
  1506   000FFC                     STKPTR          equ	4092	;# 
  1507   000FFD                     TOS             equ	4093	;# 
  1508   000FFD                     TOSL            equ	4093	;# 
  1509   000FFE                     TOSH            equ	4094	;# 
  1510   000FFF                     TOSU            equ	4095	;# 
  1511   000E41                     RXERRCNT        equ	3649	;# 
  1512   000E42                     TXERRCNT        equ	3650	;# 
  1513   000E43                     BRGCON1         equ	3651	;# 
  1514   000E44                     BRGCON2         equ	3652	;# 
  1515   000E45                     BRGCON3         equ	3653	;# 
  1516   000E46                     RXFCON0         equ	3654	;# 
  1517   000E47                     RXFCON1         equ	3655	;# 
  1518   000E48                     RXF6SIDH        equ	3656	;# 
  1519   000E49                     RXF6SIDL        equ	3657	;# 
  1520   000E4A                     RXF6EIDH        equ	3658	;# 
  1521   000E4B                     RXF6EIDL        equ	3659	;# 
  1522   000E4C                     RXF7SIDH        equ	3660	;# 
  1523   000E4D                     RXF7SIDL        equ	3661	;# 
  1524   000E4E                     RXF7EIDH        equ	3662	;# 
  1525   000E4F                     RXF7EIDL        equ	3663	;# 
  1526   000E50                     RXF8SIDH        equ	3664	;# 
  1527   000E51                     RXF8SIDL        equ	3665	;# 
  1528   000E52                     RXF8EIDH        equ	3666	;# 
  1529   000E53                     RXF8EIDL        equ	3667	;# 
  1530   000E54                     RXF9SIDH        equ	3668	;# 
  1531   000E55                     RXF9SIDL        equ	3669	;# 
  1532   000E56                     RXF9EIDH        equ	3670	;# 
  1533   000E57                     RXF9EIDL        equ	3671	;# 
  1534   000E58                     RXF10SIDH       equ	3672	;# 
  1535   000E59                     RXF10SIDL       equ	3673	;# 
  1536   000E5A                     RXF10EIDH       equ	3674	;# 
  1537   000E5B                     RXF10EIDL       equ	3675	;# 
  1538   000E5C                     RXF11SIDH       equ	3676	;# 
  1539   000E5D                     RXF11SIDL       equ	3677	;# 
  1540   000E5E                     RXF11EIDH       equ	3678	;# 
  1541   000E5F                     RXF11EIDL       equ	3679	;# 
  1542   000E60                     RXF12SIDH       equ	3680	;# 
  1543   000E61                     RXF12SIDL       equ	3681	;# 
  1544   000E62                     RXF12EIDH       equ	3682	;# 
  1545   000E63                     RXF12EIDL       equ	3683	;# 
  1546   000E64                     RXF13SIDH       equ	3684	;# 
  1547   000E65                     RXF13SIDL       equ	3685	;# 
  1548   000E66                     RXF13EIDH       equ	3686	;# 
  1549   000E67                     RXF13EIDL       equ	3687	;# 
  1550   000E68                     RXF14SIDH       equ	3688	;# 
  1551   000E69                     RXF14SIDL       equ	3689	;# 
  1552   000E6A                     RXF14EIDH       equ	3690	;# 
  1553   000E6B                     RXF14EIDL       equ	3691	;# 
  1554   000E6C                     RXF15SIDH       equ	3692	;# 
  1555   000E6D                     RXF15SIDL       equ	3693	;# 
  1556   000E6E                     RXF15EIDH       equ	3694	;# 
  1557   000E6F                     RXF15EIDL       equ	3695	;# 
  1558   000E70                     SDFLC           equ	3696	;# 
  1559   000E71                     RXFBCON0        equ	3697	;# 
  1560   000E72                     RXFBCON1        equ	3698	;# 
  1561   000E73                     RXFBCON2        equ	3699	;# 
  1562   000E74                     RXFBCON3        equ	3700	;# 
  1563   000E75                     RXFBCON4        equ	3701	;# 
  1564   000E76                     RXFBCON5        equ	3702	;# 
  1565   000E77                     RXFBCON6        equ	3703	;# 
  1566   000E78                     RXFBCON7        equ	3704	;# 
  1567   000E79                     MSEL0           equ	3705	;# 
  1568   000E7A                     MSEL1           equ	3706	;# 
  1569   000E7B                     MSEL2           equ	3707	;# 
  1570   000E7C                     MSEL3           equ	3708	;# 
  1571   000E7D                     BSEL0           equ	3709	;# 
  1572   000E7E                     BIE0            equ	3710	;# 
  1573   000E7F                     TXBIE           equ	3711	;# 
  1574   000E80                     B0CON           equ	3712	;# 
  1575   000E81                     B0SIDH          equ	3713	;# 
  1576   000E82                     B0SIDL          equ	3714	;# 
  1577   000E83                     B0EIDH          equ	3715	;# 
  1578   000E84                     B0EIDL          equ	3716	;# 
  1579   000E85                     B0DLC           equ	3717	;# 
  1580   000E86                     B0D0            equ	3718	;# 
  1581   000E87                     B0D1            equ	3719	;# 
  1582   000E88                     B0D2            equ	3720	;# 
  1583   000E89                     B0D3            equ	3721	;# 
  1584   000E8A                     B0D4            equ	3722	;# 
  1585   000E8B                     B0D5            equ	3723	;# 
  1586   000E8C                     B0D6            equ	3724	;# 
  1587   000E8D                     B0D7            equ	3725	;# 
  1588   000E8E                     CANSTAT_RO9     equ	3726	;# 
  1589   000E8F                     CANCON_RO9      equ	3727	;# 
  1590   000E90                     B1CON           equ	3728	;# 
  1591   000E91                     B1SIDH          equ	3729	;# 
  1592   000E92                     B1SIDL          equ	3730	;# 
  1593   000E93                     B1EIDH          equ	3731	;# 
  1594   000E94                     B1EIDL          equ	3732	;# 
  1595   000E95                     B1DLC           equ	3733	;# 
  1596   000E96                     B1D0            equ	3734	;# 
  1597   000E97                     B1D1            equ	3735	;# 
  1598   000E98                     B1D2            equ	3736	;# 
  1599   000E99                     B1D3            equ	3737	;# 
  1600   000E9A                     B1D4            equ	3738	;# 
  1601   000E9B                     B1D5            equ	3739	;# 
  1602   000E9C                     B1D6            equ	3740	;# 
  1603   000E9D                     B1D7            equ	3741	;# 
  1604   000E9E                     CANSTAT_RO8     equ	3742	;# 
  1605   000E9F                     CANCON_RO8      equ	3743	;# 
  1606   000EA0                     B2CON           equ	3744	;# 
  1607   000EA1                     B2SIDH          equ	3745	;# 
  1608   000EA2                     B2SIDL          equ	3746	;# 
  1609   000EA3                     B2EIDH          equ	3747	;# 
  1610   000EA4                     B2EIDL          equ	3748	;# 
  1611   000EA5                     B2DLC           equ	3749	;# 
  1612   000EA6                     B2D0            equ	3750	;# 
  1613   000EA7                     B2D1            equ	3751	;# 
  1614   000EA8                     B2D2            equ	3752	;# 
  1615   000EA9                     B2D3            equ	3753	;# 
  1616   000EAA                     B2D4            equ	3754	;# 
  1617   000EAB                     B2D5            equ	3755	;# 
  1618   000EAC                     B2D6            equ	3756	;# 
  1619   000EAD                     B2D7            equ	3757	;# 
  1620   000EAE                     CANSTAT_RO7     equ	3758	;# 
  1621   000EAF                     CANCON_RO7      equ	3759	;# 
  1622   000EB0                     B3CON           equ	3760	;# 
  1623   000EB1                     B3SIDH          equ	3761	;# 
  1624   000EB2                     B3SIDL          equ	3762	;# 
  1625   000EB3                     B3EIDH          equ	3763	;# 
  1626   000EB4                     B3EIDL          equ	3764	;# 
  1627   000EB5                     B3DLC           equ	3765	;# 
  1628   000EB6                     B3D0            equ	3766	;# 
  1629   000EB7                     B3D1            equ	3767	;# 
  1630   000EB8                     B3D2            equ	3768	;# 
  1631   000EB9                     B3D3            equ	3769	;# 
  1632   000EBA                     B3D4            equ	3770	;# 
  1633   000EBB                     B3D5            equ	3771	;# 
  1634   000EBC                     B3D6            equ	3772	;# 
  1635   000EBD                     B3D7            equ	3773	;# 
  1636   000EBE                     CANSTAT_RO6     equ	3774	;# 
  1637   000EBF                     CANCON_RO6      equ	3775	;# 
  1638   000EC0                     B4CON           equ	3776	;# 
  1639   000EC1                     B4SIDH          equ	3777	;# 
  1640   000EC2                     B4SIDL          equ	3778	;# 
  1641   000EC3                     B4EIDH          equ	3779	;# 
  1642   000EC4                     B4EIDL          equ	3780	;# 
  1643   000EC5                     B4DLC           equ	3781	;# 
  1644   000EC6                     B4D0            equ	3782	;# 
  1645   000EC7                     B4D1            equ	3783	;# 
  1646   000EC8                     B4D2            equ	3784	;# 
  1647   000EC9                     B4D3            equ	3785	;# 
  1648   000ECA                     B4D4            equ	3786	;# 
  1649   000ECB                     B4D5            equ	3787	;# 
  1650   000ECC                     B4D6            equ	3788	;# 
  1651   000ECD                     B4D7            equ	3789	;# 
  1652   000ECE                     CANSTAT_RO5     equ	3790	;# 
  1653   000ECF                     CANCON_RO5      equ	3791	;# 
  1654   000ED0                     B5CON           equ	3792	;# 
  1655   000ED1                     B5SIDH          equ	3793	;# 
  1656   000ED2                     B5SIDL          equ	3794	;# 
  1657   000ED3                     B5EIDH          equ	3795	;# 
  1658   000ED4                     B5EIDL          equ	3796	;# 
  1659   000ED5                     B5DLC           equ	3797	;# 
  1660   000ED6                     B5D0            equ	3798	;# 
  1661   000ED7                     B5D1            equ	3799	;# 
  1662   000ED8                     B5D2            equ	3800	;# 
  1663   000ED9                     B5D3            equ	3801	;# 
  1664   000EDA                     B5D4            equ	3802	;# 
  1665   000EDB                     B5D5            equ	3803	;# 
  1666   000EDC                     B5D6            equ	3804	;# 
  1667   000EDD                     B5D7            equ	3805	;# 
  1668   000EDE                     CANSTAT_RO4     equ	3806	;# 
  1669   000EDF                     CANCON_RO4      equ	3807	;# 
  1670   000EE0                     RXF0SIDH        equ	3808	;# 
  1671   000EE1                     RXF0SIDL        equ	3809	;# 
  1672   000EE2                     RXF0EIDH        equ	3810	;# 
  1673   000EE3                     RXF0EIDL        equ	3811	;# 
  1674   000EE4                     RXF1SIDH        equ	3812	;# 
  1675   000EE5                     RXF1SIDL        equ	3813	;# 
  1676   000EE6                     RXF1EIDH        equ	3814	;# 
  1677   000EE7                     RXF1EIDL        equ	3815	;# 
  1678   000EE8                     RXF2SIDH        equ	3816	;# 
  1679   000EE9                     RXF2SIDL        equ	3817	;# 
  1680   000EEA                     RXF2EIDH        equ	3818	;# 
  1681   000EEB                     RXF2EIDL        equ	3819	;# 
  1682   000EEC                     RXF3SIDH        equ	3820	;# 
  1683   000EED                     RXF3SIDL        equ	3821	;# 
  1684   000EEE                     RXF3EIDH        equ	3822	;# 
  1685   000EEF                     RXF3EIDL        equ	3823	;# 
  1686   000EF0                     RXF4SIDH        equ	3824	;# 
  1687   000EF1                     RXF4SIDL        equ	3825	;# 
  1688   000EF2                     RXF4EIDH        equ	3826	;# 
  1689   000EF3                     RXF4EIDL        equ	3827	;# 
  1690   000EF4                     RXF5SIDH        equ	3828	;# 
  1691   000EF5                     RXF5SIDL        equ	3829	;# 
  1692   000EF6                     RXF5EIDH        equ	3830	;# 
  1693   000EF7                     RXF5EIDL        equ	3831	;# 
  1694   000EF8                     RXM0SIDH        equ	3832	;# 
  1695   000EF9                     RXM0SIDL        equ	3833	;# 
  1696   000EFA                     RXM0EIDH        equ	3834	;# 
  1697   000EFB                     RXM0EIDL        equ	3835	;# 
  1698   000EFC                     RXM1SIDH        equ	3836	;# 
  1699   000EFD                     RXM1SIDL        equ	3837	;# 
  1700   000EFE                     RXM1EIDH        equ	3838	;# 
  1701   000EFF                     RXM1EIDL        equ	3839	;# 
  1702   000F00                     TXB2CON         equ	3840	;# 
  1703   000F01                     TXB2SIDH        equ	3841	;# 
  1704   000F02                     TXB2SIDL        equ	3842	;# 
  1705   000F03                     TXB2EIDH        equ	3843	;# 
  1706   000F04                     TXB2EIDL        equ	3844	;# 
  1707   000F05                     TXB2DLC         equ	3845	;# 
  1708   000F06                     TXB2D0          equ	3846	;# 
  1709   000F07                     TXB2D1          equ	3847	;# 
  1710   000F08                     TXB2D2          equ	3848	;# 
  1711   000F09                     TXB2D3          equ	3849	;# 
  1712   000F0A                     TXB2D4          equ	3850	;# 
  1713   000F0B                     TXB2D5          equ	3851	;# 
  1714   000F0C                     TXB2D6          equ	3852	;# 
  1715   000F0D                     TXB2D7          equ	3853	;# 
  1716   000F0E                     CANSTAT_RO3     equ	3854	;# 
  1717   000F0F                     CANCON_RO3      equ	3855	;# 
  1718   000F10                     TXB1CON         equ	3856	;# 
  1719   000F11                     TXB1SIDH        equ	3857	;# 
  1720   000F12                     TXB1SIDL        equ	3858	;# 
  1721   000F13                     TXB1EIDH        equ	3859	;# 
  1722   000F14                     TXB1EIDL        equ	3860	;# 
  1723   000F15                     TXB1DLC         equ	3861	;# 
  1724   000F16                     TXB1D0          equ	3862	;# 
  1725   000F17                     TXB1D1          equ	3863	;# 
  1726   000F18                     TXB1D2          equ	3864	;# 
  1727   000F19                     TXB1D3          equ	3865	;# 
  1728   000F1A                     TXB1D4          equ	3866	;# 
  1729   000F1B                     TXB1D5          equ	3867	;# 
  1730   000F1C                     TXB1D6          equ	3868	;# 
  1731   000F1D                     TXB1D7          equ	3869	;# 
  1732   000F1E                     CANSTAT_RO2     equ	3870	;# 
  1733   000F1F                     CANCON_RO2      equ	3871	;# 
  1734   000F20                     TXB0CON         equ	3872	;# 
  1735   000F21                     TXB0SIDH        equ	3873	;# 
  1736   000F22                     TXB0SIDL        equ	3874	;# 
  1737   000F23                     TXB0EIDH        equ	3875	;# 
  1738   000F24                     TXB0EIDL        equ	3876	;# 
  1739   000F25                     TXB0DLC         equ	3877	;# 
  1740   000F26                     TXB0D0          equ	3878	;# 
  1741   000F27                     TXB0D1          equ	3879	;# 
  1742   000F28                     TXB0D2          equ	3880	;# 
  1743   000F29                     TXB0D3          equ	3881	;# 
  1744   000F2A                     TXB0D4          equ	3882	;# 
  1745   000F2B                     TXB0D5          equ	3883	;# 
  1746   000F2C                     TXB0D6          equ	3884	;# 
  1747   000F2D                     TXB0D7          equ	3885	;# 
  1748   000F2E                     CANSTAT_RO1     equ	3886	;# 
  1749   000F2F                     CANCON_RO1      equ	3887	;# 
  1750   000F30                     RXB1CON         equ	3888	;# 
  1751   000F31                     RXB1SIDH        equ	3889	;# 
  1752   000F32                     RXB1SIDL        equ	3890	;# 
  1753   000F33                     RXB1EIDH        equ	3891	;# 
  1754   000F34                     RXB1EIDL        equ	3892	;# 
  1755   000F35                     RXB1DLC         equ	3893	;# 
  1756   000F36                     RXB1D0          equ	3894	;# 
  1757   000F37                     RXB1D1          equ	3895	;# 
  1758   000F38                     RXB1D2          equ	3896	;# 
  1759   000F39                     RXB1D3          equ	3897	;# 
  1760   000F3A                     RXB1D4          equ	3898	;# 
  1761   000F3B                     RXB1D5          equ	3899	;# 
  1762   000F3C                     RXB1D6          equ	3900	;# 
  1763   000F3D                     RXB1D7          equ	3901	;# 
  1764   000F3E                     CANSTAT_RO0     equ	3902	;# 
  1765   000F3F                     CANCON_RO0      equ	3903	;# 
  1766   000F47                     CCP5CON         equ	3911	;# 
  1767   000F48                     CCPR5           equ	3912	;# 
  1768   000F48                     CCPR5L          equ	3912	;# 
  1769   000F49                     CCPR5H          equ	3913	;# 
  1770   000F4A                     CCP4CON         equ	3914	;# 
  1771   000F4B                     CCPR4           equ	3915	;# 
  1772   000F4B                     CCPR4L          equ	3915	;# 
  1773   000F4C                     CCPR4H          equ	3916	;# 
  1774   000F4D                     CCP3CON         equ	3917	;# 
  1775   000F4E                     CCPR3           equ	3918	;# 
  1776   000F4E                     CCPR3L          equ	3918	;# 
  1777   000F4F                     CCPR3H          equ	3919	;# 
  1778   000F50                     CCP2CON         equ	3920	;# 
  1779   000F50                     ECCP2CON        equ	3920	;# 
  1780   000F51                     CCPR2           equ	3921	;# 
  1781   000F51                     CCPR2L          equ	3921	;# 
  1782   000F52                     CCPR2H          equ	3922	;# 
  1783   000F53                     CTMUICON        equ	3923	;# 
  1784   000F54                     CTMUCONL        equ	3924	;# 
  1785   000F55                     CTMUCONH        equ	3925	;# 
  1786   000F56                     PADCFG1         equ	3926	;# 
  1787   000F57                     PMD2            equ	3927	;# 
  1788   000F58                     PMD1            equ	3928	;# 
  1789   000F59                     PMD0            equ	3929	;# 
  1790   000F5A                     IOCB            equ	3930	;# 
  1791   000F5B                     WPUB            equ	3931	;# 
  1792   000F5C                     ANCON1          equ	3932	;# 
  1793   000F5D                     ANCON0          equ	3933	;# 
  1794   000F5E                     CM2CON          equ	3934	;# 
  1795   000F5E                     CM2CON1         equ	3934	;# 
  1796   000F5F                     CM1CON          equ	3935	;# 
  1797   000F5F                     CM1CON1         equ	3935	;# 
  1798   000F60                     RXB0CON         equ	3936	;# 
  1799   000F61                     RXB0SIDH        equ	3937	;# 
  1800   000F62                     RXB0SIDL        equ	3938	;# 
  1801   000F63                     RXB0EIDH        equ	3939	;# 
  1802   000F64                     RXB0EIDL        equ	3940	;# 
  1803   000F65                     RXB0DLC         equ	3941	;# 
  1804   000F66                     RXB0D0          equ	3942	;# 
  1805   000F67                     RXB0D1          equ	3943	;# 
  1806   000F68                     RXB0D2          equ	3944	;# 
  1807   000F69                     RXB0D3          equ	3945	;# 
  1808   000F6A                     RXB0D4          equ	3946	;# 
  1809   000F6B                     RXB0D5          equ	3947	;# 
  1810   000F6C                     RXB0D6          equ	3948	;# 
  1811   000F6D                     RXB0D7          equ	3949	;# 
  1812   000F6E                     CANSTAT         equ	3950	;# 
  1813   000F6F                     CANCON          equ	3951	;# 
  1814   000F70                     CIOCON          equ	3952	;# 
  1815   000F71                     COMSTAT         equ	3953	;# 
  1816   000F72                     ECANCON         equ	3954	;# 
  1817   000F73                     EEDATA          equ	3955	;# 
  1818   000F74                     EEADR           equ	3956	;# 
  1819   000F75                     EEADRH          equ	3957	;# 
  1820   000F76                     PIE5            equ	3958	;# 
  1821   000F77                     PIR5            equ	3959	;# 
  1822   000F78                     IPR5            equ	3960	;# 
  1823   000F79                     TXREG2          equ	3961	;# 
  1824   000F7A                     RCREG2          equ	3962	;# 
  1825   000F7B                     SPBRG2          equ	3963	;# 
  1826   000F7C                     SPBRGH2         equ	3964	;# 
  1827   000F7D                     SPBRGH1         equ	3965	;# 
  1828   000F7E                     EECON2          equ	3966	;# 
  1829   000F7F                     EECON1          equ	3967	;# 
  1830   000F80                     PORTA           equ	3968	;# 
  1831   000F81                     PORTB           equ	3969	;# 
  1832   000F82                     PORTC           equ	3970	;# 
  1833   000F84                     PORTE           equ	3972	;# 
  1834   000F87                     TMR4            equ	3975	;# 
  1835   000F88                     T4CON           equ	3976	;# 
  1836   000F89                     LATA            equ	3977	;# 
  1837   000F8A                     LATB            equ	3978	;# 
  1838   000F8B                     LATC            equ	3979	;# 
  1839   000F90                     SLRCON          equ	3984	;# 
  1840   000F91                     ODCON           equ	3985	;# 
  1841   000F92                     TRISA           equ	3986	;# 
  1842   000F93                     TRISB           equ	3987	;# 
  1843   000F94                     TRISC           equ	3988	;# 
  1844   000F99                     CCPTMRS         equ	3993	;# 
  1845   000F9A                     REFOCON         equ	3994	;# 
  1846   000F9B                     OSCTUNE         equ	3995	;# 
  1847   000F9C                     PSTR1CON        equ	3996	;# 
  1848   000F9D                     PIE1            equ	3997	;# 
  1849   000F9E                     PIR1            equ	3998	;# 
  1850   000F9F                     IPR1            equ	3999	;# 
  1851   000FA0                     PIE2            equ	4000	;# 
  1852   000FA1                     PIR2            equ	4001	;# 
  1853   000FA2                     IPR2            equ	4002	;# 
  1854   000FA3                     PIE3            equ	4003	;# 
  1855   000FA4                     PIR3            equ	4004	;# 
  1856   000FA5                     IPR3            equ	4005	;# 
  1857   000FA6                     RCSTA2          equ	4006	;# 
  1858   000FA7                     BAUDCON1        equ	4007	;# 
  1859   000FA8                     HLVDCON         equ	4008	;# 
  1860   000FA9                     PR4             equ	4009	;# 
  1861   000FAA                     T1GCON          equ	4010	;# 
  1862   000FAB                     RCSTA1          equ	4011	;# 
  1863   000FAB                     RCSTA           equ	4011	;# 
  1864   000FAC                     TXSTA1          equ	4012	;# 
  1865   000FAC                     TXSTA           equ	4012	;# 
  1866   000FAD                     TXREG1          equ	4013	;# 
  1867   000FAD                     TXREG           equ	4013	;# 
  1868   000FAE                     RCREG1          equ	4014	;# 
  1869   000FAE                     RCREG           equ	4014	;# 
  1870   000FAF                     SPBRG1          equ	4015	;# 
  1871   000FAF                     SPBRG           equ	4015	;# 
  1872   000FB0                     T3GCON          equ	4016	;# 
  1873   000FB1                     T3CON           equ	4017	;# 
  1874   000FB2                     TMR3            equ	4018	;# 
  1875   000FB2                     TMR3L           equ	4018	;# 
  1876   000FB3                     TMR3H           equ	4019	;# 
  1877   000FB4                     CMSTAT          equ	4020	;# 
  1878   000FB4                     CMSTATUS        equ	4020	;# 
  1879   000FB5                     CVRCON          equ	4021	;# 
  1880   000FB6                     PIE4            equ	4022	;# 
  1881   000FB7                     PIR4            equ	4023	;# 
  1882   000FB8                     IPR4            equ	4024	;# 
  1883   000FB9                     BAUDCON2        equ	4025	;# 
  1884   000FBA                     TXSTA2          equ	4026	;# 
  1885   000FBB                     CCP1CON         equ	4027	;# 
  1886   000FBB                     ECCP1CON        equ	4027	;# 
  1887   000FBC                     CCPR1           equ	4028	;# 
  1888   000FBC                     CCPR1L          equ	4028	;# 
  1889   000FBD                     CCPR1H          equ	4029	;# 
  1890   000FBE                     ECCP1DEL        equ	4030	;# 
  1891   000FBE                     PWM1CON         equ	4030	;# 
  1892   000FBF                     ECCP1AS         equ	4031	;# 
  1893   000FC0                     ADCON2          equ	4032	;# 
  1894   000FC1                     ADCON1          equ	4033	;# 
  1895   000FC2                     ADCON0          equ	4034	;# 
  1896   000FC3                     ADRES           equ	4035	;# 
  1897   000FC3                     ADRESL          equ	4035	;# 
  1898   000FC4                     ADRESH          equ	4036	;# 
  1899   000FC5                     SSPCON2         equ	4037	;# 
  1900   000FC6                     SSPCON1         equ	4038	;# 
  1901   000FC7                     SSPSTAT         equ	4039	;# 
  1902   000FC8                     SSPADD          equ	4040	;# 
  1903   000FC9                     SSPBUF          equ	4041	;# 
  1904   000FCA                     T2CON           equ	4042	;# 
  1905   000FCB                     PR2             equ	4043	;# 
  1906   000FCB                     MEMCON          equ	4043	;# 
  1907   000FCC                     TMR2            equ	4044	;# 
  1908   000FCD                     T1CON           equ	4045	;# 
  1909   000FCE                     TMR1            equ	4046	;# 
  1910   000FCE                     TMR1L           equ	4046	;# 
  1911   000FCF                     TMR1H           equ	4047	;# 
  1912   000FD0                     RCON            equ	4048	;# 
  1913   000FD1                     WDTCON          equ	4049	;# 
  1914   000FD2                     OSCCON2         equ	4050	;# 
  1915   000FD3                     OSCCON          equ	4051	;# 
  1916   000FD5                     T0CON           equ	4053	;# 
  1917   000FD6                     TMR0            equ	4054	;# 
  1918   000FD6                     TMR0L           equ	4054	;# 
  1919   000FD7                     TMR0H           equ	4055	;# 
  1920   000FD8                     STATUS          equ	4056	;# 
  1921   000FD9                     FSR2            equ	4057	;# 
  1922   000FD9                     FSR2L           equ	4057	;# 
  1923   000FDA                     FSR2H           equ	4058	;# 
  1924   000FDB                     PLUSW2          equ	4059	;# 
  1925   000FDC                     PREINC2         equ	4060	;# 
  1926   000FDD                     POSTDEC2        equ	4061	;# 
  1927   000FDE                     POSTINC2        equ	4062	;# 
  1928   000FDF                     INDF2           equ	4063	;# 
  1929   000FE0                     BSR             equ	4064	;# 
  1930   000FE1                     FSR1            equ	4065	;# 
  1931   000FE1                     FSR1L           equ	4065	;# 
  1932   000FE2                     FSR1H           equ	4066	;# 
  1933   000FE3                     PLUSW1          equ	4067	;# 
  1934   000FE4                     PREINC1         equ	4068	;# 
  1935   000FE5                     POSTDEC1        equ	4069	;# 
  1936   000FE6                     POSTINC1        equ	4070	;# 
  1937   000FE7                     INDF1           equ	4071	;# 
  1938   000FE8                     WREG            equ	4072	;# 
  1939   000FE9                     FSR0            equ	4073	;# 
  1940   000FE9                     FSR0L           equ	4073	;# 
  1941   000FEA                     FSR0H           equ	4074	;# 
  1942   000FEB                     PLUSW0          equ	4075	;# 
  1943   000FEC                     PREINC0         equ	4076	;# 
  1944   000FED                     POSTDEC0        equ	4077	;# 
  1945   000FEE                     POSTINC0        equ	4078	;# 
  1946   000FEF                     INDF0           equ	4079	;# 
  1947   000FF0                     INTCON3         equ	4080	;# 
  1948   000FF1                     INTCON2         equ	4081	;# 
  1949   000FF2                     INTCON          equ	4082	;# 
  1950   000FF2                     INTCON1         equ	4082	;# 
  1951   000FF3                     PROD            equ	4083	;# 
  1952   000FF3                     PRODL           equ	4083	;# 
  1953   000FF4                     PRODH           equ	4084	;# 
  1954   000FF5                     TABLAT          equ	4085	;# 
  1955   000FF6                     TBLPTR          equ	4086	;# 
  1956   000FF6                     TBLPTRL         equ	4086	;# 
  1957   000FF7                     TBLPTRH         equ	4087	;# 
  1958   000FF8                     TBLPTRU         equ	4088	;# 
  1959   000FF9                     PCLAT           equ	4089	;# 
  1960   000FF9                     PC              equ	4089	;# 
  1961   000FF9                     PCL             equ	4089	;# 
  1962   000FFA                     PCLATH          equ	4090	;# 
  1963   000FFB                     PCLATU          equ	4091	;# 
  1964   000FFC                     STKPTR          equ	4092	;# 
  1965   000FFD                     TOS             equ	4093	;# 
  1966   000FFD                     TOSL            equ	4093	;# 
  1967   000FFE                     TOSH            equ	4094	;# 
  1968   000FFF                     TOSU            equ	4095	;# 
  1969   000E41                     RXERRCNT        equ	3649	;# 
  1970   000E42                     TXERRCNT        equ	3650	;# 
  1971   000E43                     BRGCON1         equ	3651	;# 
  1972   000E44                     BRGCON2         equ	3652	;# 
  1973   000E45                     BRGCON3         equ	3653	;# 
  1974   000E46                     RXFCON0         equ	3654	;# 
  1975   000E47                     RXFCON1         equ	3655	;# 
  1976   000E48                     RXF6SIDH        equ	3656	;# 
  1977   000E49                     RXF6SIDL        equ	3657	;# 
  1978   000E4A                     RXF6EIDH        equ	3658	;# 
  1979   000E4B                     RXF6EIDL        equ	3659	;# 
  1980   000E4C                     RXF7SIDH        equ	3660	;# 
  1981   000E4D                     RXF7SIDL        equ	3661	;# 
  1982   000E4E                     RXF7EIDH        equ	3662	;# 
  1983   000E4F                     RXF7EIDL        equ	3663	;# 
  1984   000E50                     RXF8SIDH        equ	3664	;# 
  1985   000E51                     RXF8SIDL        equ	3665	;# 
  1986   000E52                     RXF8EIDH        equ	3666	;# 
  1987   000E53                     RXF8EIDL        equ	3667	;# 
  1988   000E54                     RXF9SIDH        equ	3668	;# 
  1989   000E55                     RXF9SIDL        equ	3669	;# 
  1990   000E56                     RXF9EIDH        equ	3670	;# 
  1991   000E57                     RXF9EIDL        equ	3671	;# 
  1992   000E58                     RXF10SIDH       equ	3672	;# 
  1993   000E59                     RXF10SIDL       equ	3673	;# 
  1994   000E5A                     RXF10EIDH       equ	3674	;# 
  1995   000E5B                     RXF10EIDL       equ	3675	;# 
  1996   000E5C                     RXF11SIDH       equ	3676	;# 
  1997   000E5D                     RXF11SIDL       equ	3677	;# 
  1998   000E5E                     RXF11EIDH       equ	3678	;# 
  1999   000E5F                     RXF11EIDL       equ	3679	;# 
  2000   000E60                     RXF12SIDH       equ	3680	;# 
  2001   000E61                     RXF12SIDL       equ	3681	;# 
  2002   000E62                     RXF12EIDH       equ	3682	;# 
  2003   000E63                     RXF12EIDL       equ	3683	;# 
  2004   000E64                     RXF13SIDH       equ	3684	;# 
  2005   000E65                     RXF13SIDL       equ	3685	;# 
  2006   000E66                     RXF13EIDH       equ	3686	;# 
  2007   000E67                     RXF13EIDL       equ	3687	;# 
  2008   000E68                     RXF14SIDH       equ	3688	;# 
  2009   000E69                     RXF14SIDL       equ	3689	;# 
  2010   000E6A                     RXF14EIDH       equ	3690	;# 
  2011   000E6B                     RXF14EIDL       equ	3691	;# 
  2012   000E6C                     RXF15SIDH       equ	3692	;# 
  2013   000E6D                     RXF15SIDL       equ	3693	;# 
  2014   000E6E                     RXF15EIDH       equ	3694	;# 
  2015   000E6F                     RXF15EIDL       equ	3695	;# 
  2016   000E70                     SDFLC           equ	3696	;# 
  2017   000E71                     RXFBCON0        equ	3697	;# 
  2018   000E72                     RXFBCON1        equ	3698	;# 
  2019   000E73                     RXFBCON2        equ	3699	;# 
  2020   000E74                     RXFBCON3        equ	3700	;# 
  2021   000E75                     RXFBCON4        equ	3701	;# 
  2022   000E76                     RXFBCON5        equ	3702	;# 
  2023   000E77                     RXFBCON6        equ	3703	;# 
  2024   000E78                     RXFBCON7        equ	3704	;# 
  2025   000E79                     MSEL0           equ	3705	;# 
  2026   000E7A                     MSEL1           equ	3706	;# 
  2027   000E7B                     MSEL2           equ	3707	;# 
  2028   000E7C                     MSEL3           equ	3708	;# 
  2029   000E7D                     BSEL0           equ	3709	;# 
  2030   000E7E                     BIE0            equ	3710	;# 
  2031   000E7F                     TXBIE           equ	3711	;# 
  2032   000E80                     B0CON           equ	3712	;# 
  2033   000E81                     B0SIDH          equ	3713	;# 
  2034   000E82                     B0SIDL          equ	3714	;# 
  2035   000E83                     B0EIDH          equ	3715	;# 
  2036   000E84                     B0EIDL          equ	3716	;# 
  2037   000E85                     B0DLC           equ	3717	;# 
  2038   000E86                     B0D0            equ	3718	;# 
  2039   000E87                     B0D1            equ	3719	;# 
  2040   000E88                     B0D2            equ	3720	;# 
  2041   000E89                     B0D3            equ	3721	;# 
  2042   000E8A                     B0D4            equ	3722	;# 
  2043   000E8B                     B0D5            equ	3723	;# 
  2044   000E8C                     B0D6            equ	3724	;# 
  2045   000E8D                     B0D7            equ	3725	;# 
  2046   000E8E                     CANSTAT_RO9     equ	3726	;# 
  2047   000E8F                     CANCON_RO9      equ	3727	;# 
  2048   000E90                     B1CON           equ	3728	;# 
  2049   000E91                     B1SIDH          equ	3729	;# 
  2050   000E92                     B1SIDL          equ	3730	;# 
  2051   000E93                     B1EIDH          equ	3731	;# 
  2052   000E94                     B1EIDL          equ	3732	;# 
  2053   000E95                     B1DLC           equ	3733	;# 
  2054   000E96                     B1D0            equ	3734	;# 
  2055   000E97                     B1D1            equ	3735	;# 
  2056   000E98                     B1D2            equ	3736	;# 
  2057   000E99                     B1D3            equ	3737	;# 
  2058   000E9A                     B1D4            equ	3738	;# 
  2059   000E9B                     B1D5            equ	3739	;# 
  2060   000E9C                     B1D6            equ	3740	;# 
  2061   000E9D                     B1D7            equ	3741	;# 
  2062   000E9E                     CANSTAT_RO8     equ	3742	;# 
  2063   000E9F                     CANCON_RO8      equ	3743	;# 
  2064   000EA0                     B2CON           equ	3744	;# 
  2065   000EA1                     B2SIDH          equ	3745	;# 
  2066   000EA2                     B2SIDL          equ	3746	;# 
  2067   000EA3                     B2EIDH          equ	3747	;# 
  2068   000EA4                     B2EIDL          equ	3748	;# 
  2069   000EA5                     B2DLC           equ	3749	;# 
  2070   000EA6                     B2D0            equ	3750	;# 
  2071   000EA7                     B2D1            equ	3751	;# 
  2072   000EA8                     B2D2            equ	3752	;# 
  2073   000EA9                     B2D3            equ	3753	;# 
  2074   000EAA                     B2D4            equ	3754	;# 
  2075   000EAB                     B2D5            equ	3755	;# 
  2076   000EAC                     B2D6            equ	3756	;# 
  2077   000EAD                     B2D7            equ	3757	;# 
  2078   000EAE                     CANSTAT_RO7     equ	3758	;# 
  2079   000EAF                     CANCON_RO7      equ	3759	;# 
  2080   000EB0                     B3CON           equ	3760	;# 
  2081   000EB1                     B3SIDH          equ	3761	;# 
  2082   000EB2                     B3SIDL          equ	3762	;# 
  2083   000EB3                     B3EIDH          equ	3763	;# 
  2084   000EB4                     B3EIDL          equ	3764	;# 
  2085   000EB5                     B3DLC           equ	3765	;# 
  2086   000EB6                     B3D0            equ	3766	;# 
  2087   000EB7                     B3D1            equ	3767	;# 
  2088   000EB8                     B3D2            equ	3768	;# 
  2089   000EB9                     B3D3            equ	3769	;# 
  2090   000EBA                     B3D4            equ	3770	;# 
  2091   000EBB                     B3D5            equ	3771	;# 
  2092   000EBC                     B3D6            equ	3772	;# 
  2093   000EBD                     B3D7            equ	3773	;# 
  2094   000EBE                     CANSTAT_RO6     equ	3774	;# 
  2095   000EBF                     CANCON_RO6      equ	3775	;# 
  2096   000EC0                     B4CON           equ	3776	;# 
  2097   000EC1                     B4SIDH          equ	3777	;# 
  2098   000EC2                     B4SIDL          equ	3778	;# 
  2099   000EC3                     B4EIDH          equ	3779	;# 
  2100   000EC4                     B4EIDL          equ	3780	;# 
  2101   000EC5                     B4DLC           equ	3781	;# 
  2102   000EC6                     B4D0            equ	3782	;# 
  2103   000EC7                     B4D1            equ	3783	;# 
  2104   000EC8                     B4D2            equ	3784	;# 
  2105   000EC9                     B4D3            equ	3785	;# 
  2106   000ECA                     B4D4            equ	3786	;# 
  2107   000ECB                     B4D5            equ	3787	;# 
  2108   000ECC                     B4D6            equ	3788	;# 
  2109   000ECD                     B4D7            equ	3789	;# 
  2110   000ECE                     CANSTAT_RO5     equ	3790	;# 
  2111   000ECF                     CANCON_RO5      equ	3791	;# 
  2112   000ED0                     B5CON           equ	3792	;# 
  2113   000ED1                     B5SIDH          equ	3793	;# 
  2114   000ED2                     B5SIDL          equ	3794	;# 
  2115   000ED3                     B5EIDH          equ	3795	;# 
  2116   000ED4                     B5EIDL          equ	3796	;# 
  2117   000ED5                     B5DLC           equ	3797	;# 
  2118   000ED6                     B5D0            equ	3798	;# 
  2119   000ED7                     B5D1            equ	3799	;# 
  2120   000ED8                     B5D2            equ	3800	;# 
  2121   000ED9                     B5D3            equ	3801	;# 
  2122   000EDA                     B5D4            equ	3802	;# 
  2123   000EDB                     B5D5            equ	3803	;# 
  2124   000EDC                     B5D6            equ	3804	;# 
  2125   000EDD                     B5D7            equ	3805	;# 
  2126   000EDE                     CANSTAT_RO4     equ	3806	;# 
  2127   000EDF                     CANCON_RO4      equ	3807	;# 
  2128   000EE0                     RXF0SIDH        equ	3808	;# 
  2129   000EE1                     RXF0SIDL        equ	3809	;# 
  2130   000EE2                     RXF0EIDH        equ	3810	;# 
  2131   000EE3                     RXF0EIDL        equ	3811	;# 
  2132   000EE4                     RXF1SIDH        equ	3812	;# 
  2133   000EE5                     RXF1SIDL        equ	3813	;# 
  2134   000EE6                     RXF1EIDH        equ	3814	;# 
  2135   000EE7                     RXF1EIDL        equ	3815	;# 
  2136   000EE8                     RXF2SIDH        equ	3816	;# 
  2137   000EE9                     RXF2SIDL        equ	3817	;# 
  2138   000EEA                     RXF2EIDH        equ	3818	;# 
  2139   000EEB                     RXF2EIDL        equ	3819	;# 
  2140   000EEC                     RXF3SIDH        equ	3820	;# 
  2141   000EED                     RXF3SIDL        equ	3821	;# 
  2142   000EEE                     RXF3EIDH        equ	3822	;# 
  2143   000EEF                     RXF3EIDL        equ	3823	;# 
  2144   000EF0                     RXF4SIDH        equ	3824	;# 
  2145   000EF1                     RXF4SIDL        equ	3825	;# 
  2146   000EF2                     RXF4EIDH        equ	3826	;# 
  2147   000EF3                     RXF4EIDL        equ	3827	;# 
  2148   000EF4                     RXF5SIDH        equ	3828	;# 
  2149   000EF5                     RXF5SIDL        equ	3829	;# 
  2150   000EF6                     RXF5EIDH        equ	3830	;# 
  2151   000EF7                     RXF5EIDL        equ	3831	;# 
  2152   000EF8                     RXM0SIDH        equ	3832	;# 
  2153   000EF9                     RXM0SIDL        equ	3833	;# 
  2154   000EFA                     RXM0EIDH        equ	3834	;# 
  2155   000EFB                     RXM0EIDL        equ	3835	;# 
  2156   000EFC                     RXM1SIDH        equ	3836	;# 
  2157   000EFD                     RXM1SIDL        equ	3837	;# 
  2158   000EFE                     RXM1EIDH        equ	3838	;# 
  2159   000EFF                     RXM1EIDL        equ	3839	;# 
  2160   000F00                     TXB2CON         equ	3840	;# 
  2161   000F01                     TXB2SIDH        equ	3841	;# 
  2162   000F02                     TXB2SIDL        equ	3842	;# 
  2163   000F03                     TXB2EIDH        equ	3843	;# 
  2164   000F04                     TXB2EIDL        equ	3844	;# 
  2165   000F05                     TXB2DLC         equ	3845	;# 
  2166   000F06                     TXB2D0          equ	3846	;# 
  2167   000F07                     TXB2D1          equ	3847	;# 
  2168   000F08                     TXB2D2          equ	3848	;# 
  2169   000F09                     TXB2D3          equ	3849	;# 
  2170   000F0A                     TXB2D4          equ	3850	;# 
  2171   000F0B                     TXB2D5          equ	3851	;# 
  2172   000F0C                     TXB2D6          equ	3852	;# 
  2173   000F0D                     TXB2D7          equ	3853	;# 
  2174   000F0E                     CANSTAT_RO3     equ	3854	;# 
  2175   000F0F                     CANCON_RO3      equ	3855	;# 
  2176   000F10                     TXB1CON         equ	3856	;# 
  2177   000F11                     TXB1SIDH        equ	3857	;# 
  2178   000F12                     TXB1SIDL        equ	3858	;# 
  2179   000F13                     TXB1EIDH        equ	3859	;# 
  2180   000F14                     TXB1EIDL        equ	3860	;# 
  2181   000F15                     TXB1DLC         equ	3861	;# 
  2182   000F16                     TXB1D0          equ	3862	;# 
  2183   000F17                     TXB1D1          equ	3863	;# 
  2184   000F18                     TXB1D2          equ	3864	;# 
  2185   000F19                     TXB1D3          equ	3865	;# 
  2186   000F1A                     TXB1D4          equ	3866	;# 
  2187   000F1B                     TXB1D5          equ	3867	;# 
  2188   000F1C                     TXB1D6          equ	3868	;# 
  2189   000F1D                     TXB1D7          equ	3869	;# 
  2190   000F1E                     CANSTAT_RO2     equ	3870	;# 
  2191   000F1F                     CANCON_RO2      equ	3871	;# 
  2192   000F20                     TXB0CON         equ	3872	;# 
  2193   000F21                     TXB0SIDH        equ	3873	;# 
  2194   000F22                     TXB0SIDL        equ	3874	;# 
  2195   000F23                     TXB0EIDH        equ	3875	;# 
  2196   000F24                     TXB0EIDL        equ	3876	;# 
  2197   000F25                     TXB0DLC         equ	3877	;# 
  2198   000F26                     TXB0D0          equ	3878	;# 
  2199   000F27                     TXB0D1          equ	3879	;# 
  2200   000F28                     TXB0D2          equ	3880	;# 
  2201   000F29                     TXB0D3          equ	3881	;# 
  2202   000F2A                     TXB0D4          equ	3882	;# 
  2203   000F2B                     TXB0D5          equ	3883	;# 
  2204   000F2C                     TXB0D6          equ	3884	;# 
  2205   000F2D                     TXB0D7          equ	3885	;# 
  2206   000F2E                     CANSTAT_RO1     equ	3886	;# 
  2207   000F2F                     CANCON_RO1      equ	3887	;# 
  2208   000F30                     RXB1CON         equ	3888	;# 
  2209   000F31                     RXB1SIDH        equ	3889	;# 
  2210   000F32                     RXB1SIDL        equ	3890	;# 
  2211   000F33                     RXB1EIDH        equ	3891	;# 
  2212   000F34                     RXB1EIDL        equ	3892	;# 
  2213   000F35                     RXB1DLC         equ	3893	;# 
  2214   000F36                     RXB1D0          equ	3894	;# 
  2215   000F37                     RXB1D1          equ	3895	;# 
  2216   000F38                     RXB1D2          equ	3896	;# 
  2217   000F39                     RXB1D3          equ	3897	;# 
  2218   000F3A                     RXB1D4          equ	3898	;# 
  2219   000F3B                     RXB1D5          equ	3899	;# 
  2220   000F3C                     RXB1D6          equ	3900	;# 
  2221   000F3D                     RXB1D7          equ	3901	;# 
  2222   000F3E                     CANSTAT_RO0     equ	3902	;# 
  2223   000F3F                     CANCON_RO0      equ	3903	;# 
  2224   000F47                     CCP5CON         equ	3911	;# 
  2225   000F48                     CCPR5           equ	3912	;# 
  2226   000F48                     CCPR5L          equ	3912	;# 
  2227   000F49                     CCPR5H          equ	3913	;# 
  2228   000F4A                     CCP4CON         equ	3914	;# 
  2229   000F4B                     CCPR4           equ	3915	;# 
  2230   000F4B                     CCPR4L          equ	3915	;# 
  2231   000F4C                     CCPR4H          equ	3916	;# 
  2232   000F4D                     CCP3CON         equ	3917	;# 
  2233   000F4E                     CCPR3           equ	3918	;# 
  2234   000F4E                     CCPR3L          equ	3918	;# 
  2235   000F4F                     CCPR3H          equ	3919	;# 
  2236   000F50                     CCP2CON         equ	3920	;# 
  2237   000F50                     ECCP2CON        equ	3920	;# 
  2238   000F51                     CCPR2           equ	3921	;# 
  2239   000F51                     CCPR2L          equ	3921	;# 
  2240   000F52                     CCPR2H          equ	3922	;# 
  2241   000F53                     CTMUICON        equ	3923	;# 
  2242   000F54                     CTMUCONL        equ	3924	;# 
  2243   000F55                     CTMUCONH        equ	3925	;# 
  2244   000F56                     PADCFG1         equ	3926	;# 
  2245   000F57                     PMD2            equ	3927	;# 
  2246   000F58                     PMD1            equ	3928	;# 
  2247   000F59                     PMD0            equ	3929	;# 
  2248   000F5A                     IOCB            equ	3930	;# 
  2249   000F5B                     WPUB            equ	3931	;# 
  2250   000F5C                     ANCON1          equ	3932	;# 
  2251   000F5D                     ANCON0          equ	3933	;# 
  2252   000F5E                     CM2CON          equ	3934	;# 
  2253   000F5E                     CM2CON1         equ	3934	;# 
  2254   000F5F                     CM1CON          equ	3935	;# 
  2255   000F5F                     CM1CON1         equ	3935	;# 
  2256   000F60                     RXB0CON         equ	3936	;# 
  2257   000F61                     RXB0SIDH        equ	3937	;# 
  2258   000F62                     RXB0SIDL        equ	3938	;# 
  2259   000F63                     RXB0EIDH        equ	3939	;# 
  2260   000F64                     RXB0EIDL        equ	3940	;# 
  2261   000F65                     RXB0DLC         equ	3941	;# 
  2262   000F66                     RXB0D0          equ	3942	;# 
  2263   000F67                     RXB0D1          equ	3943	;# 
  2264   000F68                     RXB0D2          equ	3944	;# 
  2265   000F69                     RXB0D3          equ	3945	;# 
  2266   000F6A                     RXB0D4          equ	3946	;# 
  2267   000F6B                     RXB0D5          equ	3947	;# 
  2268   000F6C                     RXB0D6          equ	3948	;# 
  2269   000F6D                     RXB0D7          equ	3949	;# 
  2270   000F6E                     CANSTAT         equ	3950	;# 
  2271   000F6F                     CANCON          equ	3951	;# 
  2272   000F70                     CIOCON          equ	3952	;# 
  2273   000F71                     COMSTAT         equ	3953	;# 
  2274   000F72                     ECANCON         equ	3954	;# 
  2275   000F73                     EEDATA          equ	3955	;# 
  2276   000F74                     EEADR           equ	3956	;# 
  2277   000F75                     EEADRH          equ	3957	;# 
  2278   000F76                     PIE5            equ	3958	;# 
  2279   000F77                     PIR5            equ	3959	;# 
  2280   000F78                     IPR5            equ	3960	;# 
  2281   000F79                     TXREG2          equ	3961	;# 
  2282   000F7A                     RCREG2          equ	3962	;# 
  2283   000F7B                     SPBRG2          equ	3963	;# 
  2284   000F7C                     SPBRGH2         equ	3964	;# 
  2285   000F7D                     SPBRGH1         equ	3965	;# 
  2286   000F7E                     EECON2          equ	3966	;# 
  2287   000F7F                     EECON1          equ	3967	;# 
  2288   000F80                     PORTA           equ	3968	;# 
  2289   000F81                     PORTB           equ	3969	;# 
  2290   000F82                     PORTC           equ	3970	;# 
  2291   000F84                     PORTE           equ	3972	;# 
  2292   000F87                     TMR4            equ	3975	;# 
  2293   000F88                     T4CON           equ	3976	;# 
  2294   000F89                     LATA            equ	3977	;# 
  2295   000F8A                     LATB            equ	3978	;# 
  2296   000F8B                     LATC            equ	3979	;# 
  2297   000F90                     SLRCON          equ	3984	;# 
  2298   000F91                     ODCON           equ	3985	;# 
  2299   000F92                     TRISA           equ	3986	;# 
  2300   000F93                     TRISB           equ	3987	;# 
  2301   000F94                     TRISC           equ	3988	;# 
  2302   000F99                     CCPTMRS         equ	3993	;# 
  2303   000F9A                     REFOCON         equ	3994	;# 
  2304   000F9B                     OSCTUNE         equ	3995	;# 
  2305   000F9C                     PSTR1CON        equ	3996	;# 
  2306   000F9D                     PIE1            equ	3997	;# 
  2307   000F9E                     PIR1            equ	3998	;# 
  2308   000F9F                     IPR1            equ	3999	;# 
  2309   000FA0                     PIE2            equ	4000	;# 
  2310   000FA1                     PIR2            equ	4001	;# 
  2311   000FA2                     IPR2            equ	4002	;# 
  2312   000FA3                     PIE3            equ	4003	;# 
  2313   000FA4                     PIR3            equ	4004	;# 
  2314   000FA5                     IPR3            equ	4005	;# 
  2315   000FA6                     RCSTA2          equ	4006	;# 
  2316   000FA7                     BAUDCON1        equ	4007	;# 
  2317   000FA8                     HLVDCON         equ	4008	;# 
  2318   000FA9                     PR4             equ	4009	;# 
  2319   000FAA                     T1GCON          equ	4010	;# 
  2320   000FAB                     RCSTA1          equ	4011	;# 
  2321   000FAB                     RCSTA           equ	4011	;# 
  2322   000FAC                     TXSTA1          equ	4012	;# 
  2323   000FAC                     TXSTA           equ	4012	;# 
  2324   000FAD                     TXREG1          equ	4013	;# 
  2325   000FAD                     TXREG           equ	4013	;# 
  2326   000FAE                     RCREG1          equ	4014	;# 
  2327   000FAE                     RCREG           equ	4014	;# 
  2328   000FAF                     SPBRG1          equ	4015	;# 
  2329   000FAF                     SPBRG           equ	4015	;# 
  2330   000FB0                     T3GCON          equ	4016	;# 
  2331   000FB1                     T3CON           equ	4017	;# 
  2332   000FB2                     TMR3            equ	4018	;# 
  2333   000FB2                     TMR3L           equ	4018	;# 
  2334   000FB3                     TMR3H           equ	4019	;# 
  2335   000FB4                     CMSTAT          equ	4020	;# 
  2336   000FB4                     CMSTATUS        equ	4020	;# 
  2337   000FB5                     CVRCON          equ	4021	;# 
  2338   000FB6                     PIE4            equ	4022	;# 
  2339   000FB7                     PIR4            equ	4023	;# 
  2340   000FB8                     IPR4            equ	4024	;# 
  2341   000FB9                     BAUDCON2        equ	4025	;# 
  2342   000FBA                     TXSTA2          equ	4026	;# 
  2343   000FBB                     CCP1CON         equ	4027	;# 
  2344   000FBB                     ECCP1CON        equ	4027	;# 
  2345   000FBC                     CCPR1           equ	4028	;# 
  2346   000FBC                     CCPR1L          equ	4028	;# 
  2347   000FBD                     CCPR1H          equ	4029	;# 
  2348   000FBE                     ECCP1DEL        equ	4030	;# 
  2349   000FBE                     PWM1CON         equ	4030	;# 
  2350   000FBF                     ECCP1AS         equ	4031	;# 
  2351   000FC0                     ADCON2          equ	4032	;# 
  2352   000FC1                     ADCON1          equ	4033	;# 
  2353   000FC2                     ADCON0          equ	4034	;# 
  2354   000FC3                     ADRES           equ	4035	;# 
  2355   000FC3                     ADRESL          equ	4035	;# 
  2356   000FC4                     ADRESH          equ	4036	;# 
  2357   000FC5                     SSPCON2         equ	4037	;# 
  2358   000FC6                     SSPCON1         equ	4038	;# 
  2359   000FC7                     SSPSTAT         equ	4039	;# 
  2360   000FC8                     SSPADD          equ	4040	;# 
  2361   000FC9                     SSPBUF          equ	4041	;# 
  2362   000FCA                     T2CON           equ	4042	;# 
  2363   000FCB                     PR2             equ	4043	;# 
  2364   000FCB                     MEMCON          equ	4043	;# 
  2365   000FCC                     TMR2            equ	4044	;# 
  2366   000FCD                     T1CON           equ	4045	;# 
  2367   000FCE                     TMR1            equ	4046	;# 
  2368   000FCE                     TMR1L           equ	4046	;# 
  2369   000FCF                     TMR1H           equ	4047	;# 
  2370   000FD0                     RCON            equ	4048	;# 
  2371   000FD1                     WDTCON          equ	4049	;# 
  2372   000FD2                     OSCCON2         equ	4050	;# 
  2373   000FD3                     OSCCON          equ	4051	;# 
  2374   000FD5                     T0CON           equ	4053	;# 
  2375   000FD6                     TMR0            equ	4054	;# 
  2376   000FD6                     TMR0L           equ	4054	;# 
  2377   000FD7                     TMR0H           equ	4055	;# 
  2378   000FD8                     STATUS          equ	4056	;# 
  2379   000FD9                     FSR2            equ	4057	;# 
  2380   000FD9                     FSR2L           equ	4057	;# 
  2381   000FDA                     FSR2H           equ	4058	;# 
  2382   000FDB                     PLUSW2          equ	4059	;# 
  2383   000FDC                     PREINC2         equ	4060	;# 
  2384   000FDD                     POSTDEC2        equ	4061	;# 
  2385   000FDE                     POSTINC2        equ	4062	;# 
  2386   000FDF                     INDF2           equ	4063	;# 
  2387   000FE0                     BSR             equ	4064	;# 
  2388   000FE1                     FSR1            equ	4065	;# 
  2389   000FE1                     FSR1L           equ	4065	;# 
  2390   000FE2                     FSR1H           equ	4066	;# 
  2391   000FE3                     PLUSW1          equ	4067	;# 
  2392   000FE4                     PREINC1         equ	4068	;# 
  2393   000FE5                     POSTDEC1        equ	4069	;# 
  2394   000FE6                     POSTINC1        equ	4070	;# 
  2395   000FE7                     INDF1           equ	4071	;# 
  2396   000FE8                     WREG            equ	4072	;# 
  2397   000FE9                     FSR0            equ	4073	;# 
  2398   000FE9                     FSR0L           equ	4073	;# 
  2399   000FEA                     FSR0H           equ	4074	;# 
  2400   000FEB                     PLUSW0          equ	4075	;# 
  2401   000FEC                     PREINC0         equ	4076	;# 
  2402   000FED                     POSTDEC0        equ	4077	;# 
  2403   000FEE                     POSTINC0        equ	4078	;# 
  2404   000FEF                     INDF0           equ	4079	;# 
  2405   000FF0                     INTCON3         equ	4080	;# 
  2406   000FF1                     INTCON2         equ	4081	;# 
  2407   000FF2                     INTCON          equ	4082	;# 
  2408   000FF2                     INTCON1         equ	4082	;# 
  2409   000FF3                     PROD            equ	4083	;# 
  2410   000FF3                     PRODL           equ	4083	;# 
  2411   000FF4                     PRODH           equ	4084	;# 
  2412   000FF5                     TABLAT          equ	4085	;# 
  2413   000FF6                     TBLPTR          equ	4086	;# 
  2414   000FF6                     TBLPTRL         equ	4086	;# 
  2415   000FF7                     TBLPTRH         equ	4087	;# 
  2416   000FF8                     TBLPTRU         equ	4088	;# 
  2417   000FF9                     PCLAT           equ	4089	;# 
  2418   000FF9                     PC              equ	4089	;# 
  2419   000FF9                     PCL             equ	4089	;# 
  2420   000FFA                     PCLATH          equ	4090	;# 
  2421   000FFB                     PCLATU          equ	4091	;# 
  2422   000FFC                     STKPTR          equ	4092	;# 
  2423   000FFD                     TOS             equ	4093	;# 
  2424   000FFD                     TOSL            equ	4093	;# 
  2425   000FFE                     TOSH            equ	4094	;# 
  2426   000FFF                     TOSU            equ	4095	;# 
  2427   000E41                     RXERRCNT        equ	3649	;# 
  2428   000E42                     TXERRCNT        equ	3650	;# 
  2429   000E43                     BRGCON1         equ	3651	;# 
  2430   000E44                     BRGCON2         equ	3652	;# 
  2431   000E45                     BRGCON3         equ	3653	;# 
  2432   000E46                     RXFCON0         equ	3654	;# 
  2433   000E47                     RXFCON1         equ	3655	;# 
  2434   000E48                     RXF6SIDH        equ	3656	;# 
  2435   000E49                     RXF6SIDL        equ	3657	;# 
  2436   000E4A                     RXF6EIDH        equ	3658	;# 
  2437   000E4B                     RXF6EIDL        equ	3659	;# 
  2438   000E4C                     RXF7SIDH        equ	3660	;# 
  2439   000E4D                     RXF7SIDL        equ	3661	;# 
  2440   000E4E                     RXF7EIDH        equ	3662	;# 
  2441   000E4F                     RXF7EIDL        equ	3663	;# 
  2442   000E50                     RXF8SIDH        equ	3664	;# 
  2443   000E51                     RXF8SIDL        equ	3665	;# 
  2444   000E52                     RXF8EIDH        equ	3666	;# 
  2445   000E53                     RXF8EIDL        equ	3667	;# 
  2446   000E54                     RXF9SIDH        equ	3668	;# 
  2447   000E55                     RXF9SIDL        equ	3669	;# 
  2448   000E56                     RXF9EIDH        equ	3670	;# 
  2449   000E57                     RXF9EIDL        equ	3671	;# 
  2450   000E58                     RXF10SIDH       equ	3672	;# 
  2451   000E59                     RXF10SIDL       equ	3673	;# 
  2452   000E5A                     RXF10EIDH       equ	3674	;# 
  2453   000E5B                     RXF10EIDL       equ	3675	;# 
  2454   000E5C                     RXF11SIDH       equ	3676	;# 
  2455   000E5D                     RXF11SIDL       equ	3677	;# 
  2456   000E5E                     RXF11EIDH       equ	3678	;# 
  2457   000E5F                     RXF11EIDL       equ	3679	;# 
  2458   000E60                     RXF12SIDH       equ	3680	;# 
  2459   000E61                     RXF12SIDL       equ	3681	;# 
  2460   000E62                     RXF12EIDH       equ	3682	;# 
  2461   000E63                     RXF12EIDL       equ	3683	;# 
  2462   000E64                     RXF13SIDH       equ	3684	;# 
  2463   000E65                     RXF13SIDL       equ	3685	;# 
  2464   000E66                     RXF13EIDH       equ	3686	;# 
  2465   000E67                     RXF13EIDL       equ	3687	;# 
  2466   000E68                     RXF14SIDH       equ	3688	;# 
  2467   000E69                     RXF14SIDL       equ	3689	;# 
  2468   000E6A                     RXF14EIDH       equ	3690	;# 
  2469   000E6B                     RXF14EIDL       equ	3691	;# 
  2470   000E6C                     RXF15SIDH       equ	3692	;# 
  2471   000E6D                     RXF15SIDL       equ	3693	;# 
  2472   000E6E                     RXF15EIDH       equ	3694	;# 
  2473   000E6F                     RXF15EIDL       equ	3695	;# 
  2474   000E70                     SDFLC           equ	3696	;# 
  2475   000E71                     RXFBCON0        equ	3697	;# 
  2476   000E72                     RXFBCON1        equ	3698	;# 
  2477   000E73                     RXFBCON2        equ	3699	;# 
  2478   000E74                     RXFBCON3        equ	3700	;# 
  2479   000E75                     RXFBCON4        equ	3701	;# 
  2480   000E76                     RXFBCON5        equ	3702	;# 
  2481   000E77                     RXFBCON6        equ	3703	;# 
  2482   000E78                     RXFBCON7        equ	3704	;# 
  2483   000E79                     MSEL0           equ	3705	;# 
  2484   000E7A                     MSEL1           equ	3706	;# 
  2485   000E7B                     MSEL2           equ	3707	;# 
  2486   000E7C                     MSEL3           equ	3708	;# 
  2487   000E7D                     BSEL0           equ	3709	;# 
  2488   000E7E                     BIE0            equ	3710	;# 
  2489   000E7F                     TXBIE           equ	3711	;# 
  2490   000E80                     B0CON           equ	3712	;# 
  2491   000E81                     B0SIDH          equ	3713	;# 
  2492   000E82                     B0SIDL          equ	3714	;# 
  2493   000E83                     B0EIDH          equ	3715	;# 
  2494   000E84                     B0EIDL          equ	3716	;# 
  2495   000E85                     B0DLC           equ	3717	;# 
  2496   000E86                     B0D0            equ	3718	;# 
  2497   000E87                     B0D1            equ	3719	;# 
  2498   000E88                     B0D2            equ	3720	;# 
  2499   000E89                     B0D3            equ	3721	;# 
  2500   000E8A                     B0D4            equ	3722	;# 
  2501   000E8B                     B0D5            equ	3723	;# 
  2502   000E8C                     B0D6            equ	3724	;# 
  2503   000E8D                     B0D7            equ	3725	;# 
  2504   000E8E                     CANSTAT_RO9     equ	3726	;# 
  2505   000E8F                     CANCON_RO9      equ	3727	;# 
  2506   000E90                     B1CON           equ	3728	;# 
  2507   000E91                     B1SIDH          equ	3729	;# 
  2508   000E92                     B1SIDL          equ	3730	;# 
  2509   000E93                     B1EIDH          equ	3731	;# 
  2510   000E94                     B1EIDL          equ	3732	;# 
  2511   000E95                     B1DLC           equ	3733	;# 
  2512   000E96                     B1D0            equ	3734	;# 
  2513   000E97                     B1D1            equ	3735	;# 
  2514   000E98                     B1D2            equ	3736	;# 
  2515   000E99                     B1D3            equ	3737	;# 
  2516   000E9A                     B1D4            equ	3738	;# 
  2517   000E9B                     B1D5            equ	3739	;# 
  2518   000E9C                     B1D6            equ	3740	;# 
  2519   000E9D                     B1D7            equ	3741	;# 
  2520   000E9E                     CANSTAT_RO8     equ	3742	;# 
  2521   000E9F                     CANCON_RO8      equ	3743	;# 
  2522   000EA0                     B2CON           equ	3744	;# 
  2523   000EA1                     B2SIDH          equ	3745	;# 
  2524   000EA2                     B2SIDL          equ	3746	;# 
  2525   000EA3                     B2EIDH          equ	3747	;# 
  2526   000EA4                     B2EIDL          equ	3748	;# 
  2527   000EA5                     B2DLC           equ	3749	;# 
  2528   000EA6                     B2D0            equ	3750	;# 
  2529   000EA7                     B2D1            equ	3751	;# 
  2530   000EA8                     B2D2            equ	3752	;# 
  2531   000EA9                     B2D3            equ	3753	;# 
  2532   000EAA                     B2D4            equ	3754	;# 
  2533   000EAB                     B2D5            equ	3755	;# 
  2534   000EAC                     B2D6            equ	3756	;# 
  2535   000EAD                     B2D7            equ	3757	;# 
  2536   000EAE                     CANSTAT_RO7     equ	3758	;# 
  2537   000EAF                     CANCON_RO7      equ	3759	;# 
  2538   000EB0                     B3CON           equ	3760	;# 
  2539   000EB1                     B3SIDH          equ	3761	;# 
  2540   000EB2                     B3SIDL          equ	3762	;# 
  2541   000EB3                     B3EIDH          equ	3763	;# 
  2542   000EB4                     B3EIDL          equ	3764	;# 
  2543   000EB5                     B3DLC           equ	3765	;# 
  2544   000EB6                     B3D0            equ	3766	;# 
  2545   000EB7                     B3D1            equ	3767	;# 
  2546   000EB8                     B3D2            equ	3768	;# 
  2547   000EB9                     B3D3            equ	3769	;# 
  2548   000EBA                     B3D4            equ	3770	;# 
  2549   000EBB                     B3D5            equ	3771	;# 
  2550   000EBC                     B3D6            equ	3772	;# 
  2551   000EBD                     B3D7            equ	3773	;# 
  2552   000EBE                     CANSTAT_RO6     equ	3774	;# 
  2553   000EBF                     CANCON_RO6      equ	3775	;# 
  2554   000EC0                     B4CON           equ	3776	;# 
  2555   000EC1                     B4SIDH          equ	3777	;# 
  2556   000EC2                     B4SIDL          equ	3778	;# 
  2557   000EC3                     B4EIDH          equ	3779	;# 
  2558   000EC4                     B4EIDL          equ	3780	;# 
  2559   000EC5                     B4DLC           equ	3781	;# 
  2560   000EC6                     B4D0            equ	3782	;# 
  2561   000EC7                     B4D1            equ	3783	;# 
  2562   000EC8                     B4D2            equ	3784	;# 
  2563   000EC9                     B4D3            equ	3785	;# 
  2564   000ECA                     B4D4            equ	3786	;# 
  2565   000ECB                     B4D5            equ	3787	;# 
  2566   000ECC                     B4D6            equ	3788	;# 
  2567   000ECD                     B4D7            equ	3789	;# 
  2568   000ECE                     CANSTAT_RO5     equ	3790	;# 
  2569   000ECF                     CANCON_RO5      equ	3791	;# 
  2570   000ED0                     B5CON           equ	3792	;# 
  2571   000ED1                     B5SIDH          equ	3793	;# 
  2572   000ED2                     B5SIDL          equ	3794	;# 
  2573   000ED3                     B5EIDH          equ	3795	;# 
  2574   000ED4                     B5EIDL          equ	3796	;# 
  2575   000ED5                     B5DLC           equ	3797	;# 
  2576   000ED6                     B5D0            equ	3798	;# 
  2577   000ED7                     B5D1            equ	3799	;# 
  2578   000ED8                     B5D2            equ	3800	;# 
  2579   000ED9                     B5D3            equ	3801	;# 
  2580   000EDA                     B5D4            equ	3802	;# 
  2581   000EDB                     B5D5            equ	3803	;# 
  2582   000EDC                     B5D6            equ	3804	;# 
  2583   000EDD                     B5D7            equ	3805	;# 
  2584   000EDE                     CANSTAT_RO4     equ	3806	;# 
  2585   000EDF                     CANCON_RO4      equ	3807	;# 
  2586   000EE0                     RXF0SIDH        equ	3808	;# 
  2587   000EE1                     RXF0SIDL        equ	3809	;# 
  2588   000EE2                     RXF0EIDH        equ	3810	;# 
  2589   000EE3                     RXF0EIDL        equ	3811	;# 
  2590   000EE4                     RXF1SIDH        equ	3812	;# 
  2591   000EE5                     RXF1SIDL        equ	3813	;# 
  2592   000EE6                     RXF1EIDH        equ	3814	;# 
  2593   000EE7                     RXF1EIDL        equ	3815	;# 
  2594   000EE8                     RXF2SIDH        equ	3816	;# 
  2595   000EE9                     RXF2SIDL        equ	3817	;# 
  2596   000EEA                     RXF2EIDH        equ	3818	;# 
  2597   000EEB                     RXF2EIDL        equ	3819	;# 
  2598   000EEC                     RXF3SIDH        equ	3820	;# 
  2599   000EED                     RXF3SIDL        equ	3821	;# 
  2600   000EEE                     RXF3EIDH        equ	3822	;# 
  2601   000EEF                     RXF3EIDL        equ	3823	;# 
  2602   000EF0                     RXF4SIDH        equ	3824	;# 
  2603   000EF1                     RXF4SIDL        equ	3825	;# 
  2604   000EF2                     RXF4EIDH        equ	3826	;# 
  2605   000EF3                     RXF4EIDL        equ	3827	;# 
  2606   000EF4                     RXF5SIDH        equ	3828	;# 
  2607   000EF5                     RXF5SIDL        equ	3829	;# 
  2608   000EF6                     RXF5EIDH        equ	3830	;# 
  2609   000EF7                     RXF5EIDL        equ	3831	;# 
  2610   000EF8                     RXM0SIDH        equ	3832	;# 
  2611   000EF9                     RXM0SIDL        equ	3833	;# 
  2612   000EFA                     RXM0EIDH        equ	3834	;# 
  2613   000EFB                     RXM0EIDL        equ	3835	;# 
  2614   000EFC                     RXM1SIDH        equ	3836	;# 
  2615   000EFD                     RXM1SIDL        equ	3837	;# 
  2616   000EFE                     RXM1EIDH        equ	3838	;# 
  2617   000EFF                     RXM1EIDL        equ	3839	;# 
  2618   000F00                     TXB2CON         equ	3840	;# 
  2619   000F01                     TXB2SIDH        equ	3841	;# 
  2620   000F02                     TXB2SIDL        equ	3842	;# 
  2621   000F03                     TXB2EIDH        equ	3843	;# 
  2622   000F04                     TXB2EIDL        equ	3844	;# 
  2623   000F05                     TXB2DLC         equ	3845	;# 
  2624   000F06                     TXB2D0          equ	3846	;# 
  2625   000F07                     TXB2D1          equ	3847	;# 
  2626   000F08                     TXB2D2          equ	3848	;# 
  2627   000F09                     TXB2D3          equ	3849	;# 
  2628   000F0A                     TXB2D4          equ	3850	;# 
  2629   000F0B                     TXB2D5          equ	3851	;# 
  2630   000F0C                     TXB2D6          equ	3852	;# 
  2631   000F0D                     TXB2D7          equ	3853	;# 
  2632   000F0E                     CANSTAT_RO3     equ	3854	;# 
  2633   000F0F                     CANCON_RO3      equ	3855	;# 
  2634   000F10                     TXB1CON         equ	3856	;# 
  2635   000F11                     TXB1SIDH        equ	3857	;# 
  2636   000F12                     TXB1SIDL        equ	3858	;# 
  2637   000F13                     TXB1EIDH        equ	3859	;# 
  2638   000F14                     TXB1EIDL        equ	3860	;# 
  2639   000F15                     TXB1DLC         equ	3861	;# 
  2640   000F16                     TXB1D0          equ	3862	;# 
  2641   000F17                     TXB1D1          equ	3863	;# 
  2642   000F18                     TXB1D2          equ	3864	;# 
  2643   000F19                     TXB1D3          equ	3865	;# 
  2644   000F1A                     TXB1D4          equ	3866	;# 
  2645   000F1B                     TXB1D5          equ	3867	;# 
  2646   000F1C                     TXB1D6          equ	3868	;# 
  2647   000F1D                     TXB1D7          equ	3869	;# 
  2648   000F1E                     CANSTAT_RO2     equ	3870	;# 
  2649   000F1F                     CANCON_RO2      equ	3871	;# 
  2650   000F20                     TXB0CON         equ	3872	;# 
  2651   000F21                     TXB0SIDH        equ	3873	;# 
  2652   000F22                     TXB0SIDL        equ	3874	;# 
  2653   000F23                     TXB0EIDH        equ	3875	;# 
  2654   000F24                     TXB0EIDL        equ	3876	;# 
  2655   000F25                     TXB0DLC         equ	3877	;# 
  2656   000F26                     TXB0D0          equ	3878	;# 
  2657   000F27                     TXB0D1          equ	3879	;# 
  2658   000F28                     TXB0D2          equ	3880	;# 
  2659   000F29                     TXB0D3          equ	3881	;# 
  2660   000F2A                     TXB0D4          equ	3882	;# 
  2661   000F2B                     TXB0D5          equ	3883	;# 
  2662   000F2C                     TXB0D6          equ	3884	;# 
  2663   000F2D                     TXB0D7          equ	3885	;# 
  2664   000F2E                     CANSTAT_RO1     equ	3886	;# 
  2665   000F2F                     CANCON_RO1      equ	3887	;# 
  2666   000F30                     RXB1CON         equ	3888	;# 
  2667   000F31                     RXB1SIDH        equ	3889	;# 
  2668   000F32                     RXB1SIDL        equ	3890	;# 
  2669   000F33                     RXB1EIDH        equ	3891	;# 
  2670   000F34                     RXB1EIDL        equ	3892	;# 
  2671   000F35                     RXB1DLC         equ	3893	;# 
  2672   000F36                     RXB1D0          equ	3894	;# 
  2673   000F37                     RXB1D1          equ	3895	;# 
  2674   000F38                     RXB1D2          equ	3896	;# 
  2675   000F39                     RXB1D3          equ	3897	;# 
  2676   000F3A                     RXB1D4          equ	3898	;# 
  2677   000F3B                     RXB1D5          equ	3899	;# 
  2678   000F3C                     RXB1D6          equ	3900	;# 
  2679   000F3D                     RXB1D7          equ	3901	;# 
  2680   000F3E                     CANSTAT_RO0     equ	3902	;# 
  2681   000F3F                     CANCON_RO0      equ	3903	;# 
  2682   000F47                     CCP5CON         equ	3911	;# 
  2683   000F48                     CCPR5           equ	3912	;# 
  2684   000F48                     CCPR5L          equ	3912	;# 
  2685   000F49                     CCPR5H          equ	3913	;# 
  2686   000F4A                     CCP4CON         equ	3914	;# 
  2687   000F4B                     CCPR4           equ	3915	;# 
  2688   000F4B                     CCPR4L          equ	3915	;# 
  2689   000F4C                     CCPR4H          equ	3916	;# 
  2690   000F4D                     CCP3CON         equ	3917	;# 
  2691   000F4E                     CCPR3           equ	3918	;# 
  2692   000F4E                     CCPR3L          equ	3918	;# 
  2693   000F4F                     CCPR3H          equ	3919	;# 
  2694   000F50                     CCP2CON         equ	3920	;# 
  2695   000F50                     ECCP2CON        equ	3920	;# 
  2696   000F51                     CCPR2           equ	3921	;# 
  2697   000F51                     CCPR2L          equ	3921	;# 
  2698   000F52                     CCPR2H          equ	3922	;# 
  2699   000F53                     CTMUICON        equ	3923	;# 
  2700   000F54                     CTMUCONL        equ	3924	;# 
  2701   000F55                     CTMUCONH        equ	3925	;# 
  2702   000F56                     PADCFG1         equ	3926	;# 
  2703   000F57                     PMD2            equ	3927	;# 
  2704   000F58                     PMD1            equ	3928	;# 
  2705   000F59                     PMD0            equ	3929	;# 
  2706   000F5A                     IOCB            equ	3930	;# 
  2707   000F5B                     WPUB            equ	3931	;# 
  2708   000F5C                     ANCON1          equ	3932	;# 
  2709   000F5D                     ANCON0          equ	3933	;# 
  2710   000F5E                     CM2CON          equ	3934	;# 
  2711   000F5E                     CM2CON1         equ	3934	;# 
  2712   000F5F                     CM1CON          equ	3935	;# 
  2713   000F5F                     CM1CON1         equ	3935	;# 
  2714   000F60                     RXB0CON         equ	3936	;# 
  2715   000F61                     RXB0SIDH        equ	3937	;# 
  2716   000F62                     RXB0SIDL        equ	3938	;# 
  2717   000F63                     RXB0EIDH        equ	3939	;# 
  2718   000F64                     RXB0EIDL        equ	3940	;# 
  2719   000F65                     RXB0DLC         equ	3941	;# 
  2720   000F66                     RXB0D0          equ	3942	;# 
  2721   000F67                     RXB0D1          equ	3943	;# 
  2722   000F68                     RXB0D2          equ	3944	;# 
  2723   000F69                     RXB0D3          equ	3945	;# 
  2724   000F6A                     RXB0D4          equ	3946	;# 
  2725   000F6B                     RXB0D5          equ	3947	;# 
  2726   000F6C                     RXB0D6          equ	3948	;# 
  2727   000F6D                     RXB0D7          equ	3949	;# 
  2728   000F6E                     CANSTAT         equ	3950	;# 
  2729   000F6F                     CANCON          equ	3951	;# 
  2730   000F70                     CIOCON          equ	3952	;# 
  2731   000F71                     COMSTAT         equ	3953	;# 
  2732   000F72                     ECANCON         equ	3954	;# 
  2733   000F73                     EEDATA          equ	3955	;# 
  2734   000F74                     EEADR           equ	3956	;# 
  2735   000F75                     EEADRH          equ	3957	;# 
  2736   000F76                     PIE5            equ	3958	;# 
  2737   000F77                     PIR5            equ	3959	;# 
  2738   000F78                     IPR5            equ	3960	;# 
  2739   000F79                     TXREG2          equ	3961	;# 
  2740   000F7A                     RCREG2          equ	3962	;# 
  2741   000F7B                     SPBRG2          equ	3963	;# 
  2742   000F7C                     SPBRGH2         equ	3964	;# 
  2743   000F7D                     SPBRGH1         equ	3965	;# 
  2744   000F7E                     EECON2          equ	3966	;# 
  2745   000F7F                     EECON1          equ	3967	;# 
  2746   000F80                     PORTA           equ	3968	;# 
  2747   000F81                     PORTB           equ	3969	;# 
  2748   000F82                     PORTC           equ	3970	;# 
  2749   000F84                     PORTE           equ	3972	;# 
  2750   000F87                     TMR4            equ	3975	;# 
  2751   000F88                     T4CON           equ	3976	;# 
  2752   000F89                     LATA            equ	3977	;# 
  2753   000F8A                     LATB            equ	3978	;# 
  2754   000F8B                     LATC            equ	3979	;# 
  2755   000F90                     SLRCON          equ	3984	;# 
  2756   000F91                     ODCON           equ	3985	;# 
  2757   000F92                     TRISA           equ	3986	;# 
  2758   000F93                     TRISB           equ	3987	;# 
  2759   000F94                     TRISC           equ	3988	;# 
  2760   000F99                     CCPTMRS         equ	3993	;# 
  2761   000F9A                     REFOCON         equ	3994	;# 
  2762   000F9B                     OSCTUNE         equ	3995	;# 
  2763   000F9C                     PSTR1CON        equ	3996	;# 
  2764   000F9D                     PIE1            equ	3997	;# 
  2765   000F9E                     PIR1            equ	3998	;# 
  2766   000F9F                     IPR1            equ	3999	;# 
  2767   000FA0                     PIE2            equ	4000	;# 
  2768   000FA1                     PIR2            equ	4001	;# 
  2769   000FA2                     IPR2            equ	4002	;# 
  2770   000FA3                     PIE3            equ	4003	;# 
  2771   000FA4                     PIR3            equ	4004	;# 
  2772   000FA5                     IPR3            equ	4005	;# 
  2773   000FA6                     RCSTA2          equ	4006	;# 
  2774   000FA7                     BAUDCON1        equ	4007	;# 
  2775   000FA8                     HLVDCON         equ	4008	;# 
  2776   000FA9                     PR4             equ	4009	;# 
  2777   000FAA                     T1GCON          equ	4010	;# 
  2778   000FAB                     RCSTA1          equ	4011	;# 
  2779   000FAB                     RCSTA           equ	4011	;# 
  2780   000FAC                     TXSTA1          equ	4012	;# 
  2781   000FAC                     TXSTA           equ	4012	;# 
  2782   000FAD                     TXREG1          equ	4013	;# 
  2783   000FAD                     TXREG           equ	4013	;# 
  2784   000FAE                     RCREG1          equ	4014	;# 
  2785   000FAE                     RCREG           equ	4014	;# 
  2786   000FAF                     SPBRG1          equ	4015	;# 
  2787   000FAF                     SPBRG           equ	4015	;# 
  2788   000FB0                     T3GCON          equ	4016	;# 
  2789   000FB1                     T3CON           equ	4017	;# 
  2790   000FB2                     TMR3            equ	4018	;# 
  2791   000FB2                     TMR3L           equ	4018	;# 
  2792   000FB3                     TMR3H           equ	4019	;# 
  2793   000FB4                     CMSTAT          equ	4020	;# 
  2794   000FB4                     CMSTATUS        equ	4020	;# 
  2795   000FB5                     CVRCON          equ	4021	;# 
  2796   000FB6                     PIE4            equ	4022	;# 
  2797   000FB7                     PIR4            equ	4023	;# 
  2798   000FB8                     IPR4            equ	4024	;# 
  2799   000FB9                     BAUDCON2        equ	4025	;# 
  2800   000FBA                     TXSTA2          equ	4026	;# 
  2801   000FBB                     CCP1CON         equ	4027	;# 
  2802   000FBB                     ECCP1CON        equ	4027	;# 
  2803   000FBC                     CCPR1           equ	4028	;# 
  2804   000FBC                     CCPR1L          equ	4028	;# 
  2805   000FBD                     CCPR1H          equ	4029	;# 
  2806   000FBE                     ECCP1DEL        equ	4030	;# 
  2807   000FBE                     PWM1CON         equ	4030	;# 
  2808   000FBF                     ECCP1AS         equ	4031	;# 
  2809   000FC0                     ADCON2          equ	4032	;# 
  2810   000FC1                     ADCON1          equ	4033	;# 
  2811   000FC2                     ADCON0          equ	4034	;# 
  2812   000FC3                     ADRES           equ	4035	;# 
  2813   000FC3                     ADRESL          equ	4035	;# 
  2814   000FC4                     ADRESH          equ	4036	;# 
  2815   000FC5                     SSPCON2         equ	4037	;# 
  2816   000FC6                     SSPCON1         equ	4038	;# 
  2817   000FC7                     SSPSTAT         equ	4039	;# 
  2818   000FC8                     SSPADD          equ	4040	;# 
  2819   000FC9                     SSPBUF          equ	4041	;# 
  2820   000FCA                     T2CON           equ	4042	;# 
  2821   000FCB                     PR2             equ	4043	;# 
  2822   000FCB                     MEMCON          equ	4043	;# 
  2823   000FCC                     TMR2            equ	4044	;# 
  2824   000FCD                     T1CON           equ	4045	;# 
  2825   000FCE                     TMR1            equ	4046	;# 
  2826   000FCE                     TMR1L           equ	4046	;# 
  2827   000FCF                     TMR1H           equ	4047	;# 
  2828   000FD0                     RCON            equ	4048	;# 
  2829   000FD1                     WDTCON          equ	4049	;# 
  2830   000FD2                     OSCCON2         equ	4050	;# 
  2831   000FD3                     OSCCON          equ	4051	;# 
  2832   000FD5                     T0CON           equ	4053	;# 
  2833   000FD6                     TMR0            equ	4054	;# 
  2834   000FD6                     TMR0L           equ	4054	;# 
  2835   000FD7                     TMR0H           equ	4055	;# 
  2836   000FD8                     STATUS          equ	4056	;# 
  2837   000FD9                     FSR2            equ	4057	;# 
  2838   000FD9                     FSR2L           equ	4057	;# 
  2839   000FDA                     FSR2H           equ	4058	;# 
  2840   000FDB                     PLUSW2          equ	4059	;# 
  2841   000FDC                     PREINC2         equ	4060	;# 
  2842   000FDD                     POSTDEC2        equ	4061	;# 
  2843   000FDE                     POSTINC2        equ	4062	;# 
  2844   000FDF                     INDF2           equ	4063	;# 
  2845   000FE0                     BSR             equ	4064	;# 
  2846   000FE1                     FSR1            equ	4065	;# 
  2847   000FE1                     FSR1L           equ	4065	;# 
  2848   000FE2                     FSR1H           equ	4066	;# 
  2849   000FE3                     PLUSW1          equ	4067	;# 
  2850   000FE4                     PREINC1         equ	4068	;# 
  2851   000FE5                     POSTDEC1        equ	4069	;# 
  2852   000FE6                     POSTINC1        equ	4070	;# 
  2853   000FE7                     INDF1           equ	4071	;# 
  2854   000FE8                     WREG            equ	4072	;# 
  2855   000FE9                     FSR0            equ	4073	;# 
  2856   000FE9                     FSR0L           equ	4073	;# 
  2857   000FEA                     FSR0H           equ	4074	;# 
  2858   000FEB                     PLUSW0          equ	4075	;# 
  2859   000FEC                     PREINC0         equ	4076	;# 
  2860   000FED                     POSTDEC0        equ	4077	;# 
  2861   000FEE                     POSTINC0        equ	4078	;# 
  2862   000FEF                     INDF0           equ	4079	;# 
  2863   000FF0                     INTCON3         equ	4080	;# 
  2864   000FF1                     INTCON2         equ	4081	;# 
  2865   000FF2                     INTCON          equ	4082	;# 
  2866   000FF2                     INTCON1         equ	4082	;# 
  2867   000FF3                     PROD            equ	4083	;# 
  2868   000FF3                     PRODL           equ	4083	;# 
  2869   000FF4                     PRODH           equ	4084	;# 
  2870   000FF5                     TABLAT          equ	4085	;# 
  2871   000FF6                     TBLPTR          equ	4086	;# 
  2872   000FF6                     TBLPTRL         equ	4086	;# 
  2873   000FF7                     TBLPTRH         equ	4087	;# 
  2874   000FF8                     TBLPTRU         equ	4088	;# 
  2875   000FF9                     PCLAT           equ	4089	;# 
  2876   000FF9                     PC              equ	4089	;# 
  2877   000FF9                     PCL             equ	4089	;# 
  2878   000FFA                     PCLATH          equ	4090	;# 
  2879   000FFB                     PCLATU          equ	4091	;# 
  2880   000FFC                     STKPTR          equ	4092	;# 
  2881   000FFD                     TOS             equ	4093	;# 
  2882   000FFD                     TOSL            equ	4093	;# 
  2883   000FFE                     TOSH            equ	4094	;# 
  2884   000FFF                     TOSU            equ	4095	;# 
  2885   000E41                     RXERRCNT        equ	3649	;# 
  2886   000E42                     TXERRCNT        equ	3650	;# 
  2887   000E43                     BRGCON1         equ	3651	;# 
  2888   000E44                     BRGCON2         equ	3652	;# 
  2889   000E45                     BRGCON3         equ	3653	;# 
  2890   000E46                     RXFCON0         equ	3654	;# 
  2891   000E47                     RXFCON1         equ	3655	;# 
  2892   000E48                     RXF6SIDH        equ	3656	;# 
  2893   000E49                     RXF6SIDL        equ	3657	;# 
  2894   000E4A                     RXF6EIDH        equ	3658	;# 
  2895   000E4B                     RXF6EIDL        equ	3659	;# 
  2896   000E4C                     RXF7SIDH        equ	3660	;# 
  2897   000E4D                     RXF7SIDL        equ	3661	;# 
  2898   000E4E                     RXF7EIDH        equ	3662	;# 
  2899   000E4F                     RXF7EIDL        equ	3663	;# 
  2900   000E50                     RXF8SIDH        equ	3664	;# 
  2901   000E51                     RXF8SIDL        equ	3665	;# 
  2902   000E52                     RXF8EIDH        equ	3666	;# 
  2903   000E53                     RXF8EIDL        equ	3667	;# 
  2904   000E54                     RXF9SIDH        equ	3668	;# 
  2905   000E55                     RXF9SIDL        equ	3669	;# 
  2906   000E56                     RXF9EIDH        equ	3670	;# 
  2907   000E57                     RXF9EIDL        equ	3671	;# 
  2908   000E58                     RXF10SIDH       equ	3672	;# 
  2909   000E59                     RXF10SIDL       equ	3673	;# 
  2910   000E5A                     RXF10EIDH       equ	3674	;# 
  2911   000E5B                     RXF10EIDL       equ	3675	;# 
  2912   000E5C                     RXF11SIDH       equ	3676	;# 
  2913   000E5D                     RXF11SIDL       equ	3677	;# 
  2914   000E5E                     RXF11EIDH       equ	3678	;# 
  2915   000E5F                     RXF11EIDL       equ	3679	;# 
  2916   000E60                     RXF12SIDH       equ	3680	;# 
  2917   000E61                     RXF12SIDL       equ	3681	;# 
  2918   000E62                     RXF12EIDH       equ	3682	;# 
  2919   000E63                     RXF12EIDL       equ	3683	;# 
  2920   000E64                     RXF13SIDH       equ	3684	;# 
  2921   000E65                     RXF13SIDL       equ	3685	;# 
  2922   000E66                     RXF13EIDH       equ	3686	;# 
  2923   000E67                     RXF13EIDL       equ	3687	;# 
  2924   000E68                     RXF14SIDH       equ	3688	;# 
  2925   000E69                     RXF14SIDL       equ	3689	;# 
  2926   000E6A                     RXF14EIDH       equ	3690	;# 
  2927   000E6B                     RXF14EIDL       equ	3691	;# 
  2928   000E6C                     RXF15SIDH       equ	3692	;# 
  2929   000E6D                     RXF15SIDL       equ	3693	;# 
  2930   000E6E                     RXF15EIDH       equ	3694	;# 
  2931   000E6F                     RXF15EIDL       equ	3695	;# 
  2932   000E70                     SDFLC           equ	3696	;# 
  2933   000E71                     RXFBCON0        equ	3697	;# 
  2934   000E72                     RXFBCON1        equ	3698	;# 
  2935   000E73                     RXFBCON2        equ	3699	;# 
  2936   000E74                     RXFBCON3        equ	3700	;# 
  2937   000E75                     RXFBCON4        equ	3701	;# 
  2938   000E76                     RXFBCON5        equ	3702	;# 
  2939   000E77                     RXFBCON6        equ	3703	;# 
  2940   000E78                     RXFBCON7        equ	3704	;# 
  2941   000E79                     MSEL0           equ	3705	;# 
  2942   000E7A                     MSEL1           equ	3706	;# 
  2943   000E7B                     MSEL2           equ	3707	;# 
  2944   000E7C                     MSEL3           equ	3708	;# 
  2945   000E7D                     BSEL0           equ	3709	;# 
  2946   000E7E                     BIE0            equ	3710	;# 
  2947   000E7F                     TXBIE           equ	3711	;# 
  2948   000E80                     B0CON           equ	3712	;# 
  2949   000E81                     B0SIDH          equ	3713	;# 
  2950   000E82                     B0SIDL          equ	3714	;# 
  2951   000E83                     B0EIDH          equ	3715	;# 
  2952   000E84                     B0EIDL          equ	3716	;# 
  2953   000E85                     B0DLC           equ	3717	;# 
  2954   000E86                     B0D0            equ	3718	;# 
  2955   000E87                     B0D1            equ	3719	;# 
  2956   000E88                     B0D2            equ	3720	;# 
  2957   000E89                     B0D3            equ	3721	;# 
  2958   000E8A                     B0D4            equ	3722	;# 
  2959   000E8B                     B0D5            equ	3723	;# 
  2960   000E8C                     B0D6            equ	3724	;# 
  2961   000E8D                     B0D7            equ	3725	;# 
  2962   000E8E                     CANSTAT_RO9     equ	3726	;# 
  2963   000E8F                     CANCON_RO9      equ	3727	;# 
  2964   000E90                     B1CON           equ	3728	;# 
  2965   000E91                     B1SIDH          equ	3729	;# 
  2966   000E92                     B1SIDL          equ	3730	;# 
  2967   000E93                     B1EIDH          equ	3731	;# 
  2968   000E94                     B1EIDL          equ	3732	;# 
  2969   000E95                     B1DLC           equ	3733	;# 
  2970   000E96                     B1D0            equ	3734	;# 
  2971   000E97                     B1D1            equ	3735	;# 
  2972   000E98                     B1D2            equ	3736	;# 
  2973   000E99                     B1D3            equ	3737	;# 
  2974   000E9A                     B1D4            equ	3738	;# 
  2975   000E9B                     B1D5            equ	3739	;# 
  2976   000E9C                     B1D6            equ	3740	;# 
  2977   000E9D                     B1D7            equ	3741	;# 
  2978   000E9E                     CANSTAT_RO8     equ	3742	;# 
  2979   000E9F                     CANCON_RO8      equ	3743	;# 
  2980   000EA0                     B2CON           equ	3744	;# 
  2981   000EA1                     B2SIDH          equ	3745	;# 
  2982   000EA2                     B2SIDL          equ	3746	;# 
  2983   000EA3                     B2EIDH          equ	3747	;# 
  2984   000EA4                     B2EIDL          equ	3748	;# 
  2985   000EA5                     B2DLC           equ	3749	;# 
  2986   000EA6                     B2D0            equ	3750	;# 
  2987   000EA7                     B2D1            equ	3751	;# 
  2988   000EA8                     B2D2            equ	3752	;# 
  2989   000EA9                     B2D3            equ	3753	;# 
  2990   000EAA                     B2D4            equ	3754	;# 
  2991   000EAB                     B2D5            equ	3755	;# 
  2992   000EAC                     B2D6            equ	3756	;# 
  2993   000EAD                     B2D7            equ	3757	;# 
  2994   000EAE                     CANSTAT_RO7     equ	3758	;# 
  2995   000EAF                     CANCON_RO7      equ	3759	;# 
  2996   000EB0                     B3CON           equ	3760	;# 
  2997   000EB1                     B3SIDH          equ	3761	;# 
  2998   000EB2                     B3SIDL          equ	3762	;# 
  2999   000EB3                     B3EIDH          equ	3763	;# 
  3000   000EB4                     B3EIDL          equ	3764	;# 
  3001   000EB5                     B3DLC           equ	3765	;# 
  3002   000EB6                     B3D0            equ	3766	;# 
  3003   000EB7                     B3D1            equ	3767	;# 
  3004   000EB8                     B3D2            equ	3768	;# 
  3005   000EB9                     B3D3            equ	3769	;# 
  3006   000EBA                     B3D4            equ	3770	;# 
  3007   000EBB                     B3D5            equ	3771	;# 
  3008   000EBC                     B3D6            equ	3772	;# 
  3009   000EBD                     B3D7            equ	3773	;# 
  3010   000EBE                     CANSTAT_RO6     equ	3774	;# 
  3011   000EBF                     CANCON_RO6      equ	3775	;# 
  3012   000EC0                     B4CON           equ	3776	;# 
  3013   000EC1                     B4SIDH          equ	3777	;# 
  3014   000EC2                     B4SIDL          equ	3778	;# 
  3015   000EC3                     B4EIDH          equ	3779	;# 
  3016   000EC4                     B4EIDL          equ	3780	;# 
  3017   000EC5                     B4DLC           equ	3781	;# 
  3018   000EC6                     B4D0            equ	3782	;# 
  3019   000EC7                     B4D1            equ	3783	;# 
  3020   000EC8                     B4D2            equ	3784	;# 
  3021   000EC9                     B4D3            equ	3785	;# 
  3022   000ECA                     B4D4            equ	3786	;# 
  3023   000ECB                     B4D5            equ	3787	;# 
  3024   000ECC                     B4D6            equ	3788	;# 
  3025   000ECD                     B4D7            equ	3789	;# 
  3026   000ECE                     CANSTAT_RO5     equ	3790	;# 
  3027   000ECF                     CANCON_RO5      equ	3791	;# 
  3028   000ED0                     B5CON           equ	3792	;# 
  3029   000ED1                     B5SIDH          equ	3793	;# 
  3030   000ED2                     B5SIDL          equ	3794	;# 
  3031   000ED3                     B5EIDH          equ	3795	;# 
  3032   000ED4                     B5EIDL          equ	3796	;# 
  3033   000ED5                     B5DLC           equ	3797	;# 
  3034   000ED6                     B5D0            equ	3798	;# 
  3035   000ED7                     B5D1            equ	3799	;# 
  3036   000ED8                     B5D2            equ	3800	;# 
  3037   000ED9                     B5D3            equ	3801	;# 
  3038   000EDA                     B5D4            equ	3802	;# 
  3039   000EDB                     B5D5            equ	3803	;# 
  3040   000EDC                     B5D6            equ	3804	;# 
  3041   000EDD                     B5D7            equ	3805	;# 
  3042   000EDE                     CANSTAT_RO4     equ	3806	;# 
  3043   000EDF                     CANCON_RO4      equ	3807	;# 
  3044   000EE0                     RXF0SIDH        equ	3808	;# 
  3045   000EE1                     RXF0SIDL        equ	3809	;# 
  3046   000EE2                     RXF0EIDH        equ	3810	;# 
  3047   000EE3                     RXF0EIDL        equ	3811	;# 
  3048   000EE4                     RXF1SIDH        equ	3812	;# 
  3049   000EE5                     RXF1SIDL        equ	3813	;# 
  3050   000EE6                     RXF1EIDH        equ	3814	;# 
  3051   000EE7                     RXF1EIDL        equ	3815	;# 
  3052   000EE8                     RXF2SIDH        equ	3816	;# 
  3053   000EE9                     RXF2SIDL        equ	3817	;# 
  3054   000EEA                     RXF2EIDH        equ	3818	;# 
  3055   000EEB                     RXF2EIDL        equ	3819	;# 
  3056   000EEC                     RXF3SIDH        equ	3820	;# 
  3057   000EED                     RXF3SIDL        equ	3821	;# 
  3058   000EEE                     RXF3EIDH        equ	3822	;# 
  3059   000EEF                     RXF3EIDL        equ	3823	;# 
  3060   000EF0                     RXF4SIDH        equ	3824	;# 
  3061   000EF1                     RXF4SIDL        equ	3825	;# 
  3062   000EF2                     RXF4EIDH        equ	3826	;# 
  3063   000EF3                     RXF4EIDL        equ	3827	;# 
  3064   000EF4                     RXF5SIDH        equ	3828	;# 
  3065   000EF5                     RXF5SIDL        equ	3829	;# 
  3066   000EF6                     RXF5EIDH        equ	3830	;# 
  3067   000EF7                     RXF5EIDL        equ	3831	;# 
  3068   000EF8                     RXM0SIDH        equ	3832	;# 
  3069   000EF9                     RXM0SIDL        equ	3833	;# 
  3070   000EFA                     RXM0EIDH        equ	3834	;# 
  3071   000EFB                     RXM0EIDL        equ	3835	;# 
  3072   000EFC                     RXM1SIDH        equ	3836	;# 
  3073   000EFD                     RXM1SIDL        equ	3837	;# 
  3074   000EFE                     RXM1EIDH        equ	3838	;# 
  3075   000EFF                     RXM1EIDL        equ	3839	;# 
  3076   000F00                     TXB2CON         equ	3840	;# 
  3077   000F01                     TXB2SIDH        equ	3841	;# 
  3078   000F02                     TXB2SIDL        equ	3842	;# 
  3079   000F03                     TXB2EIDH        equ	3843	;# 
  3080   000F04                     TXB2EIDL        equ	3844	;# 
  3081   000F05                     TXB2DLC         equ	3845	;# 
  3082   000F06                     TXB2D0          equ	3846	;# 
  3083   000F07                     TXB2D1          equ	3847	;# 
  3084   000F08                     TXB2D2          equ	3848	;# 
  3085   000F09                     TXB2D3          equ	3849	;# 
  3086   000F0A                     TXB2D4          equ	3850	;# 
  3087   000F0B                     TXB2D5          equ	3851	;# 
  3088   000F0C                     TXB2D6          equ	3852	;# 
  3089   000F0D                     TXB2D7          equ	3853	;# 
  3090   000F0E                     CANSTAT_RO3     equ	3854	;# 
  3091   000F0F                     CANCON_RO3      equ	3855	;# 
  3092   000F10                     TXB1CON         equ	3856	;# 
  3093   000F11                     TXB1SIDH        equ	3857	;# 
  3094   000F12                     TXB1SIDL        equ	3858	;# 
  3095   000F13                     TXB1EIDH        equ	3859	;# 
  3096   000F14                     TXB1EIDL        equ	3860	;# 
  3097   000F15                     TXB1DLC         equ	3861	;# 
  3098   000F16                     TXB1D0          equ	3862	;# 
  3099   000F17                     TXB1D1          equ	3863	;# 
  3100   000F18                     TXB1D2          equ	3864	;# 
  3101   000F19                     TXB1D3          equ	3865	;# 
  3102   000F1A                     TXB1D4          equ	3866	;# 
  3103   000F1B                     TXB1D5          equ	3867	;# 
  3104   000F1C                     TXB1D6          equ	3868	;# 
  3105   000F1D                     TXB1D7          equ	3869	;# 
  3106   000F1E                     CANSTAT_RO2     equ	3870	;# 
  3107   000F1F                     CANCON_RO2      equ	3871	;# 
  3108   000F20                     TXB0CON         equ	3872	;# 
  3109   000F21                     TXB0SIDH        equ	3873	;# 
  3110   000F22                     TXB0SIDL        equ	3874	;# 
  3111   000F23                     TXB0EIDH        equ	3875	;# 
  3112   000F24                     TXB0EIDL        equ	3876	;# 
  3113   000F25                     TXB0DLC         equ	3877	;# 
  3114   000F26                     TXB0D0          equ	3878	;# 
  3115   000F27                     TXB0D1          equ	3879	;# 
  3116   000F28                     TXB0D2          equ	3880	;# 
  3117   000F29                     TXB0D3          equ	3881	;# 
  3118   000F2A                     TXB0D4          equ	3882	;# 
  3119   000F2B                     TXB0D5          equ	3883	;# 
  3120   000F2C                     TXB0D6          equ	3884	;# 
  3121   000F2D                     TXB0D7          equ	3885	;# 
  3122   000F2E                     CANSTAT_RO1     equ	3886	;# 
  3123   000F2F                     CANCON_RO1      equ	3887	;# 
  3124   000F30                     RXB1CON         equ	3888	;# 
  3125   000F31                     RXB1SIDH        equ	3889	;# 
  3126   000F32                     RXB1SIDL        equ	3890	;# 
  3127   000F33                     RXB1EIDH        equ	3891	;# 
  3128   000F34                     RXB1EIDL        equ	3892	;# 
  3129   000F35                     RXB1DLC         equ	3893	;# 
  3130   000F36                     RXB1D0          equ	3894	;# 
  3131   000F37                     RXB1D1          equ	3895	;# 
  3132   000F38                     RXB1D2          equ	3896	;# 
  3133   000F39                     RXB1D3          equ	3897	;# 
  3134   000F3A                     RXB1D4          equ	3898	;# 
  3135   000F3B                     RXB1D5          equ	3899	;# 
  3136   000F3C                     RXB1D6          equ	3900	;# 
  3137   000F3D                     RXB1D7          equ	3901	;# 
  3138   000F3E                     CANSTAT_RO0     equ	3902	;# 
  3139   000F3F                     CANCON_RO0      equ	3903	;# 
  3140   000F47                     CCP5CON         equ	3911	;# 
  3141   000F48                     CCPR5           equ	3912	;# 
  3142   000F48                     CCPR5L          equ	3912	;# 
  3143   000F49                     CCPR5H          equ	3913	;# 
  3144   000F4A                     CCP4CON         equ	3914	;# 
  3145   000F4B                     CCPR4           equ	3915	;# 
  3146   000F4B                     CCPR4L          equ	3915	;# 
  3147   000F4C                     CCPR4H          equ	3916	;# 
  3148   000F4D                     CCP3CON         equ	3917	;# 
  3149   000F4E                     CCPR3           equ	3918	;# 
  3150   000F4E                     CCPR3L          equ	3918	;# 
  3151   000F4F                     CCPR3H          equ	3919	;# 
  3152   000F50                     CCP2CON         equ	3920	;# 
  3153   000F50                     ECCP2CON        equ	3920	;# 
  3154   000F51                     CCPR2           equ	3921	;# 
  3155   000F51                     CCPR2L          equ	3921	;# 
  3156   000F52                     CCPR2H          equ	3922	;# 
  3157   000F53                     CTMUICON        equ	3923	;# 
  3158   000F54                     CTMUCONL        equ	3924	;# 
  3159   000F55                     CTMUCONH        equ	3925	;# 
  3160   000F56                     PADCFG1         equ	3926	;# 
  3161   000F57                     PMD2            equ	3927	;# 
  3162   000F58                     PMD1            equ	3928	;# 
  3163   000F59                     PMD0            equ	3929	;# 
  3164   000F5A                     IOCB            equ	3930	;# 
  3165   000F5B                     WPUB            equ	3931	;# 
  3166   000F5C                     ANCON1          equ	3932	;# 
  3167   000F5D                     ANCON0          equ	3933	;# 
  3168   000F5E                     CM2CON          equ	3934	;# 
  3169   000F5E                     CM2CON1         equ	3934	;# 
  3170   000F5F                     CM1CON          equ	3935	;# 
  3171   000F5F                     CM1CON1         equ	3935	;# 
  3172   000F60                     RXB0CON         equ	3936	;# 
  3173   000F61                     RXB0SIDH        equ	3937	;# 
  3174   000F62                     RXB0SIDL        equ	3938	;# 
  3175   000F63                     RXB0EIDH        equ	3939	;# 
  3176   000F64                     RXB0EIDL        equ	3940	;# 
  3177   000F65                     RXB0DLC         equ	3941	;# 
  3178   000F66                     RXB0D0          equ	3942	;# 
  3179   000F67                     RXB0D1          equ	3943	;# 
  3180   000F68                     RXB0D2          equ	3944	;# 
  3181   000F69                     RXB0D3          equ	3945	;# 
  3182   000F6A                     RXB0D4          equ	3946	;# 
  3183   000F6B                     RXB0D5          equ	3947	;# 
  3184   000F6C                     RXB0D6          equ	3948	;# 
  3185   000F6D                     RXB0D7          equ	3949	;# 
  3186   000F6E                     CANSTAT         equ	3950	;# 
  3187   000F6F                     CANCON          equ	3951	;# 
  3188   000F70                     CIOCON          equ	3952	;# 
  3189   000F71                     COMSTAT         equ	3953	;# 
  3190   000F72                     ECANCON         equ	3954	;# 
  3191   000F73                     EEDATA          equ	3955	;# 
  3192   000F74                     EEADR           equ	3956	;# 
  3193   000F75                     EEADRH          equ	3957	;# 
  3194   000F76                     PIE5            equ	3958	;# 
  3195   000F77                     PIR5            equ	3959	;# 
  3196   000F78                     IPR5            equ	3960	;# 
  3197   000F79                     TXREG2          equ	3961	;# 
  3198   000F7A                     RCREG2          equ	3962	;# 
  3199   000F7B                     SPBRG2          equ	3963	;# 
  3200   000F7C                     SPBRGH2         equ	3964	;# 
  3201   000F7D                     SPBRGH1         equ	3965	;# 
  3202   000F7E                     EECON2          equ	3966	;# 
  3203   000F7F                     EECON1          equ	3967	;# 
  3204   000F80                     PORTA           equ	3968	;# 
  3205   000F81                     PORTB           equ	3969	;# 
  3206   000F82                     PORTC           equ	3970	;# 
  3207   000F84                     PORTE           equ	3972	;# 
  3208   000F87                     TMR4            equ	3975	;# 
  3209   000F88                     T4CON           equ	3976	;# 
  3210   000F89                     LATA            equ	3977	;# 
  3211   000F8A                     LATB            equ	3978	;# 
  3212   000F8B                     LATC            equ	3979	;# 
  3213   000F90                     SLRCON          equ	3984	;# 
  3214   000F91                     ODCON           equ	3985	;# 
  3215   000F92                     TRISA           equ	3986	;# 
  3216   000F93                     TRISB           equ	3987	;# 
  3217   000F94                     TRISC           equ	3988	;# 
  3218   000F99                     CCPTMRS         equ	3993	;# 
  3219   000F9A                     REFOCON         equ	3994	;# 
  3220   000F9B                     OSCTUNE         equ	3995	;# 
  3221   000F9C                     PSTR1CON        equ	3996	;# 
  3222   000F9D                     PIE1            equ	3997	;# 
  3223   000F9E                     PIR1            equ	3998	;# 
  3224   000F9F                     IPR1            equ	3999	;# 
  3225   000FA0                     PIE2            equ	4000	;# 
  3226   000FA1                     PIR2            equ	4001	;# 
  3227   000FA2                     IPR2            equ	4002	;# 
  3228   000FA3                     PIE3            equ	4003	;# 
  3229   000FA4                     PIR3            equ	4004	;# 
  3230   000FA5                     IPR3            equ	4005	;# 
  3231   000FA6                     RCSTA2          equ	4006	;# 
  3232   000FA7                     BAUDCON1        equ	4007	;# 
  3233   000FA8                     HLVDCON         equ	4008	;# 
  3234   000FA9                     PR4             equ	4009	;# 
  3235   000FAA                     T1GCON          equ	4010	;# 
  3236   000FAB                     RCSTA1          equ	4011	;# 
  3237   000FAB                     RCSTA           equ	4011	;# 
  3238   000FAC                     TXSTA1          equ	4012	;# 
  3239   000FAC                     TXSTA           equ	4012	;# 
  3240   000FAD                     TXREG1          equ	4013	;# 
  3241   000FAD                     TXREG           equ	4013	;# 
  3242   000FAE                     RCREG1          equ	4014	;# 
  3243   000FAE                     RCREG           equ	4014	;# 
  3244   000FAF                     SPBRG1          equ	4015	;# 
  3245   000FAF                     SPBRG           equ	4015	;# 
  3246   000FB0                     T3GCON          equ	4016	;# 
  3247   000FB1                     T3CON           equ	4017	;# 
  3248   000FB2                     TMR3            equ	4018	;# 
  3249   000FB2                     TMR3L           equ	4018	;# 
  3250   000FB3                     TMR3H           equ	4019	;# 
  3251   000FB4                     CMSTAT          equ	4020	;# 
  3252   000FB4                     CMSTATUS        equ	4020	;# 
  3253   000FB5                     CVRCON          equ	4021	;# 
  3254   000FB6                     PIE4            equ	4022	;# 
  3255   000FB7                     PIR4            equ	4023	;# 
  3256   000FB8                     IPR4            equ	4024	;# 
  3257   000FB9                     BAUDCON2        equ	4025	;# 
  3258   000FBA                     TXSTA2          equ	4026	;# 
  3259   000FBB                     CCP1CON         equ	4027	;# 
  3260   000FBB                     ECCP1CON        equ	4027	;# 
  3261   000FBC                     CCPR1           equ	4028	;# 
  3262   000FBC                     CCPR1L          equ	4028	;# 
  3263   000FBD                     CCPR1H          equ	4029	;# 
  3264   000FBE                     ECCP1DEL        equ	4030	;# 
  3265   000FBE                     PWM1CON         equ	4030	;# 
  3266   000FBF                     ECCP1AS         equ	4031	;# 
  3267   000FC0                     ADCON2          equ	4032	;# 
  3268   000FC1                     ADCON1          equ	4033	;# 
  3269   000FC2                     ADCON0          equ	4034	;# 
  3270   000FC3                     ADRES           equ	4035	;# 
  3271   000FC3                     ADRESL          equ	4035	;# 
  3272   000FC4                     ADRESH          equ	4036	;# 
  3273   000FC5                     SSPCON2         equ	4037	;# 
  3274   000FC6                     SSPCON1         equ	4038	;# 
  3275   000FC7                     SSPSTAT         equ	4039	;# 
  3276   000FC8                     SSPADD          equ	4040	;# 
  3277   000FC9                     SSPBUF          equ	4041	;# 
  3278   000FCA                     T2CON           equ	4042	;# 
  3279   000FCB                     PR2             equ	4043	;# 
  3280   000FCB                     MEMCON          equ	4043	;# 
  3281   000FCC                     TMR2            equ	4044	;# 
  3282   000FCD                     T1CON           equ	4045	;# 
  3283   000FCE                     TMR1            equ	4046	;# 
  3284   000FCE                     TMR1L           equ	4046	;# 
  3285   000FCF                     TMR1H           equ	4047	;# 
  3286   000FD0                     RCON            equ	4048	;# 
  3287   000FD1                     WDTCON          equ	4049	;# 
  3288   000FD2                     OSCCON2         equ	4050	;# 
  3289   000FD3                     OSCCON          equ	4051	;# 
  3290   000FD5                     T0CON           equ	4053	;# 
  3291   000FD6                     TMR0            equ	4054	;# 
  3292   000FD6                     TMR0L           equ	4054	;# 
  3293   000FD7                     TMR0H           equ	4055	;# 
  3294   000FD8                     STATUS          equ	4056	;# 
  3295   000FD9                     FSR2            equ	4057	;# 
  3296   000FD9                     FSR2L           equ	4057	;# 
  3297   000FDA                     FSR2H           equ	4058	;# 
  3298   000FDB                     PLUSW2          equ	4059	;# 
  3299   000FDC                     PREINC2         equ	4060	;# 
  3300   000FDD                     POSTDEC2        equ	4061	;# 
  3301   000FDE                     POSTINC2        equ	4062	;# 
  3302   000FDF                     INDF2           equ	4063	;# 
  3303   000FE0                     BSR             equ	4064	;# 
  3304   000FE1                     FSR1            equ	4065	;# 
  3305   000FE1                     FSR1L           equ	4065	;# 
  3306   000FE2                     FSR1H           equ	4066	;# 
  3307   000FE3                     PLUSW1          equ	4067	;# 
  3308   000FE4                     PREINC1         equ	4068	;# 
  3309   000FE5                     POSTDEC1        equ	4069	;# 
  3310   000FE6                     POSTINC1        equ	4070	;# 
  3311   000FE7                     INDF1           equ	4071	;# 
  3312   000FE8                     WREG            equ	4072	;# 
  3313   000FE9                     FSR0            equ	4073	;# 
  3314   000FE9                     FSR0L           equ	4073	;# 
  3315   000FEA                     FSR0H           equ	4074	;# 
  3316   000FEB                     PLUSW0          equ	4075	;# 
  3317   000FEC                     PREINC0         equ	4076	;# 
  3318   000FED                     POSTDEC0        equ	4077	;# 
  3319   000FEE                     POSTINC0        equ	4078	;# 
  3320   000FEF                     INDF0           equ	4079	;# 
  3321   000FF0                     INTCON3         equ	4080	;# 
  3322   000FF1                     INTCON2         equ	4081	;# 
  3323   000FF2                     INTCON          equ	4082	;# 
  3324   000FF2                     INTCON1         equ	4082	;# 
  3325   000FF3                     PROD            equ	4083	;# 
  3326   000FF3                     PRODL           equ	4083	;# 
  3327   000FF4                     PRODH           equ	4084	;# 
  3328   000FF5                     TABLAT          equ	4085	;# 
  3329   000FF6                     TBLPTR          equ	4086	;# 
  3330   000FF6                     TBLPTRL         equ	4086	;# 
  3331   000FF7                     TBLPTRH         equ	4087	;# 
  3332   000FF8                     TBLPTRU         equ	4088	;# 
  3333   000FF9                     PCLAT           equ	4089	;# 
  3334   000FF9                     PC              equ	4089	;# 
  3335   000FF9                     PCL             equ	4089	;# 
  3336   000FFA                     PCLATH          equ	4090	;# 
  3337   000FFB                     PCLATU          equ	4091	;# 
  3338   000FFC                     STKPTR          equ	4092	;# 
  3339   000FFD                     TOS             equ	4093	;# 
  3340   000FFD                     TOSL            equ	4093	;# 
  3341   000FFE                     TOSH            equ	4094	;# 
  3342   000FFF                     TOSU            equ	4095	;# 
  3343   000E41                     RXERRCNT        equ	3649	;# 
  3344   000E42                     TXERRCNT        equ	3650	;# 
  3345   000E43                     BRGCON1         equ	3651	;# 
  3346   000E44                     BRGCON2         equ	3652	;# 
  3347   000E45                     BRGCON3         equ	3653	;# 
  3348   000E46                     RXFCON0         equ	3654	;# 
  3349   000E47                     RXFCON1         equ	3655	;# 
  3350   000E48                     RXF6SIDH        equ	3656	;# 
  3351   000E49                     RXF6SIDL        equ	3657	;# 
  3352   000E4A                     RXF6EIDH        equ	3658	;# 
  3353   000E4B                     RXF6EIDL        equ	3659	;# 
  3354   000E4C                     RXF7SIDH        equ	3660	;# 
  3355   000E4D                     RXF7SIDL        equ	3661	;# 
  3356   000E4E                     RXF7EIDH        equ	3662	;# 
  3357   000E4F                     RXF7EIDL        equ	3663	;# 
  3358   000E50                     RXF8SIDH        equ	3664	;# 
  3359   000E51                     RXF8SIDL        equ	3665	;# 
  3360   000E52                     RXF8EIDH        equ	3666	;# 
  3361   000E53                     RXF8EIDL        equ	3667	;# 
  3362   000E54                     RXF9SIDH        equ	3668	;# 
  3363   000E55                     RXF9SIDL        equ	3669	;# 
  3364   000E56                     RXF9EIDH        equ	3670	;# 
  3365   000E57                     RXF9EIDL        equ	3671	;# 
  3366   000E58                     RXF10SIDH       equ	3672	;# 
  3367   000E59                     RXF10SIDL       equ	3673	;# 
  3368   000E5A                     RXF10EIDH       equ	3674	;# 
  3369   000E5B                     RXF10EIDL       equ	3675	;# 
  3370   000E5C                     RXF11SIDH       equ	3676	;# 
  3371   000E5D                     RXF11SIDL       equ	3677	;# 
  3372   000E5E                     RXF11EIDH       equ	3678	;# 
  3373   000E5F                     RXF11EIDL       equ	3679	;# 
  3374   000E60                     RXF12SIDH       equ	3680	;# 
  3375   000E61                     RXF12SIDL       equ	3681	;# 
  3376   000E62                     RXF12EIDH       equ	3682	;# 
  3377   000E63                     RXF12EIDL       equ	3683	;# 
  3378   000E64                     RXF13SIDH       equ	3684	;# 
  3379   000E65                     RXF13SIDL       equ	3685	;# 
  3380   000E66                     RXF13EIDH       equ	3686	;# 
  3381   000E67                     RXF13EIDL       equ	3687	;# 
  3382   000E68                     RXF14SIDH       equ	3688	;# 
  3383   000E69                     RXF14SIDL       equ	3689	;# 
  3384   000E6A                     RXF14EIDH       equ	3690	;# 
  3385   000E6B                     RXF14EIDL       equ	3691	;# 
  3386   000E6C                     RXF15SIDH       equ	3692	;# 
  3387   000E6D                     RXF15SIDL       equ	3693	;# 
  3388   000E6E                     RXF15EIDH       equ	3694	;# 
  3389   000E6F                     RXF15EIDL       equ	3695	;# 
  3390   000E70                     SDFLC           equ	3696	;# 
  3391   000E71                     RXFBCON0        equ	3697	;# 
  3392   000E72                     RXFBCON1        equ	3698	;# 
  3393   000E73                     RXFBCON2        equ	3699	;# 
  3394   000E74                     RXFBCON3        equ	3700	;# 
  3395   000E75                     RXFBCON4        equ	3701	;# 
  3396   000E76                     RXFBCON5        equ	3702	;# 
  3397   000E77                     RXFBCON6        equ	3703	;# 
  3398   000E78                     RXFBCON7        equ	3704	;# 
  3399   000E79                     MSEL0           equ	3705	;# 
  3400   000E7A                     MSEL1           equ	3706	;# 
  3401   000E7B                     MSEL2           equ	3707	;# 
  3402   000E7C                     MSEL3           equ	3708	;# 
  3403   000E7D                     BSEL0           equ	3709	;# 
  3404   000E7E                     BIE0            equ	3710	;# 
  3405   000E7F                     TXBIE           equ	3711	;# 
  3406   000E80                     B0CON           equ	3712	;# 
  3407   000E81                     B0SIDH          equ	3713	;# 
  3408   000E82                     B0SIDL          equ	3714	;# 
  3409   000E83                     B0EIDH          equ	3715	;# 
  3410   000E84                     B0EIDL          equ	3716	;# 
  3411   000E85                     B0DLC           equ	3717	;# 
  3412   000E86                     B0D0            equ	3718	;# 
  3413   000E87                     B0D1            equ	3719	;# 
  3414   000E88                     B0D2            equ	3720	;# 
  3415   000E89                     B0D3            equ	3721	;# 
  3416   000E8A                     B0D4            equ	3722	;# 
  3417   000E8B                     B0D5            equ	3723	;# 
  3418   000E8C                     B0D6            equ	3724	;# 
  3419   000E8D                     B0D7            equ	3725	;# 
  3420   000E8E                     CANSTAT_RO9     equ	3726	;# 
  3421   000E8F                     CANCON_RO9      equ	3727	;# 
  3422   000E90                     B1CON           equ	3728	;# 
  3423   000E91                     B1SIDH          equ	3729	;# 
  3424   000E92                     B1SIDL          equ	3730	;# 
  3425   000E93                     B1EIDH          equ	3731	;# 
  3426   000E94                     B1EIDL          equ	3732	;# 
  3427   000E95                     B1DLC           equ	3733	;# 
  3428   000E96                     B1D0            equ	3734	;# 
  3429   000E97                     B1D1            equ	3735	;# 
  3430   000E98                     B1D2            equ	3736	;# 
  3431   000E99                     B1D3            equ	3737	;# 
  3432   000E9A                     B1D4            equ	3738	;# 
  3433   000E9B                     B1D5            equ	3739	;# 
  3434   000E9C                     B1D6            equ	3740	;# 
  3435   000E9D                     B1D7            equ	3741	;# 
  3436   000E9E                     CANSTAT_RO8     equ	3742	;# 
  3437   000E9F                     CANCON_RO8      equ	3743	;# 
  3438   000EA0                     B2CON           equ	3744	;# 
  3439   000EA1                     B2SIDH          equ	3745	;# 
  3440   000EA2                     B2SIDL          equ	3746	;# 
  3441   000EA3                     B2EIDH          equ	3747	;# 
  3442   000EA4                     B2EIDL          equ	3748	;# 
  3443   000EA5                     B2DLC           equ	3749	;# 
  3444   000EA6                     B2D0            equ	3750	;# 
  3445   000EA7                     B2D1            equ	3751	;# 
  3446   000EA8                     B2D2            equ	3752	;# 
  3447   000EA9                     B2D3            equ	3753	;# 
  3448   000EAA                     B2D4            equ	3754	;# 
  3449   000EAB                     B2D5            equ	3755	;# 
  3450   000EAC                     B2D6            equ	3756	;# 
  3451   000EAD                     B2D7            equ	3757	;# 
  3452   000EAE                     CANSTAT_RO7     equ	3758	;# 
  3453   000EAF                     CANCON_RO7      equ	3759	;# 
  3454   000EB0                     B3CON           equ	3760	;# 
  3455   000EB1                     B3SIDH          equ	3761	;# 
  3456   000EB2                     B3SIDL          equ	3762	;# 
  3457   000EB3                     B3EIDH          equ	3763	;# 
  3458   000EB4                     B3EIDL          equ	3764	;# 
  3459   000EB5                     B3DLC           equ	3765	;# 
  3460   000EB6                     B3D0            equ	3766	;# 
  3461   000EB7                     B3D1            equ	3767	;# 
  3462   000EB8                     B3D2            equ	3768	;# 
  3463   000EB9                     B3D3            equ	3769	;# 
  3464   000EBA                     B3D4            equ	3770	;# 
  3465   000EBB                     B3D5            equ	3771	;# 
  3466   000EBC                     B3D6            equ	3772	;# 
  3467   000EBD                     B3D7            equ	3773	;# 
  3468   000EBE                     CANSTAT_RO6     equ	3774	;# 
  3469   000EBF                     CANCON_RO6      equ	3775	;# 
  3470   000EC0                     B4CON           equ	3776	;# 
  3471   000EC1                     B4SIDH          equ	3777	;# 
  3472   000EC2                     B4SIDL          equ	3778	;# 
  3473   000EC3                     B4EIDH          equ	3779	;# 
  3474   000EC4                     B4EIDL          equ	3780	;# 
  3475   000EC5                     B4DLC           equ	3781	;# 
  3476   000EC6                     B4D0            equ	3782	;# 
  3477   000EC7                     B4D1            equ	3783	;# 
  3478   000EC8                     B4D2            equ	3784	;# 
  3479   000EC9                     B4D3            equ	3785	;# 
  3480   000ECA                     B4D4            equ	3786	;# 
  3481   000ECB                     B4D5            equ	3787	;# 
  3482   000ECC                     B4D6            equ	3788	;# 
  3483   000ECD                     B4D7            equ	3789	;# 
  3484   000ECE                     CANSTAT_RO5     equ	3790	;# 
  3485   000ECF                     CANCON_RO5      equ	3791	;# 
  3486   000ED0                     B5CON           equ	3792	;# 
  3487   000ED1                     B5SIDH          equ	3793	;# 
  3488   000ED2                     B5SIDL          equ	3794	;# 
  3489   000ED3                     B5EIDH          equ	3795	;# 
  3490   000ED4                     B5EIDL          equ	3796	;# 
  3491   000ED5                     B5DLC           equ	3797	;# 
  3492   000ED6                     B5D0            equ	3798	;# 
  3493   000ED7                     B5D1            equ	3799	;# 
  3494   000ED8                     B5D2            equ	3800	;# 
  3495   000ED9                     B5D3            equ	3801	;# 
  3496   000EDA                     B5D4            equ	3802	;# 
  3497   000EDB                     B5D5            equ	3803	;# 
  3498   000EDC                     B5D6            equ	3804	;# 
  3499   000EDD                     B5D7            equ	3805	;# 
  3500   000EDE                     CANSTAT_RO4     equ	3806	;# 
  3501   000EDF                     CANCON_RO4      equ	3807	;# 
  3502   000EE0                     RXF0SIDH        equ	3808	;# 
  3503   000EE1                     RXF0SIDL        equ	3809	;# 
  3504   000EE2                     RXF0EIDH        equ	3810	;# 
  3505   000EE3                     RXF0EIDL        equ	3811	;# 
  3506   000EE4                     RXF1SIDH        equ	3812	;# 
  3507   000EE5                     RXF1SIDL        equ	3813	;# 
  3508   000EE6                     RXF1EIDH        equ	3814	;# 
  3509   000EE7                     RXF1EIDL        equ	3815	;# 
  3510   000EE8                     RXF2SIDH        equ	3816	;# 
  3511   000EE9                     RXF2SIDL        equ	3817	;# 
  3512   000EEA                     RXF2EIDH        equ	3818	;# 
  3513   000EEB                     RXF2EIDL        equ	3819	;# 
  3514   000EEC                     RXF3SIDH        equ	3820	;# 
  3515   000EED                     RXF3SIDL        equ	3821	;# 
  3516   000EEE                     RXF3EIDH        equ	3822	;# 
  3517   000EEF                     RXF3EIDL        equ	3823	;# 
  3518   000EF0                     RXF4SIDH        equ	3824	;# 
  3519   000EF1                     RXF4SIDL        equ	3825	;# 
  3520   000EF2                     RXF4EIDH        equ	3826	;# 
  3521   000EF3                     RXF4EIDL        equ	3827	;# 
  3522   000EF4                     RXF5SIDH        equ	3828	;# 
  3523   000EF5                     RXF5SIDL        equ	3829	;# 
  3524   000EF6                     RXF5EIDH        equ	3830	;# 
  3525   000EF7                     RXF5EIDL        equ	3831	;# 
  3526   000EF8                     RXM0SIDH        equ	3832	;# 
  3527   000EF9                     RXM0SIDL        equ	3833	;# 
  3528   000EFA                     RXM0EIDH        equ	3834	;# 
  3529   000EFB                     RXM0EIDL        equ	3835	;# 
  3530   000EFC                     RXM1SIDH        equ	3836	;# 
  3531   000EFD                     RXM1SIDL        equ	3837	;# 
  3532   000EFE                     RXM1EIDH        equ	3838	;# 
  3533   000EFF                     RXM1EIDL        equ	3839	;# 
  3534   000F00                     TXB2CON         equ	3840	;# 
  3535   000F01                     TXB2SIDH        equ	3841	;# 
  3536   000F02                     TXB2SIDL        equ	3842	;# 
  3537   000F03                     TXB2EIDH        equ	3843	;# 
  3538   000F04                     TXB2EIDL        equ	3844	;# 
  3539   000F05                     TXB2DLC         equ	3845	;# 
  3540   000F06                     TXB2D0          equ	3846	;# 
  3541   000F07                     TXB2D1          equ	3847	;# 
  3542   000F08                     TXB2D2          equ	3848	;# 
  3543   000F09                     TXB2D3          equ	3849	;# 
  3544   000F0A                     TXB2D4          equ	3850	;# 
  3545   000F0B                     TXB2D5          equ	3851	;# 
  3546   000F0C                     TXB2D6          equ	3852	;# 
  3547   000F0D                     TXB2D7          equ	3853	;# 
  3548   000F0E                     CANSTAT_RO3     equ	3854	;# 
  3549   000F0F                     CANCON_RO3      equ	3855	;# 
  3550   000F10                     TXB1CON         equ	3856	;# 
  3551   000F11                     TXB1SIDH        equ	3857	;# 
  3552   000F12                     TXB1SIDL        equ	3858	;# 
  3553   000F13                     TXB1EIDH        equ	3859	;# 
  3554   000F14                     TXB1EIDL        equ	3860	;# 
  3555   000F15                     TXB1DLC         equ	3861	;# 
  3556   000F16                     TXB1D0          equ	3862	;# 
  3557   000F17                     TXB1D1          equ	3863	;# 
  3558   000F18                     TXB1D2          equ	3864	;# 
  3559   000F19                     TXB1D3          equ	3865	;# 
  3560   000F1A                     TXB1D4          equ	3866	;# 
  3561   000F1B                     TXB1D5          equ	3867	;# 
  3562   000F1C                     TXB1D6          equ	3868	;# 
  3563   000F1D                     TXB1D7          equ	3869	;# 
  3564   000F1E                     CANSTAT_RO2     equ	3870	;# 
  3565   000F1F                     CANCON_RO2      equ	3871	;# 
  3566   000F20                     TXB0CON         equ	3872	;# 
  3567   000F21                     TXB0SIDH        equ	3873	;# 
  3568   000F22                     TXB0SIDL        equ	3874	;# 
  3569   000F23                     TXB0EIDH        equ	3875	;# 
  3570   000F24                     TXB0EIDL        equ	3876	;# 
  3571   000F25                     TXB0DLC         equ	3877	;# 
  3572   000F26                     TXB0D0          equ	3878	;# 
  3573   000F27                     TXB0D1          equ	3879	;# 
  3574   000F28                     TXB0D2          equ	3880	;# 
  3575   000F29                     TXB0D3          equ	3881	;# 
  3576   000F2A                     TXB0D4          equ	3882	;# 
  3577   000F2B                     TXB0D5          equ	3883	;# 
  3578   000F2C                     TXB0D6          equ	3884	;# 
  3579   000F2D                     TXB0D7          equ	3885	;# 
  3580   000F2E                     CANSTAT_RO1     equ	3886	;# 
  3581   000F2F                     CANCON_RO1      equ	3887	;# 
  3582   000F30                     RXB1CON         equ	3888	;# 
  3583   000F31                     RXB1SIDH        equ	3889	;# 
  3584   000F32                     RXB1SIDL        equ	3890	;# 
  3585   000F33                     RXB1EIDH        equ	3891	;# 
  3586   000F34                     RXB1EIDL        equ	3892	;# 
  3587   000F35                     RXB1DLC         equ	3893	;# 
  3588   000F36                     RXB1D0          equ	3894	;# 
  3589   000F37                     RXB1D1          equ	3895	;# 
  3590   000F38                     RXB1D2          equ	3896	;# 
  3591   000F39                     RXB1D3          equ	3897	;# 
  3592   000F3A                     RXB1D4          equ	3898	;# 
  3593   000F3B                     RXB1D5          equ	3899	;# 
  3594   000F3C                     RXB1D6          equ	3900	;# 
  3595   000F3D                     RXB1D7          equ	3901	;# 
  3596   000F3E                     CANSTAT_RO0     equ	3902	;# 
  3597   000F3F                     CANCON_RO0      equ	3903	;# 
  3598   000F47                     CCP5CON         equ	3911	;# 
  3599   000F48                     CCPR5           equ	3912	;# 
  3600   000F48                     CCPR5L          equ	3912	;# 
  3601   000F49                     CCPR5H          equ	3913	;# 
  3602   000F4A                     CCP4CON         equ	3914	;# 
  3603   000F4B                     CCPR4           equ	3915	;# 
  3604   000F4B                     CCPR4L          equ	3915	;# 
  3605   000F4C                     CCPR4H          equ	3916	;# 
  3606   000F4D                     CCP3CON         equ	3917	;# 
  3607   000F4E                     CCPR3           equ	3918	;# 
  3608   000F4E                     CCPR3L          equ	3918	;# 
  3609   000F4F                     CCPR3H          equ	3919	;# 
  3610   000F50                     CCP2CON         equ	3920	;# 
  3611   000F50                     ECCP2CON        equ	3920	;# 
  3612   000F51                     CCPR2           equ	3921	;# 
  3613   000F51                     CCPR2L          equ	3921	;# 
  3614   000F52                     CCPR2H          equ	3922	;# 
  3615   000F53                     CTMUICON        equ	3923	;# 
  3616   000F54                     CTMUCONL        equ	3924	;# 
  3617   000F55                     CTMUCONH        equ	3925	;# 
  3618   000F56                     PADCFG1         equ	3926	;# 
  3619   000F57                     PMD2            equ	3927	;# 
  3620   000F58                     PMD1            equ	3928	;# 
  3621   000F59                     PMD0            equ	3929	;# 
  3622   000F5A                     IOCB            equ	3930	;# 
  3623   000F5B                     WPUB            equ	3931	;# 
  3624   000F5C                     ANCON1          equ	3932	;# 
  3625   000F5D                     ANCON0          equ	3933	;# 
  3626   000F5E                     CM2CON          equ	3934	;# 
  3627   000F5E                     CM2CON1         equ	3934	;# 
  3628   000F5F                     CM1CON          equ	3935	;# 
  3629   000F5F                     CM1CON1         equ	3935	;# 
  3630   000F60                     RXB0CON         equ	3936	;# 
  3631   000F61                     RXB0SIDH        equ	3937	;# 
  3632   000F62                     RXB0SIDL        equ	3938	;# 
  3633   000F63                     RXB0EIDH        equ	3939	;# 
  3634   000F64                     RXB0EIDL        equ	3940	;# 
  3635   000F65                     RXB0DLC         equ	3941	;# 
  3636   000F66                     RXB0D0          equ	3942	;# 
  3637   000F67                     RXB0D1          equ	3943	;# 
  3638   000F68                     RXB0D2          equ	3944	;# 
  3639   000F69                     RXB0D3          equ	3945	;# 
  3640   000F6A                     RXB0D4          equ	3946	;# 
  3641   000F6B                     RXB0D5          equ	3947	;# 
  3642   000F6C                     RXB0D6          equ	3948	;# 
  3643   000F6D                     RXB0D7          equ	3949	;# 
  3644   000F6E                     CANSTAT         equ	3950	;# 
  3645   000F6F                     CANCON          equ	3951	;# 
  3646   000F70                     CIOCON          equ	3952	;# 
  3647   000F71                     COMSTAT         equ	3953	;# 
  3648   000F72                     ECANCON         equ	3954	;# 
  3649   000F73                     EEDATA          equ	3955	;# 
  3650   000F74                     EEADR           equ	3956	;# 
  3651   000F75                     EEADRH          equ	3957	;# 
  3652   000F76                     PIE5            equ	3958	;# 
  3653   000F77                     PIR5            equ	3959	;# 
  3654   000F78                     IPR5            equ	3960	;# 
  3655   000F79                     TXREG2          equ	3961	;# 
  3656   000F7A                     RCREG2          equ	3962	;# 
  3657   000F7B                     SPBRG2          equ	3963	;# 
  3658   000F7C                     SPBRGH2         equ	3964	;# 
  3659   000F7D                     SPBRGH1         equ	3965	;# 
  3660   000F7E                     EECON2          equ	3966	;# 
  3661   000F7F                     EECON1          equ	3967	;# 
  3662   000F80                     PORTA           equ	3968	;# 
  3663   000F81                     PORTB           equ	3969	;# 
  3664   000F82                     PORTC           equ	3970	;# 
  3665   000F84                     PORTE           equ	3972	;# 
  3666   000F87                     TMR4            equ	3975	;# 
  3667   000F88                     T4CON           equ	3976	;# 
  3668   000F89                     LATA            equ	3977	;# 
  3669   000F8A                     LATB            equ	3978	;# 
  3670   000F8B                     LATC            equ	3979	;# 
  3671   000F90                     SLRCON          equ	3984	;# 
  3672   000F91                     ODCON           equ	3985	;# 
  3673   000F92                     TRISA           equ	3986	;# 
  3674   000F93                     TRISB           equ	3987	;# 
  3675   000F94                     TRISC           equ	3988	;# 
  3676   000F99                     CCPTMRS         equ	3993	;# 
  3677   000F9A                     REFOCON         equ	3994	;# 
  3678   000F9B                     OSCTUNE         equ	3995	;# 
  3679   000F9C                     PSTR1CON        equ	3996	;# 
  3680   000F9D                     PIE1            equ	3997	;# 
  3681   000F9E                     PIR1            equ	3998	;# 
  3682   000F9F                     IPR1            equ	3999	;# 
  3683   000FA0                     PIE2            equ	4000	;# 
  3684   000FA1                     PIR2            equ	4001	;# 
  3685   000FA2                     IPR2            equ	4002	;# 
  3686   000FA3                     PIE3            equ	4003	;# 
  3687   000FA4                     PIR3            equ	4004	;# 
  3688   000FA5                     IPR3            equ	4005	;# 
  3689   000FA6                     RCSTA2          equ	4006	;# 
  3690   000FA7                     BAUDCON1        equ	4007	;# 
  3691   000FA8                     HLVDCON         equ	4008	;# 
  3692   000FA9                     PR4             equ	4009	;# 
  3693   000FAA                     T1GCON          equ	4010	;# 
  3694   000FAB                     RCSTA1          equ	4011	;# 
  3695   000FAB                     RCSTA           equ	4011	;# 
  3696   000FAC                     TXSTA1          equ	4012	;# 
  3697   000FAC                     TXSTA           equ	4012	;# 
  3698   000FAD                     TXREG1          equ	4013	;# 
  3699   000FAD                     TXREG           equ	4013	;# 
  3700   000FAE                     RCREG1          equ	4014	;# 
  3701   000FAE                     RCREG           equ	4014	;# 
  3702   000FAF                     SPBRG1          equ	4015	;# 
  3703   000FAF                     SPBRG           equ	4015	;# 
  3704   000FB0                     T3GCON          equ	4016	;# 
  3705   000FB1                     T3CON           equ	4017	;# 
  3706   000FB2                     TMR3            equ	4018	;# 
  3707   000FB2                     TMR3L           equ	4018	;# 
  3708   000FB3                     TMR3H           equ	4019	;# 
  3709   000FB4                     CMSTAT          equ	4020	;# 
  3710   000FB4                     CMSTATUS        equ	4020	;# 
  3711   000FB5                     CVRCON          equ	4021	;# 
  3712   000FB6                     PIE4            equ	4022	;# 
  3713   000FB7                     PIR4            equ	4023	;# 
  3714   000FB8                     IPR4            equ	4024	;# 
  3715   000FB9                     BAUDCON2        equ	4025	;# 
  3716   000FBA                     TXSTA2          equ	4026	;# 
  3717   000FBB                     CCP1CON         equ	4027	;# 
  3718   000FBB                     ECCP1CON        equ	4027	;# 
  3719   000FBC                     CCPR1           equ	4028	;# 
  3720   000FBC                     CCPR1L          equ	4028	;# 
  3721   000FBD                     CCPR1H          equ	4029	;# 
  3722   000FBE                     ECCP1DEL        equ	4030	;# 
  3723   000FBE                     PWM1CON         equ	4030	;# 
  3724   000FBF                     ECCP1AS         equ	4031	;# 
  3725   000FC0                     ADCON2          equ	4032	;# 
  3726   000FC1                     ADCON1          equ	4033	;# 
  3727   000FC2                     ADCON0          equ	4034	;# 
  3728   000FC3                     ADRES           equ	4035	;# 
  3729   000FC3                     ADRESL          equ	4035	;# 
  3730   000FC4                     ADRESH          equ	4036	;# 
  3731   000FC5                     SSPCON2         equ	4037	;# 
  3732   000FC6                     SSPCON1         equ	4038	;# 
  3733   000FC7                     SSPSTAT         equ	4039	;# 
  3734   000FC8                     SSPADD          equ	4040	;# 
  3735   000FC9                     SSPBUF          equ	4041	;# 
  3736   000FCA                     T2CON           equ	4042	;# 
  3737   000FCB                     PR2             equ	4043	;# 
  3738   000FCB                     MEMCON          equ	4043	;# 
  3739   000FCC                     TMR2            equ	4044	;# 
  3740   000FCD                     T1CON           equ	4045	;# 
  3741   000FCE                     TMR1            equ	4046	;# 
  3742   000FCE                     TMR1L           equ	4046	;# 
  3743   000FCF                     TMR1H           equ	4047	;# 
  3744   000FD0                     RCON            equ	4048	;# 
  3745   000FD1                     WDTCON          equ	4049	;# 
  3746   000FD2                     OSCCON2         equ	4050	;# 
  3747   000FD3                     OSCCON          equ	4051	;# 
  3748   000FD5                     T0CON           equ	4053	;# 
  3749   000FD6                     TMR0            equ	4054	;# 
  3750   000FD6                     TMR0L           equ	4054	;# 
  3751   000FD7                     TMR0H           equ	4055	;# 
  3752   000FD8                     STATUS          equ	4056	;# 
  3753   000FD9                     FSR2            equ	4057	;# 
  3754   000FD9                     FSR2L           equ	4057	;# 
  3755   000FDA                     FSR2H           equ	4058	;# 
  3756   000FDB                     PLUSW2          equ	4059	;# 
  3757   000FDC                     PREINC2         equ	4060	;# 
  3758   000FDD                     POSTDEC2        equ	4061	;# 
  3759   000FDE                     POSTINC2        equ	4062	;# 
  3760   000FDF                     INDF2           equ	4063	;# 
  3761   000FE0                     BSR             equ	4064	;# 
  3762   000FE1                     FSR1            equ	4065	;# 
  3763   000FE1                     FSR1L           equ	4065	;# 
  3764   000FE2                     FSR1H           equ	4066	;# 
  3765   000FE3                     PLUSW1          equ	4067	;# 
  3766   000FE4                     PREINC1         equ	4068	;# 
  3767   000FE5                     POSTDEC1        equ	4069	;# 
  3768   000FE6                     POSTINC1        equ	4070	;# 
  3769   000FE7                     INDF1           equ	4071	;# 
  3770   000FE8                     WREG            equ	4072	;# 
  3771   000FE9                     FSR0            equ	4073	;# 
  3772   000FE9                     FSR0L           equ	4073	;# 
  3773   000FEA                     FSR0H           equ	4074	;# 
  3774   000FEB                     PLUSW0          equ	4075	;# 
  3775   000FEC                     PREINC0         equ	4076	;# 
  3776   000FED                     POSTDEC0        equ	4077	;# 
  3777   000FEE                     POSTINC0        equ	4078	;# 
  3778   000FEF                     INDF0           equ	4079	;# 
  3779   000FF0                     INTCON3         equ	4080	;# 
  3780   000FF1                     INTCON2         equ	4081	;# 
  3781   000FF2                     INTCON          equ	4082	;# 
  3782   000FF2                     INTCON1         equ	4082	;# 
  3783   000FF3                     PROD            equ	4083	;# 
  3784   000FF3                     PRODL           equ	4083	;# 
  3785   000FF4                     PRODH           equ	4084	;# 
  3786   000FF5                     TABLAT          equ	4085	;# 
  3787   000FF6                     TBLPTR          equ	4086	;# 
  3788   000FF6                     TBLPTRL         equ	4086	;# 
  3789   000FF7                     TBLPTRH         equ	4087	;# 
  3790   000FF8                     TBLPTRU         equ	4088	;# 
  3791   000FF9                     PCLAT           equ	4089	;# 
  3792   000FF9                     PC              equ	4089	;# 
  3793   000FF9                     PCL             equ	4089	;# 
  3794   000FFA                     PCLATH          equ	4090	;# 
  3795   000FFB                     PCLATU          equ	4091	;# 
  3796   000FFC                     STKPTR          equ	4092	;# 
  3797   000FFD                     TOS             equ	4093	;# 
  3798   000FFD                     TOSL            equ	4093	;# 
  3799   000FFE                     TOSH            equ	4094	;# 
  3800   000FFF                     TOSU            equ	4095	;# 
  3801   000E41                     RXERRCNT        equ	3649	;# 
  3802   000E42                     TXERRCNT        equ	3650	;# 
  3803   000E43                     BRGCON1         equ	3651	;# 
  3804   000E44                     BRGCON2         equ	3652	;# 
  3805   000E45                     BRGCON3         equ	3653	;# 
  3806   000E46                     RXFCON0         equ	3654	;# 
  3807   000E47                     RXFCON1         equ	3655	;# 
  3808   000E48                     RXF6SIDH        equ	3656	;# 
  3809   000E49                     RXF6SIDL        equ	3657	;# 
  3810   000E4A                     RXF6EIDH        equ	3658	;# 
  3811   000E4B                     RXF6EIDL        equ	3659	;# 
  3812   000E4C                     RXF7SIDH        equ	3660	;# 
  3813   000E4D                     RXF7SIDL        equ	3661	;# 
  3814   000E4E                     RXF7EIDH        equ	3662	;# 
  3815   000E4F                     RXF7EIDL        equ	3663	;# 
  3816   000E50                     RXF8SIDH        equ	3664	;# 
  3817   000E51                     RXF8SIDL        equ	3665	;# 
  3818   000E52                     RXF8EIDH        equ	3666	;# 
  3819   000E53                     RXF8EIDL        equ	3667	;# 
  3820   000E54                     RXF9SIDH        equ	3668	;# 
  3821   000E55                     RXF9SIDL        equ	3669	;# 
  3822   000E56                     RXF9EIDH        equ	3670	;# 
  3823   000E57                     RXF9EIDL        equ	3671	;# 
  3824   000E58                     RXF10SIDH       equ	3672	;# 
  3825   000E59                     RXF10SIDL       equ	3673	;# 
  3826   000E5A                     RXF10EIDH       equ	3674	;# 
  3827   000E5B                     RXF10EIDL       equ	3675	;# 
  3828   000E5C                     RXF11SIDH       equ	3676	;# 
  3829   000E5D                     RXF11SIDL       equ	3677	;# 
  3830   000E5E                     RXF11EIDH       equ	3678	;# 
  3831   000E5F                     RXF11EIDL       equ	3679	;# 
  3832   000E60                     RXF12SIDH       equ	3680	;# 
  3833   000E61                     RXF12SIDL       equ	3681	;# 
  3834   000E62                     RXF12EIDH       equ	3682	;# 
  3835   000E63                     RXF12EIDL       equ	3683	;# 
  3836   000E64                     RXF13SIDH       equ	3684	;# 
  3837   000E65                     RXF13SIDL       equ	3685	;# 
  3838   000E66                     RXF13EIDH       equ	3686	;# 
  3839   000E67                     RXF13EIDL       equ	3687	;# 
  3840   000E68                     RXF14SIDH       equ	3688	;# 
  3841   000E69                     RXF14SIDL       equ	3689	;# 
  3842   000E6A                     RXF14EIDH       equ	3690	;# 
  3843   000E6B                     RXF14EIDL       equ	3691	;# 
  3844   000E6C                     RXF15SIDH       equ	3692	;# 
  3845   000E6D                     RXF15SIDL       equ	3693	;# 
  3846   000E6E                     RXF15EIDH       equ	3694	;# 
  3847   000E6F                     RXF15EIDL       equ	3695	;# 
  3848   000E70                     SDFLC           equ	3696	;# 
  3849   000E71                     RXFBCON0        equ	3697	;# 
  3850   000E72                     RXFBCON1        equ	3698	;# 
  3851   000E73                     RXFBCON2        equ	3699	;# 
  3852   000E74                     RXFBCON3        equ	3700	;# 
  3853   000E75                     RXFBCON4        equ	3701	;# 
  3854   000E76                     RXFBCON5        equ	3702	;# 
  3855   000E77                     RXFBCON6        equ	3703	;# 
  3856   000E78                     RXFBCON7        equ	3704	;# 
  3857   000E79                     MSEL0           equ	3705	;# 
  3858   000E7A                     MSEL1           equ	3706	;# 
  3859   000E7B                     MSEL2           equ	3707	;# 
  3860   000E7C                     MSEL3           equ	3708	;# 
  3861   000E7D                     BSEL0           equ	3709	;# 
  3862   000E7E                     BIE0            equ	3710	;# 
  3863   000E7F                     TXBIE           equ	3711	;# 
  3864   000E80                     B0CON           equ	3712	;# 
  3865   000E81                     B0SIDH          equ	3713	;# 
  3866   000E82                     B0SIDL          equ	3714	;# 
  3867   000E83                     B0EIDH          equ	3715	;# 
  3868   000E84                     B0EIDL          equ	3716	;# 
  3869   000E85                     B0DLC           equ	3717	;# 
  3870   000E86                     B0D0            equ	3718	;# 
  3871   000E87                     B0D1            equ	3719	;# 
  3872   000E88                     B0D2            equ	3720	;# 
  3873   000E89                     B0D3            equ	3721	;# 
  3874   000E8A                     B0D4            equ	3722	;# 
  3875   000E8B                     B0D5            equ	3723	;# 
  3876   000E8C                     B0D6            equ	3724	;# 
  3877   000E8D                     B0D7            equ	3725	;# 
  3878   000E8E                     CANSTAT_RO9     equ	3726	;# 
  3879   000E8F                     CANCON_RO9      equ	3727	;# 
  3880   000E90                     B1CON           equ	3728	;# 
  3881   000E91                     B1SIDH          equ	3729	;# 
  3882   000E92                     B1SIDL          equ	3730	;# 
  3883   000E93                     B1EIDH          equ	3731	;# 
  3884   000E94                     B1EIDL          equ	3732	;# 
  3885   000E95                     B1DLC           equ	3733	;# 
  3886   000E96                     B1D0            equ	3734	;# 
  3887   000E97                     B1D1            equ	3735	;# 
  3888   000E98                     B1D2            equ	3736	;# 
  3889   000E99                     B1D3            equ	3737	;# 
  3890   000E9A                     B1D4            equ	3738	;# 
  3891   000E9B                     B1D5            equ	3739	;# 
  3892   000E9C                     B1D6            equ	3740	;# 
  3893   000E9D                     B1D7            equ	3741	;# 
  3894   000E9E                     CANSTAT_RO8     equ	3742	;# 
  3895   000E9F                     CANCON_RO8      equ	3743	;# 
  3896   000EA0                     B2CON           equ	3744	;# 
  3897   000EA1                     B2SIDH          equ	3745	;# 
  3898   000EA2                     B2SIDL          equ	3746	;# 
  3899   000EA3                     B2EIDH          equ	3747	;# 
  3900   000EA4                     B2EIDL          equ	3748	;# 
  3901   000EA5                     B2DLC           equ	3749	;# 
  3902   000EA6                     B2D0            equ	3750	;# 
  3903   000EA7                     B2D1            equ	3751	;# 
  3904   000EA8                     B2D2            equ	3752	;# 
  3905   000EA9                     B2D3            equ	3753	;# 
  3906   000EAA                     B2D4            equ	3754	;# 
  3907   000EAB                     B2D5            equ	3755	;# 
  3908   000EAC                     B2D6            equ	3756	;# 
  3909   000EAD                     B2D7            equ	3757	;# 
  3910   000EAE                     CANSTAT_RO7     equ	3758	;# 
  3911   000EAF                     CANCON_RO7      equ	3759	;# 
  3912   000EB0                     B3CON           equ	3760	;# 
  3913   000EB1                     B3SIDH          equ	3761	;# 
  3914   000EB2                     B3SIDL          equ	3762	;# 
  3915   000EB3                     B3EIDH          equ	3763	;# 
  3916   000EB4                     B3EIDL          equ	3764	;# 
  3917   000EB5                     B3DLC           equ	3765	;# 
  3918   000EB6                     B3D0            equ	3766	;# 
  3919   000EB7                     B3D1            equ	3767	;# 
  3920   000EB8                     B3D2            equ	3768	;# 
  3921   000EB9                     B3D3            equ	3769	;# 
  3922   000EBA                     B3D4            equ	3770	;# 
  3923   000EBB                     B3D5            equ	3771	;# 
  3924   000EBC                     B3D6            equ	3772	;# 
  3925   000EBD                     B3D7            equ	3773	;# 
  3926   000EBE                     CANSTAT_RO6     equ	3774	;# 
  3927   000EBF                     CANCON_RO6      equ	3775	;# 
  3928   000EC0                     B4CON           equ	3776	;# 
  3929   000EC1                     B4SIDH          equ	3777	;# 
  3930   000EC2                     B4SIDL          equ	3778	;# 
  3931   000EC3                     B4EIDH          equ	3779	;# 
  3932   000EC4                     B4EIDL          equ	3780	;# 
  3933   000EC5                     B4DLC           equ	3781	;# 
  3934   000EC6                     B4D0            equ	3782	;# 
  3935   000EC7                     B4D1            equ	3783	;# 
  3936   000EC8                     B4D2            equ	3784	;# 
  3937   000EC9                     B4D3            equ	3785	;# 
  3938   000ECA                     B4D4            equ	3786	;# 
  3939   000ECB                     B4D5            equ	3787	;# 
  3940   000ECC                     B4D6            equ	3788	;# 
  3941   000ECD                     B4D7            equ	3789	;# 
  3942   000ECE                     CANSTAT_RO5     equ	3790	;# 
  3943   000ECF                     CANCON_RO5      equ	3791	;# 
  3944   000ED0                     B5CON           equ	3792	;# 
  3945   000ED1                     B5SIDH          equ	3793	;# 
  3946   000ED2                     B5SIDL          equ	3794	;# 
  3947   000ED3                     B5EIDH          equ	3795	;# 
  3948   000ED4                     B5EIDL          equ	3796	;# 
  3949   000ED5                     B5DLC           equ	3797	;# 
  3950   000ED6                     B5D0            equ	3798	;# 
  3951   000ED7                     B5D1            equ	3799	;# 
  3952   000ED8                     B5D2            equ	3800	;# 
  3953   000ED9                     B5D3            equ	3801	;# 
  3954   000EDA                     B5D4            equ	3802	;# 
  3955   000EDB                     B5D5            equ	3803	;# 
  3956   000EDC                     B5D6            equ	3804	;# 
  3957   000EDD                     B5D7            equ	3805	;# 
  3958   000EDE                     CANSTAT_RO4     equ	3806	;# 
  3959   000EDF                     CANCON_RO4      equ	3807	;# 
  3960   000EE0                     RXF0SIDH        equ	3808	;# 
  3961   000EE1                     RXF0SIDL        equ	3809	;# 
  3962   000EE2                     RXF0EIDH        equ	3810	;# 
  3963   000EE3                     RXF0EIDL        equ	3811	;# 
  3964   000EE4                     RXF1SIDH        equ	3812	;# 
  3965   000EE5                     RXF1SIDL        equ	3813	;# 
  3966   000EE6                     RXF1EIDH        equ	3814	;# 
  3967   000EE7                     RXF1EIDL        equ	3815	;# 
  3968   000EE8                     RXF2SIDH        equ	3816	;# 
  3969   000EE9                     RXF2SIDL        equ	3817	;# 
  3970   000EEA                     RXF2EIDH        equ	3818	;# 
  3971   000EEB                     RXF2EIDL        equ	3819	;# 
  3972   000EEC                     RXF3SIDH        equ	3820	;# 
  3973   000EED                     RXF3SIDL        equ	3821	;# 
  3974   000EEE                     RXF3EIDH        equ	3822	;# 
  3975   000EEF                     RXF3EIDL        equ	3823	;# 
  3976   000EF0                     RXF4SIDH        equ	3824	;# 
  3977   000EF1                     RXF4SIDL        equ	3825	;# 
  3978   000EF2                     RXF4EIDH        equ	3826	;# 
  3979   000EF3                     RXF4EIDL        equ	3827	;# 
  3980   000EF4                     RXF5SIDH        equ	3828	;# 
  3981   000EF5                     RXF5SIDL        equ	3829	;# 
  3982   000EF6                     RXF5EIDH        equ	3830	;# 
  3983   000EF7                     RXF5EIDL        equ	3831	;# 
  3984   000EF8                     RXM0SIDH        equ	3832	;# 
  3985   000EF9                     RXM0SIDL        equ	3833	;# 
  3986   000EFA                     RXM0EIDH        equ	3834	;# 
  3987   000EFB                     RXM0EIDL        equ	3835	;# 
  3988   000EFC                     RXM1SIDH        equ	3836	;# 
  3989   000EFD                     RXM1SIDL        equ	3837	;# 
  3990   000EFE                     RXM1EIDH        equ	3838	;# 
  3991   000EFF                     RXM1EIDL        equ	3839	;# 
  3992   000F00                     TXB2CON         equ	3840	;# 
  3993   000F01                     TXB2SIDH        equ	3841	;# 
  3994   000F02                     TXB2SIDL        equ	3842	;# 
  3995   000F03                     TXB2EIDH        equ	3843	;# 
  3996   000F04                     TXB2EIDL        equ	3844	;# 
  3997   000F05                     TXB2DLC         equ	3845	;# 
  3998   000F06                     TXB2D0          equ	3846	;# 
  3999   000F07                     TXB2D1          equ	3847	;# 
  4000   000F08                     TXB2D2          equ	3848	;# 
  4001   000F09                     TXB2D3          equ	3849	;# 
  4002   000F0A                     TXB2D4          equ	3850	;# 
  4003   000F0B                     TXB2D5          equ	3851	;# 
  4004   000F0C                     TXB2D6          equ	3852	;# 
  4005   000F0D                     TXB2D7          equ	3853	;# 
  4006   000F0E                     CANSTAT_RO3     equ	3854	;# 
  4007   000F0F                     CANCON_RO3      equ	3855	;# 
  4008   000F10                     TXB1CON         equ	3856	;# 
  4009   000F11                     TXB1SIDH        equ	3857	;# 
  4010   000F12                     TXB1SIDL        equ	3858	;# 
  4011   000F13                     TXB1EIDH        equ	3859	;# 
  4012   000F14                     TXB1EIDL        equ	3860	;# 
  4013   000F15                     TXB1DLC         equ	3861	;# 
  4014   000F16                     TXB1D0          equ	3862	;# 
  4015   000F17                     TXB1D1          equ	3863	;# 
  4016   000F18                     TXB1D2          equ	3864	;# 
  4017   000F19                     TXB1D3          equ	3865	;# 
  4018   000F1A                     TXB1D4          equ	3866	;# 
  4019   000F1B                     TXB1D5          equ	3867	;# 
  4020   000F1C                     TXB1D6          equ	3868	;# 
  4021   000F1D                     TXB1D7          equ	3869	;# 
  4022   000F1E                     CANSTAT_RO2     equ	3870	;# 
  4023   000F1F                     CANCON_RO2      equ	3871	;# 
  4024   000F20                     TXB0CON         equ	3872	;# 
  4025   000F21                     TXB0SIDH        equ	3873	;# 
  4026   000F22                     TXB0SIDL        equ	3874	;# 
  4027   000F23                     TXB0EIDH        equ	3875	;# 
  4028   000F24                     TXB0EIDL        equ	3876	;# 
  4029   000F25                     TXB0DLC         equ	3877	;# 
  4030   000F26                     TXB0D0          equ	3878	;# 
  4031   000F27                     TXB0D1          equ	3879	;# 
  4032   000F28                     TXB0D2          equ	3880	;# 
  4033   000F29                     TXB0D3          equ	3881	;# 
  4034   000F2A                     TXB0D4          equ	3882	;# 
  4035   000F2B                     TXB0D5          equ	3883	;# 
  4036   000F2C                     TXB0D6          equ	3884	;# 
  4037   000F2D                     TXB0D7          equ	3885	;# 
  4038   000F2E                     CANSTAT_RO1     equ	3886	;# 
  4039   000F2F                     CANCON_RO1      equ	3887	;# 
  4040   000F30                     RXB1CON         equ	3888	;# 
  4041   000F31                     RXB1SIDH        equ	3889	;# 
  4042   000F32                     RXB1SIDL        equ	3890	;# 
  4043   000F33                     RXB1EIDH        equ	3891	;# 
  4044   000F34                     RXB1EIDL        equ	3892	;# 
  4045   000F35                     RXB1DLC         equ	3893	;# 
  4046   000F36                     RXB1D0          equ	3894	;# 
  4047   000F37                     RXB1D1          equ	3895	;# 
  4048   000F38                     RXB1D2          equ	3896	;# 
  4049   000F39                     RXB1D3          equ	3897	;# 
  4050   000F3A                     RXB1D4          equ	3898	;# 
  4051   000F3B                     RXB1D5          equ	3899	;# 
  4052   000F3C                     RXB1D6          equ	3900	;# 
  4053   000F3D                     RXB1D7          equ	3901	;# 
  4054   000F3E                     CANSTAT_RO0     equ	3902	;# 
  4055   000F3F                     CANCON_RO0      equ	3903	;# 
  4056   000F47                     CCP5CON         equ	3911	;# 
  4057   000F48                     CCPR5           equ	3912	;# 
  4058   000F48                     CCPR5L          equ	3912	;# 
  4059   000F49                     CCPR5H          equ	3913	;# 
  4060   000F4A                     CCP4CON         equ	3914	;# 
  4061   000F4B                     CCPR4           equ	3915	;# 
  4062   000F4B                     CCPR4L          equ	3915	;# 
  4063   000F4C                     CCPR4H          equ	3916	;# 
  4064   000F4D                     CCP3CON         equ	3917	;# 
  4065   000F4E                     CCPR3           equ	3918	;# 
  4066   000F4E                     CCPR3L          equ	3918	;# 
  4067   000F4F                     CCPR3H          equ	3919	;# 
  4068   000F50                     CCP2CON         equ	3920	;# 
  4069   000F50                     ECCP2CON        equ	3920	;# 
  4070   000F51                     CCPR2           equ	3921	;# 
  4071   000F51                     CCPR2L          equ	3921	;# 
  4072   000F52                     CCPR2H          equ	3922	;# 
  4073   000F53                     CTMUICON        equ	3923	;# 
  4074   000F54                     CTMUCONL        equ	3924	;# 
  4075   000F55                     CTMUCONH        equ	3925	;# 
  4076   000F56                     PADCFG1         equ	3926	;# 
  4077   000F57                     PMD2            equ	3927	;# 
  4078   000F58                     PMD1            equ	3928	;# 
  4079   000F59                     PMD0            equ	3929	;# 
  4080   000F5A                     IOCB            equ	3930	;# 
  4081   000F5B                     WPUB            equ	3931	;# 
  4082   000F5C                     ANCON1          equ	3932	;# 
  4083   000F5D                     ANCON0          equ	3933	;# 
  4084   000F5E                     CM2CON          equ	3934	;# 
  4085   000F5E                     CM2CON1         equ	3934	;# 
  4086   000F5F                     CM1CON          equ	3935	;# 
  4087   000F5F                     CM1CON1         equ	3935	;# 
  4088   000F60                     RXB0CON         equ	3936	;# 
  4089   000F61                     RXB0SIDH        equ	3937	;# 
  4090   000F62                     RXB0SIDL        equ	3938	;# 
  4091   000F63                     RXB0EIDH        equ	3939	;# 
  4092   000F64                     RXB0EIDL        equ	3940	;# 
  4093   000F65                     RXB0DLC         equ	3941	;# 
  4094   000F66                     RXB0D0          equ	3942	;# 
  4095   000F67                     RXB0D1          equ	3943	;# 
  4096   000F68                     RXB0D2          equ	3944	;# 
  4097   000F69                     RXB0D3          equ	3945	;# 
  4098   000F6A                     RXB0D4          equ	3946	;# 
  4099   000F6B                     RXB0D5          equ	3947	;# 
  4100   000F6C                     RXB0D6          equ	3948	;# 
  4101   000F6D                     RXB0D7          equ	3949	;# 
  4102   000F6E                     CANSTAT         equ	3950	;# 
  4103   000F6F                     CANCON          equ	3951	;# 
  4104   000F70                     CIOCON          equ	3952	;# 
  4105   000F71                     COMSTAT         equ	3953	;# 
  4106   000F72                     ECANCON         equ	3954	;# 
  4107   000F73                     EEDATA          equ	3955	;# 
  4108   000F74                     EEADR           equ	3956	;# 
  4109   000F75                     EEADRH          equ	3957	;# 
  4110   000F76                     PIE5            equ	3958	;# 
  4111   000F77                     PIR5            equ	3959	;# 
  4112   000F78                     IPR5            equ	3960	;# 
  4113   000F79                     TXREG2          equ	3961	;# 
  4114   000F7A                     RCREG2          equ	3962	;# 
  4115   000F7B                     SPBRG2          equ	3963	;# 
  4116   000F7C                     SPBRGH2         equ	3964	;# 
  4117   000F7D                     SPBRGH1         equ	3965	;# 
  4118   000F7E                     EECON2          equ	3966	;# 
  4119   000F7F                     EECON1          equ	3967	;# 
  4120   000F80                     PORTA           equ	3968	;# 
  4121   000F81                     PORTB           equ	3969	;# 
  4122   000F82                     PORTC           equ	3970	;# 
  4123   000F84                     PORTE           equ	3972	;# 
  4124   000F87                     TMR4            equ	3975	;# 
  4125   000F88                     T4CON           equ	3976	;# 
  4126   000F89                     LATA            equ	3977	;# 
  4127   000F8A                     LATB            equ	3978	;# 
  4128   000F8B                     LATC            equ	3979	;# 
  4129   000F90                     SLRCON          equ	3984	;# 
  4130   000F91                     ODCON           equ	3985	;# 
  4131   000F92                     TRISA           equ	3986	;# 
  4132   000F93                     TRISB           equ	3987	;# 
  4133   000F94                     TRISC           equ	3988	;# 
  4134   000F99                     CCPTMRS         equ	3993	;# 
  4135   000F9A                     REFOCON         equ	3994	;# 
  4136   000F9B                     OSCTUNE         equ	3995	;# 
  4137   000F9C                     PSTR1CON        equ	3996	;# 
  4138   000F9D                     PIE1            equ	3997	;# 
  4139   000F9E                     PIR1            equ	3998	;# 
  4140   000F9F                     IPR1            equ	3999	;# 
  4141   000FA0                     PIE2            equ	4000	;# 
  4142   000FA1                     PIR2            equ	4001	;# 
  4143   000FA2                     IPR2            equ	4002	;# 
  4144   000FA3                     PIE3            equ	4003	;# 
  4145   000FA4                     PIR3            equ	4004	;# 
  4146   000FA5                     IPR3            equ	4005	;# 
  4147   000FA6                     RCSTA2          equ	4006	;# 
  4148   000FA7                     BAUDCON1        equ	4007	;# 
  4149   000FA8                     HLVDCON         equ	4008	;# 
  4150   000FA9                     PR4             equ	4009	;# 
  4151   000FAA                     T1GCON          equ	4010	;# 
  4152   000FAB                     RCSTA1          equ	4011	;# 
  4153   000FAB                     RCSTA           equ	4011	;# 
  4154   000FAC                     TXSTA1          equ	4012	;# 
  4155   000FAC                     TXSTA           equ	4012	;# 
  4156   000FAD                     TXREG1          equ	4013	;# 
  4157   000FAD                     TXREG           equ	4013	;# 
  4158   000FAE                     RCREG1          equ	4014	;# 
  4159   000FAE                     RCREG           equ	4014	;# 
  4160   000FAF                     SPBRG1          equ	4015	;# 
  4161   000FAF                     SPBRG           equ	4015	;# 
  4162   000FB0                     T3GCON          equ	4016	;# 
  4163   000FB1                     T3CON           equ	4017	;# 
  4164   000FB2                     TMR3            equ	4018	;# 
  4165   000FB2                     TMR3L           equ	4018	;# 
  4166   000FB3                     TMR3H           equ	4019	;# 
  4167   000FB4                     CMSTAT          equ	4020	;# 
  4168   000FB4                     CMSTATUS        equ	4020	;# 
  4169   000FB5                     CVRCON          equ	4021	;# 
  4170   000FB6                     PIE4            equ	4022	;# 
  4171   000FB7                     PIR4            equ	4023	;# 
  4172   000FB8                     IPR4            equ	4024	;# 
  4173   000FB9                     BAUDCON2        equ	4025	;# 
  4174   000FBA                     TXSTA2          equ	4026	;# 
  4175   000FBB                     CCP1CON         equ	4027	;# 
  4176   000FBB                     ECCP1CON        equ	4027	;# 
  4177   000FBC                     CCPR1           equ	4028	;# 
  4178   000FBC                     CCPR1L          equ	4028	;# 
  4179   000FBD                     CCPR1H          equ	4029	;# 
  4180   000FBE                     ECCP1DEL        equ	4030	;# 
  4181   000FBE                     PWM1CON         equ	4030	;# 
  4182   000FBF                     ECCP1AS         equ	4031	;# 
  4183   000FC0                     ADCON2          equ	4032	;# 
  4184   000FC1                     ADCON1          equ	4033	;# 
  4185   000FC2                     ADCON0          equ	4034	;# 
  4186   000FC3                     ADRES           equ	4035	;# 
  4187   000FC3                     ADRESL          equ	4035	;# 
  4188   000FC4                     ADRESH          equ	4036	;# 
  4189   000FC5                     SSPCON2         equ	4037	;# 
  4190   000FC6                     SSPCON1         equ	4038	;# 
  4191   000FC7                     SSPSTAT         equ	4039	;# 
  4192   000FC8                     SSPADD          equ	4040	;# 
  4193   000FC9                     SSPBUF          equ	4041	;# 
  4194   000FCA                     T2CON           equ	4042	;# 
  4195   000FCB                     PR2             equ	4043	;# 
  4196   000FCB                     MEMCON          equ	4043	;# 
  4197   000FCC                     TMR2            equ	4044	;# 
  4198   000FCD                     T1CON           equ	4045	;# 
  4199   000FCE                     TMR1            equ	4046	;# 
  4200   000FCE                     TMR1L           equ	4046	;# 
  4201   000FCF                     TMR1H           equ	4047	;# 
  4202   000FD0                     RCON            equ	4048	;# 
  4203   000FD1                     WDTCON          equ	4049	;# 
  4204   000FD2                     OSCCON2         equ	4050	;# 
  4205   000FD3                     OSCCON          equ	4051	;# 
  4206   000FD5                     T0CON           equ	4053	;# 
  4207   000FD6                     TMR0            equ	4054	;# 
  4208   000FD6                     TMR0L           equ	4054	;# 
  4209   000FD7                     TMR0H           equ	4055	;# 
  4210   000FD8                     STATUS          equ	4056	;# 
  4211   000FD9                     FSR2            equ	4057	;# 
  4212   000FD9                     FSR2L           equ	4057	;# 
  4213   000FDA                     FSR2H           equ	4058	;# 
  4214   000FDB                     PLUSW2          equ	4059	;# 
  4215   000FDC                     PREINC2         equ	4060	;# 
  4216   000FDD                     POSTDEC2        equ	4061	;# 
  4217   000FDE                     POSTINC2        equ	4062	;# 
  4218   000FDF                     INDF2           equ	4063	;# 
  4219   000FE0                     BSR             equ	4064	;# 
  4220   000FE1                     FSR1            equ	4065	;# 
  4221   000FE1                     FSR1L           equ	4065	;# 
  4222   000FE2                     FSR1H           equ	4066	;# 
  4223   000FE3                     PLUSW1          equ	4067	;# 
  4224   000FE4                     PREINC1         equ	4068	;# 
  4225   000FE5                     POSTDEC1        equ	4069	;# 
  4226   000FE6                     POSTINC1        equ	4070	;# 
  4227   000FE7                     INDF1           equ	4071	;# 
  4228   000FE8                     WREG            equ	4072	;# 
  4229   000FE9                     FSR0            equ	4073	;# 
  4230   000FE9                     FSR0L           equ	4073	;# 
  4231   000FEA                     FSR0H           equ	4074	;# 
  4232   000FEB                     PLUSW0          equ	4075	;# 
  4233   000FEC                     PREINC0         equ	4076	;# 
  4234   000FED                     POSTDEC0        equ	4077	;# 
  4235   000FEE                     POSTINC0        equ	4078	;# 
  4236   000FEF                     INDF0           equ	4079	;# 
  4237   000FF0                     INTCON3         equ	4080	;# 
  4238   000FF1                     INTCON2         equ	4081	;# 
  4239   000FF2                     INTCON          equ	4082	;# 
  4240   000FF2                     INTCON1         equ	4082	;# 
  4241   000FF3                     PROD            equ	4083	;# 
  4242   000FF3                     PRODL           equ	4083	;# 
  4243   000FF4                     PRODH           equ	4084	;# 
  4244   000FF5                     TABLAT          equ	4085	;# 
  4245   000FF6                     TBLPTR          equ	4086	;# 
  4246   000FF6                     TBLPTRL         equ	4086	;# 
  4247   000FF7                     TBLPTRH         equ	4087	;# 
  4248   000FF8                     TBLPTRU         equ	4088	;# 
  4249   000FF9                     PCLAT           equ	4089	;# 
  4250   000FF9                     PC              equ	4089	;# 
  4251   000FF9                     PCL             equ	4089	;# 
  4252   000FFA                     PCLATH          equ	4090	;# 
  4253   000FFB                     PCLATU          equ	4091	;# 
  4254   000FFC                     STKPTR          equ	4092	;# 
  4255   000FFD                     TOS             equ	4093	;# 
  4256   000FFD                     TOSL            equ	4093	;# 
  4257   000FFE                     TOSH            equ	4094	;# 
  4258   000FFF                     TOSU            equ	4095	;# 
  4259   000E41                     RXERRCNT        equ	3649	;# 
  4260   000E42                     TXERRCNT        equ	3650	;# 
  4261   000E43                     BRGCON1         equ	3651	;# 
  4262   000E44                     BRGCON2         equ	3652	;# 
  4263   000E45                     BRGCON3         equ	3653	;# 
  4264   000E46                     RXFCON0         equ	3654	;# 
  4265   000E47                     RXFCON1         equ	3655	;# 
  4266   000E48                     RXF6SIDH        equ	3656	;# 
  4267   000E49                     RXF6SIDL        equ	3657	;# 
  4268   000E4A                     RXF6EIDH        equ	3658	;# 
  4269   000E4B                     RXF6EIDL        equ	3659	;# 
  4270   000E4C                     RXF7SIDH        equ	3660	;# 
  4271   000E4D                     RXF7SIDL        equ	3661	;# 
  4272   000E4E                     RXF7EIDH        equ	3662	;# 
  4273   000E4F                     RXF7EIDL        equ	3663	;# 
  4274   000E50                     RXF8SIDH        equ	3664	;# 
  4275   000E51                     RXF8SIDL        equ	3665	;# 
  4276   000E52                     RXF8EIDH        equ	3666	;# 
  4277   000E53                     RXF8EIDL        equ	3667	;# 
  4278   000E54                     RXF9SIDH        equ	3668	;# 
  4279   000E55                     RXF9SIDL        equ	3669	;# 
  4280   000E56                     RXF9EIDH        equ	3670	;# 
  4281   000E57                     RXF9EIDL        equ	3671	;# 
  4282   000E58                     RXF10SIDH       equ	3672	;# 
  4283   000E59                     RXF10SIDL       equ	3673	;# 
  4284   000E5A                     RXF10EIDH       equ	3674	;# 
  4285   000E5B                     RXF10EIDL       equ	3675	;# 
  4286   000E5C                     RXF11SIDH       equ	3676	;# 
  4287   000E5D                     RXF11SIDL       equ	3677	;# 
  4288   000E5E                     RXF11EIDH       equ	3678	;# 
  4289   000E5F                     RXF11EIDL       equ	3679	;# 
  4290   000E60                     RXF12SIDH       equ	3680	;# 
  4291   000E61                     RXF12SIDL       equ	3681	;# 
  4292   000E62                     RXF12EIDH       equ	3682	;# 
  4293   000E63                     RXF12EIDL       equ	3683	;# 
  4294   000E64                     RXF13SIDH       equ	3684	;# 
  4295   000E65                     RXF13SIDL       equ	3685	;# 
  4296   000E66                     RXF13EIDH       equ	3686	;# 
  4297   000E67                     RXF13EIDL       equ	3687	;# 
  4298   000E68                     RXF14SIDH       equ	3688	;# 
  4299   000E69                     RXF14SIDL       equ	3689	;# 
  4300   000E6A                     RXF14EIDH       equ	3690	;# 
  4301   000E6B                     RXF14EIDL       equ	3691	;# 
  4302   000E6C                     RXF15SIDH       equ	3692	;# 
  4303   000E6D                     RXF15SIDL       equ	3693	;# 
  4304   000E6E                     RXF15EIDH       equ	3694	;# 
  4305   000E6F                     RXF15EIDL       equ	3695	;# 
  4306   000E70                     SDFLC           equ	3696	;# 
  4307   000E71                     RXFBCON0        equ	3697	;# 
  4308   000E72                     RXFBCON1        equ	3698	;# 
  4309   000E73                     RXFBCON2        equ	3699	;# 
  4310   000E74                     RXFBCON3        equ	3700	;# 
  4311   000E75                     RXFBCON4        equ	3701	;# 
  4312   000E76                     RXFBCON5        equ	3702	;# 
  4313   000E77                     RXFBCON6        equ	3703	;# 
  4314   000E78                     RXFBCON7        equ	3704	;# 
  4315   000E79                     MSEL0           equ	3705	;# 
  4316   000E7A                     MSEL1           equ	3706	;# 
  4317   000E7B                     MSEL2           equ	3707	;# 
  4318   000E7C                     MSEL3           equ	3708	;# 
  4319   000E7D                     BSEL0           equ	3709	;# 
  4320   000E7E                     BIE0            equ	3710	;# 
  4321   000E7F                     TXBIE           equ	3711	;# 
  4322   000E80                     B0CON           equ	3712	;# 
  4323   000E81                     B0SIDH          equ	3713	;# 
  4324   000E82                     B0SIDL          equ	3714	;# 
  4325   000E83                     B0EIDH          equ	3715	;# 
  4326   000E84                     B0EIDL          equ	3716	;# 
  4327   000E85                     B0DLC           equ	3717	;# 
  4328   000E86                     B0D0            equ	3718	;# 
  4329   000E87                     B0D1            equ	3719	;# 
  4330   000E88                     B0D2            equ	3720	;# 
  4331   000E89                     B0D3            equ	3721	;# 
  4332   000E8A                     B0D4            equ	3722	;# 
  4333   000E8B                     B0D5            equ	3723	;# 
  4334   000E8C                     B0D6            equ	3724	;# 
  4335   000E8D                     B0D7            equ	3725	;# 
  4336   000E8E                     CANSTAT_RO9     equ	3726	;# 
  4337   000E8F                     CANCON_RO9      equ	3727	;# 
  4338   000E90                     B1CON           equ	3728	;# 
  4339   000E91                     B1SIDH          equ	3729	;# 
  4340   000E92                     B1SIDL          equ	3730	;# 
  4341   000E93                     B1EIDH          equ	3731	;# 
  4342   000E94                     B1EIDL          equ	3732	;# 
  4343   000E95                     B1DLC           equ	3733	;# 
  4344   000E96                     B1D0            equ	3734	;# 
  4345   000E97                     B1D1            equ	3735	;# 
  4346   000E98                     B1D2            equ	3736	;# 
  4347   000E99                     B1D3            equ	3737	;# 
  4348   000E9A                     B1D4            equ	3738	;# 
  4349   000E9B                     B1D5            equ	3739	;# 
  4350   000E9C                     B1D6            equ	3740	;# 
  4351   000E9D                     B1D7            equ	3741	;# 
  4352   000E9E                     CANSTAT_RO8     equ	3742	;# 
  4353   000E9F                     CANCON_RO8      equ	3743	;# 
  4354   000EA0                     B2CON           equ	3744	;# 
  4355   000EA1                     B2SIDH          equ	3745	;# 
  4356   000EA2                     B2SIDL          equ	3746	;# 
  4357   000EA3                     B2EIDH          equ	3747	;# 
  4358   000EA4                     B2EIDL          equ	3748	;# 
  4359   000EA5                     B2DLC           equ	3749	;# 
  4360   000EA6                     B2D0            equ	3750	;# 
  4361   000EA7                     B2D1            equ	3751	;# 
  4362   000EA8                     B2D2            equ	3752	;# 
  4363   000EA9                     B2D3            equ	3753	;# 
  4364   000EAA                     B2D4            equ	3754	;# 
  4365   000EAB                     B2D5            equ	3755	;# 
  4366   000EAC                     B2D6            equ	3756	;# 
  4367   000EAD                     B2D7            equ	3757	;# 
  4368   000EAE                     CANSTAT_RO7     equ	3758	;# 
  4369   000EAF                     CANCON_RO7      equ	3759	;# 
  4370   000EB0                     B3CON           equ	3760	;# 
  4371   000EB1                     B3SIDH          equ	3761	;# 
  4372   000EB2                     B3SIDL          equ	3762	;# 
  4373   000EB3                     B3EIDH          equ	3763	;# 
  4374   000EB4                     B3EIDL          equ	3764	;# 
  4375   000EB5                     B3DLC           equ	3765	;# 
  4376   000EB6                     B3D0            equ	3766	;# 
  4377   000EB7                     B3D1            equ	3767	;# 
  4378   000EB8                     B3D2            equ	3768	;# 
  4379   000EB9                     B3D3            equ	3769	;# 
  4380   000EBA                     B3D4            equ	3770	;# 
  4381   000EBB                     B3D5            equ	3771	;# 
  4382   000EBC                     B3D6            equ	3772	;# 
  4383   000EBD                     B3D7            equ	3773	;# 
  4384   000EBE                     CANSTAT_RO6     equ	3774	;# 
  4385   000EBF                     CANCON_RO6      equ	3775	;# 
  4386   000EC0                     B4CON           equ	3776	;# 
  4387   000EC1                     B4SIDH          equ	3777	;# 
  4388   000EC2                     B4SIDL          equ	3778	;# 
  4389   000EC3                     B4EIDH          equ	3779	;# 
  4390   000EC4                     B4EIDL          equ	3780	;# 
  4391   000EC5                     B4DLC           equ	3781	;# 
  4392   000EC6                     B4D0            equ	3782	;# 
  4393   000EC7                     B4D1            equ	3783	;# 
  4394   000EC8                     B4D2            equ	3784	;# 
  4395   000EC9                     B4D3            equ	3785	;# 
  4396   000ECA                     B4D4            equ	3786	;# 
  4397   000ECB                     B4D5            equ	3787	;# 
  4398   000ECC                     B4D6            equ	3788	;# 
  4399   000ECD                     B4D7            equ	3789	;# 
  4400   000ECE                     CANSTAT_RO5     equ	3790	;# 
  4401   000ECF                     CANCON_RO5      equ	3791	;# 
  4402   000ED0                     B5CON           equ	3792	;# 
  4403   000ED1                     B5SIDH          equ	3793	;# 
  4404   000ED2                     B5SIDL          equ	3794	;# 
  4405   000ED3                     B5EIDH          equ	3795	;# 
  4406   000ED4                     B5EIDL          equ	3796	;# 
  4407   000ED5                     B5DLC           equ	3797	;# 
  4408   000ED6                     B5D0            equ	3798	;# 
  4409   000ED7                     B5D1            equ	3799	;# 
  4410   000ED8                     B5D2            equ	3800	;# 
  4411   000ED9                     B5D3            equ	3801	;# 
  4412   000EDA                     B5D4            equ	3802	;# 
  4413   000EDB                     B5D5            equ	3803	;# 
  4414   000EDC                     B5D6            equ	3804	;# 
  4415   000EDD                     B5D7            equ	3805	;# 
  4416   000EDE                     CANSTAT_RO4     equ	3806	;# 
  4417   000EDF                     CANCON_RO4      equ	3807	;# 
  4418   000EE0                     RXF0SIDH        equ	3808	;# 
  4419   000EE1                     RXF0SIDL        equ	3809	;# 
  4420   000EE2                     RXF0EIDH        equ	3810	;# 
  4421   000EE3                     RXF0EIDL        equ	3811	;# 
  4422   000EE4                     RXF1SIDH        equ	3812	;# 
  4423   000EE5                     RXF1SIDL        equ	3813	;# 
  4424   000EE6                     RXF1EIDH        equ	3814	;# 
  4425   000EE7                     RXF1EIDL        equ	3815	;# 
  4426   000EE8                     RXF2SIDH        equ	3816	;# 
  4427   000EE9                     RXF2SIDL        equ	3817	;# 
  4428   000EEA                     RXF2EIDH        equ	3818	;# 
  4429   000EEB                     RXF2EIDL        equ	3819	;# 
  4430   000EEC                     RXF3SIDH        equ	3820	;# 
  4431   000EED                     RXF3SIDL        equ	3821	;# 
  4432   000EEE                     RXF3EIDH        equ	3822	;# 
  4433   000EEF                     RXF3EIDL        equ	3823	;# 
  4434   000EF0                     RXF4SIDH        equ	3824	;# 
  4435   000EF1                     RXF4SIDL        equ	3825	;# 
  4436   000EF2                     RXF4EIDH        equ	3826	;# 
  4437   000EF3                     RXF4EIDL        equ	3827	;# 
  4438   000EF4                     RXF5SIDH        equ	3828	;# 
  4439   000EF5                     RXF5SIDL        equ	3829	;# 
  4440   000EF6                     RXF5EIDH        equ	3830	;# 
  4441   000EF7                     RXF5EIDL        equ	3831	;# 
  4442   000EF8                     RXM0SIDH        equ	3832	;# 
  4443   000EF9                     RXM0SIDL        equ	3833	;# 
  4444   000EFA                     RXM0EIDH        equ	3834	;# 
  4445   000EFB                     RXM0EIDL        equ	3835	;# 
  4446   000EFC                     RXM1SIDH        equ	3836	;# 
  4447   000EFD                     RXM1SIDL        equ	3837	;# 
  4448   000EFE                     RXM1EIDH        equ	3838	;# 
  4449   000EFF                     RXM1EIDL        equ	3839	;# 
  4450   000F00                     TXB2CON         equ	3840	;# 
  4451   000F01                     TXB2SIDH        equ	3841	;# 
  4452   000F02                     TXB2SIDL        equ	3842	;# 
  4453   000F03                     TXB2EIDH        equ	3843	;# 
  4454   000F04                     TXB2EIDL        equ	3844	;# 
  4455   000F05                     TXB2DLC         equ	3845	;# 
  4456   000F06                     TXB2D0          equ	3846	;# 
  4457   000F07                     TXB2D1          equ	3847	;# 
  4458   000F08                     TXB2D2          equ	3848	;# 
  4459   000F09                     TXB2D3          equ	3849	;# 
  4460   000F0A                     TXB2D4          equ	3850	;# 
  4461   000F0B                     TXB2D5          equ	3851	;# 
  4462   000F0C                     TXB2D6          equ	3852	;# 
  4463   000F0D                     TXB2D7          equ	3853	;# 
  4464   000F0E                     CANSTAT_RO3     equ	3854	;# 
  4465   000F0F                     CANCON_RO3      equ	3855	;# 
  4466   000F10                     TXB1CON         equ	3856	;# 
  4467   000F11                     TXB1SIDH        equ	3857	;# 
  4468   000F12                     TXB1SIDL        equ	3858	;# 
  4469   000F13                     TXB1EIDH        equ	3859	;# 
  4470   000F14                     TXB1EIDL        equ	3860	;# 
  4471   000F15                     TXB1DLC         equ	3861	;# 
  4472   000F16                     TXB1D0          equ	3862	;# 
  4473   000F17                     TXB1D1          equ	3863	;# 
  4474   000F18                     TXB1D2          equ	3864	;# 
  4475   000F19                     TXB1D3          equ	3865	;# 
  4476   000F1A                     TXB1D4          equ	3866	;# 
  4477   000F1B                     TXB1D5          equ	3867	;# 
  4478   000F1C                     TXB1D6          equ	3868	;# 
  4479   000F1D                     TXB1D7          equ	3869	;# 
  4480   000F1E                     CANSTAT_RO2     equ	3870	;# 
  4481   000F1F                     CANCON_RO2      equ	3871	;# 
  4482   000F20                     TXB0CON         equ	3872	;# 
  4483   000F21                     TXB0SIDH        equ	3873	;# 
  4484   000F22                     TXB0SIDL        equ	3874	;# 
  4485   000F23                     TXB0EIDH        equ	3875	;# 
  4486   000F24                     TXB0EIDL        equ	3876	;# 
  4487   000F25                     TXB0DLC         equ	3877	;# 
  4488   000F26                     TXB0D0          equ	3878	;# 
  4489   000F27                     TXB0D1          equ	3879	;# 
  4490   000F28                     TXB0D2          equ	3880	;# 
  4491   000F29                     TXB0D3          equ	3881	;# 
  4492   000F2A                     TXB0D4          equ	3882	;# 
  4493   000F2B                     TXB0D5          equ	3883	;# 
  4494   000F2C                     TXB0D6          equ	3884	;# 
  4495   000F2D                     TXB0D7          equ	3885	;# 
  4496   000F2E                     CANSTAT_RO1     equ	3886	;# 
  4497   000F2F                     CANCON_RO1      equ	3887	;# 
  4498   000F30                     RXB1CON         equ	3888	;# 
  4499   000F31                     RXB1SIDH        equ	3889	;# 
  4500   000F32                     RXB1SIDL        equ	3890	;# 
  4501   000F33                     RXB1EIDH        equ	3891	;# 
  4502   000F34                     RXB1EIDL        equ	3892	;# 
  4503   000F35                     RXB1DLC         equ	3893	;# 
  4504   000F36                     RXB1D0          equ	3894	;# 
  4505   000F37                     RXB1D1          equ	3895	;# 
  4506   000F38                     RXB1D2          equ	3896	;# 
  4507   000F39                     RXB1D3          equ	3897	;# 
  4508   000F3A                     RXB1D4          equ	3898	;# 
  4509   000F3B                     RXB1D5          equ	3899	;# 
  4510   000F3C                     RXB1D6          equ	3900	;# 
  4511   000F3D                     RXB1D7          equ	3901	;# 
  4512   000F3E                     CANSTAT_RO0     equ	3902	;# 
  4513   000F3F                     CANCON_RO0      equ	3903	;# 
  4514   000F47                     CCP5CON         equ	3911	;# 
  4515   000F48                     CCPR5           equ	3912	;# 
  4516   000F48                     CCPR5L          equ	3912	;# 
  4517   000F49                     CCPR5H          equ	3913	;# 
  4518   000F4A                     CCP4CON         equ	3914	;# 
  4519   000F4B                     CCPR4           equ	3915	;# 
  4520   000F4B                     CCPR4L          equ	3915	;# 
  4521   000F4C                     CCPR4H          equ	3916	;# 
  4522   000F4D                     CCP3CON         equ	3917	;# 
  4523   000F4E                     CCPR3           equ	3918	;# 
  4524   000F4E                     CCPR3L          equ	3918	;# 
  4525   000F4F                     CCPR3H          equ	3919	;# 
  4526   000F50                     CCP2CON         equ	3920	;# 
  4527   000F50                     ECCP2CON        equ	3920	;# 
  4528   000F51                     CCPR2           equ	3921	;# 
  4529   000F51                     CCPR2L          equ	3921	;# 
  4530   000F52                     CCPR2H          equ	3922	;# 
  4531   000F53                     CTMUICON        equ	3923	;# 
  4532   000F54                     CTMUCONL        equ	3924	;# 
  4533   000F55                     CTMUCONH        equ	3925	;# 
  4534   000F56                     PADCFG1         equ	3926	;# 
  4535   000F57                     PMD2            equ	3927	;# 
  4536   000F58                     PMD1            equ	3928	;# 
  4537   000F59                     PMD0            equ	3929	;# 
  4538   000F5A                     IOCB            equ	3930	;# 
  4539   000F5B                     WPUB            equ	3931	;# 
  4540   000F5C                     ANCON1          equ	3932	;# 
  4541   000F5D                     ANCON0          equ	3933	;# 
  4542   000F5E                     CM2CON          equ	3934	;# 
  4543   000F5E                     CM2CON1         equ	3934	;# 
  4544   000F5F                     CM1CON          equ	3935	;# 
  4545   000F5F                     CM1CON1         equ	3935	;# 
  4546   000F60                     RXB0CON         equ	3936	;# 
  4547   000F61                     RXB0SIDH        equ	3937	;# 
  4548   000F62                     RXB0SIDL        equ	3938	;# 
  4549   000F63                     RXB0EIDH        equ	3939	;# 
  4550   000F64                     RXB0EIDL        equ	3940	;# 
  4551   000F65                     RXB0DLC         equ	3941	;# 
  4552   000F66                     RXB0D0          equ	3942	;# 
  4553   000F67                     RXB0D1          equ	3943	;# 
  4554   000F68                     RXB0D2          equ	3944	;# 
  4555   000F69                     RXB0D3          equ	3945	;# 
  4556   000F6A                     RXB0D4          equ	3946	;# 
  4557   000F6B                     RXB0D5          equ	3947	;# 
  4558   000F6C                     RXB0D6          equ	3948	;# 
  4559   000F6D                     RXB0D7          equ	3949	;# 
  4560   000F6E                     CANSTAT         equ	3950	;# 
  4561   000F6F                     CANCON          equ	3951	;# 
  4562   000F70                     CIOCON          equ	3952	;# 
  4563   000F71                     COMSTAT         equ	3953	;# 
  4564   000F72                     ECANCON         equ	3954	;# 
  4565   000F73                     EEDATA          equ	3955	;# 
  4566   000F74                     EEADR           equ	3956	;# 
  4567   000F75                     EEADRH          equ	3957	;# 
  4568   000F76                     PIE5            equ	3958	;# 
  4569   000F77                     PIR5            equ	3959	;# 
  4570   000F78                     IPR5            equ	3960	;# 
  4571   000F79                     TXREG2          equ	3961	;# 
  4572   000F7A                     RCREG2          equ	3962	;# 
  4573   000F7B                     SPBRG2          equ	3963	;# 
  4574   000F7C                     SPBRGH2         equ	3964	;# 
  4575   000F7D                     SPBRGH1         equ	3965	;# 
  4576   000F7E                     EECON2          equ	3966	;# 
  4577   000F7F                     EECON1          equ	3967	;# 
  4578   000F80                     PORTA           equ	3968	;# 
  4579   000F81                     PORTB           equ	3969	;# 
  4580   000F82                     PORTC           equ	3970	;# 
  4581   000F84                     PORTE           equ	3972	;# 
  4582   000F87                     TMR4            equ	3975	;# 
  4583   000F88                     T4CON           equ	3976	;# 
  4584   000F89                     LATA            equ	3977	;# 
  4585   000F8A                     LATB            equ	3978	;# 
  4586   000F8B                     LATC            equ	3979	;# 
  4587   000F90                     SLRCON          equ	3984	;# 
  4588   000F91                     ODCON           equ	3985	;# 
  4589   000F92                     TRISA           equ	3986	;# 
  4590   000F93                     TRISB           equ	3987	;# 
  4591   000F94                     TRISC           equ	3988	;# 
  4592   000F99                     CCPTMRS         equ	3993	;# 
  4593   000F9A                     REFOCON         equ	3994	;# 
  4594   000F9B                     OSCTUNE         equ	3995	;# 
  4595   000F9C                     PSTR1CON        equ	3996	;# 
  4596   000F9D                     PIE1            equ	3997	;# 
  4597   000F9E                     PIR1            equ	3998	;# 
  4598   000F9F                     IPR1            equ	3999	;# 
  4599   000FA0                     PIE2            equ	4000	;# 
  4600   000FA1                     PIR2            equ	4001	;# 
  4601   000FA2                     IPR2            equ	4002	;# 
  4602   000FA3                     PIE3            equ	4003	;# 
  4603   000FA4                     PIR3            equ	4004	;# 
  4604   000FA5                     IPR3            equ	4005	;# 
  4605   000FA6                     RCSTA2          equ	4006	;# 
  4606   000FA7                     BAUDCON1        equ	4007	;# 
  4607   000FA8                     HLVDCON         equ	4008	;# 
  4608   000FA9                     PR4             equ	4009	;# 
  4609   000FAA                     T1GCON          equ	4010	;# 
  4610   000FAB                     RCSTA1          equ	4011	;# 
  4611   000FAB                     RCSTA           equ	4011	;# 
  4612   000FAC                     TXSTA1          equ	4012	;# 
  4613   000FAC                     TXSTA           equ	4012	;# 
  4614   000FAD                     TXREG1          equ	4013	;# 
  4615   000FAD                     TXREG           equ	4013	;# 
  4616   000FAE                     RCREG1          equ	4014	;# 
  4617   000FAE                     RCREG           equ	4014	;# 
  4618   000FAF                     SPBRG1          equ	4015	;# 
  4619   000FAF                     SPBRG           equ	4015	;# 
  4620   000FB0                     T3GCON          equ	4016	;# 
  4621   000FB1                     T3CON           equ	4017	;# 
  4622   000FB2                     TMR3            equ	4018	;# 
  4623   000FB2                     TMR3L           equ	4018	;# 
  4624   000FB3                     TMR3H           equ	4019	;# 
  4625   000FB4                     CMSTAT          equ	4020	;# 
  4626   000FB4                     CMSTATUS        equ	4020	;# 
  4627   000FB5                     CVRCON          equ	4021	;# 
  4628   000FB6                     PIE4            equ	4022	;# 
  4629   000FB7                     PIR4            equ	4023	;# 
  4630   000FB8                     IPR4            equ	4024	;# 
  4631   000FB9                     BAUDCON2        equ	4025	;# 
  4632   000FBA                     TXSTA2          equ	4026	;# 
  4633   000FBB                     CCP1CON         equ	4027	;# 
  4634   000FBB                     ECCP1CON        equ	4027	;# 
  4635   000FBC                     CCPR1           equ	4028	;# 
  4636   000FBC                     CCPR1L          equ	4028	;# 
  4637   000FBD                     CCPR1H          equ	4029	;# 
  4638   000FBE                     ECCP1DEL        equ	4030	;# 
  4639   000FBE                     PWM1CON         equ	4030	;# 
  4640   000FBF                     ECCP1AS         equ	4031	;# 
  4641   000FC0                     ADCON2          equ	4032	;# 
  4642   000FC1                     ADCON1          equ	4033	;# 
  4643   000FC2                     ADCON0          equ	4034	;# 
  4644   000FC3                     ADRES           equ	4035	;# 
  4645   000FC3                     ADRESL          equ	4035	;# 
  4646   000FC4                     ADRESH          equ	4036	;# 
  4647   000FC5                     SSPCON2         equ	4037	;# 
  4648   000FC6                     SSPCON1         equ	4038	;# 
  4649   000FC7                     SSPSTAT         equ	4039	;# 
  4650   000FC8                     SSPADD          equ	4040	;# 
  4651   000FC9                     SSPBUF          equ	4041	;# 
  4652   000FCA                     T2CON           equ	4042	;# 
  4653   000FCB                     PR2             equ	4043	;# 
  4654   000FCB                     MEMCON          equ	4043	;# 
  4655   000FCC                     TMR2            equ	4044	;# 
  4656   000FCD                     T1CON           equ	4045	;# 
  4657   000FCE                     TMR1            equ	4046	;# 
  4658   000FCE                     TMR1L           equ	4046	;# 
  4659   000FCF                     TMR1H           equ	4047	;# 
  4660   000FD0                     RCON            equ	4048	;# 
  4661   000FD1                     WDTCON          equ	4049	;# 
  4662   000FD2                     OSCCON2         equ	4050	;# 
  4663   000FD3                     OSCCON          equ	4051	;# 
  4664   000FD5                     T0CON           equ	4053	;# 
  4665   000FD6                     TMR0            equ	4054	;# 
  4666   000FD6                     TMR0L           equ	4054	;# 
  4667   000FD7                     TMR0H           equ	4055	;# 
  4668   000FD8                     STATUS          equ	4056	;# 
  4669   000FD9                     FSR2            equ	4057	;# 
  4670   000FD9                     FSR2L           equ	4057	;# 
  4671   000FDA                     FSR2H           equ	4058	;# 
  4672   000FDB                     PLUSW2          equ	4059	;# 
  4673   000FDC                     PREINC2         equ	4060	;# 
  4674   000FDD                     POSTDEC2        equ	4061	;# 
  4675   000FDE                     POSTINC2        equ	4062	;# 
  4676   000FDF                     INDF2           equ	4063	;# 
  4677   000FE0                     BSR             equ	4064	;# 
  4678   000FE1                     FSR1            equ	4065	;# 
  4679   000FE1                     FSR1L           equ	4065	;# 
  4680   000FE2                     FSR1H           equ	4066	;# 
  4681   000FE3                     PLUSW1          equ	4067	;# 
  4682   000FE4                     PREINC1         equ	4068	;# 
  4683   000FE5                     POSTDEC1        equ	4069	;# 
  4684   000FE6                     POSTINC1        equ	4070	;# 
  4685   000FE7                     INDF1           equ	4071	;# 
  4686   000FE8                     WREG            equ	4072	;# 
  4687   000FE9                     FSR0            equ	4073	;# 
  4688   000FE9                     FSR0L           equ	4073	;# 
  4689   000FEA                     FSR0H           equ	4074	;# 
  4690   000FEB                     PLUSW0          equ	4075	;# 
  4691   000FEC                     PREINC0         equ	4076	;# 
  4692   000FED                     POSTDEC0        equ	4077	;# 
  4693   000FEE                     POSTINC0        equ	4078	;# 
  4694   000FEF                     INDF0           equ	4079	;# 
  4695   000FF0                     INTCON3         equ	4080	;# 
  4696   000FF1                     INTCON2         equ	4081	;# 
  4697   000FF2                     INTCON          equ	4082	;# 
  4698   000FF2                     INTCON1         equ	4082	;# 
  4699   000FF3                     PROD            equ	4083	;# 
  4700   000FF3                     PRODL           equ	4083	;# 
  4701   000FF4                     PRODH           equ	4084	;# 
  4702   000FF5                     TABLAT          equ	4085	;# 
  4703   000FF6                     TBLPTR          equ	4086	;# 
  4704   000FF6                     TBLPTRL         equ	4086	;# 
  4705   000FF7                     TBLPTRH         equ	4087	;# 
  4706   000FF8                     TBLPTRU         equ	4088	;# 
  4707   000FF9                     PCLAT           equ	4089	;# 
  4708   000FF9                     PC              equ	4089	;# 
  4709   000FF9                     PCL             equ	4089	;# 
  4710   000FFA                     PCLATH          equ	4090	;# 
  4711   000FFB                     PCLATU          equ	4091	;# 
  4712   000FFC                     STKPTR          equ	4092	;# 
  4713   000FFD                     TOS             equ	4093	;# 
  4714   000FFD                     TOSL            equ	4093	;# 
  4715   000FFE                     TOSH            equ	4094	;# 
  4716   000FFF                     TOSU            equ	4095	;# 
  4717   000E41                     RXERRCNT        equ	3649	;# 
  4718   000E42                     TXERRCNT        equ	3650	;# 
  4719   000E43                     BRGCON1         equ	3651	;# 
  4720   000E44                     BRGCON2         equ	3652	;# 
  4721   000E45                     BRGCON3         equ	3653	;# 
  4722   000E46                     RXFCON0         equ	3654	;# 
  4723   000E47                     RXFCON1         equ	3655	;# 
  4724   000E48                     RXF6SIDH        equ	3656	;# 
  4725   000E49                     RXF6SIDL        equ	3657	;# 
  4726   000E4A                     RXF6EIDH        equ	3658	;# 
  4727   000E4B                     RXF6EIDL        equ	3659	;# 
  4728   000E4C                     RXF7SIDH        equ	3660	;# 
  4729   000E4D                     RXF7SIDL        equ	3661	;# 
  4730   000E4E                     RXF7EIDH        equ	3662	;# 
  4731   000E4F                     RXF7EIDL        equ	3663	;# 
  4732   000E50                     RXF8SIDH        equ	3664	;# 
  4733   000E51                     RXF8SIDL        equ	3665	;# 
  4734   000E52                     RXF8EIDH        equ	3666	;# 
  4735   000E53                     RXF8EIDL        equ	3667	;# 
  4736   000E54                     RXF9SIDH        equ	3668	;# 
  4737   000E55                     RXF9SIDL        equ	3669	;# 
  4738   000E56                     RXF9EIDH        equ	3670	;# 
  4739   000E57                     RXF9EIDL        equ	3671	;# 
  4740   000E58                     RXF10SIDH       equ	3672	;# 
  4741   000E59                     RXF10SIDL       equ	3673	;# 
  4742   000E5A                     RXF10EIDH       equ	3674	;# 
  4743   000E5B                     RXF10EIDL       equ	3675	;# 
  4744   000E5C                     RXF11SIDH       equ	3676	;# 
  4745   000E5D                     RXF11SIDL       equ	3677	;# 
  4746   000E5E                     RXF11EIDH       equ	3678	;# 
  4747   000E5F                     RXF11EIDL       equ	3679	;# 
  4748   000E60                     RXF12SIDH       equ	3680	;# 
  4749   000E61                     RXF12SIDL       equ	3681	;# 
  4750   000E62                     RXF12EIDH       equ	3682	;# 
  4751   000E63                     RXF12EIDL       equ	3683	;# 
  4752   000E64                     RXF13SIDH       equ	3684	;# 
  4753   000E65                     RXF13SIDL       equ	3685	;# 
  4754   000E66                     RXF13EIDH       equ	3686	;# 
  4755   000E67                     RXF13EIDL       equ	3687	;# 
  4756   000E68                     RXF14SIDH       equ	3688	;# 
  4757   000E69                     RXF14SIDL       equ	3689	;# 
  4758   000E6A                     RXF14EIDH       equ	3690	;# 
  4759   000E6B                     RXF14EIDL       equ	3691	;# 
  4760   000E6C                     RXF15SIDH       equ	3692	;# 
  4761   000E6D                     RXF15SIDL       equ	3693	;# 
  4762   000E6E                     RXF15EIDH       equ	3694	;# 
  4763   000E6F                     RXF15EIDL       equ	3695	;# 
  4764   000E70                     SDFLC           equ	3696	;# 
  4765   000E71                     RXFBCON0        equ	3697	;# 
  4766   000E72                     RXFBCON1        equ	3698	;# 
  4767   000E73                     RXFBCON2        equ	3699	;# 
  4768   000E74                     RXFBCON3        equ	3700	;# 
  4769   000E75                     RXFBCON4        equ	3701	;# 
  4770   000E76                     RXFBCON5        equ	3702	;# 
  4771   000E77                     RXFBCON6        equ	3703	;# 
  4772   000E78                     RXFBCON7        equ	3704	;# 
  4773   000E79                     MSEL0           equ	3705	;# 
  4774   000E7A                     MSEL1           equ	3706	;# 
  4775   000E7B                     MSEL2           equ	3707	;# 
  4776   000E7C                     MSEL3           equ	3708	;# 
  4777   000E7D                     BSEL0           equ	3709	;# 
  4778   000E7E                     BIE0            equ	3710	;# 
  4779   000E7F                     TXBIE           equ	3711	;# 
  4780   000E80                     B0CON           equ	3712	;# 
  4781   000E81                     B0SIDH          equ	3713	;# 
  4782   000E82                     B0SIDL          equ	3714	;# 
  4783   000E83                     B0EIDH          equ	3715	;# 
  4784   000E84                     B0EIDL          equ	3716	;# 
  4785   000E85                     B0DLC           equ	3717	;# 
  4786   000E86                     B0D0            equ	3718	;# 
  4787   000E87                     B0D1            equ	3719	;# 
  4788   000E88                     B0D2            equ	3720	;# 
  4789   000E89                     B0D3            equ	3721	;# 
  4790   000E8A                     B0D4            equ	3722	;# 
  4791   000E8B                     B0D5            equ	3723	;# 
  4792   000E8C                     B0D6            equ	3724	;# 
  4793   000E8D                     B0D7            equ	3725	;# 
  4794   000E8E                     CANSTAT_RO9     equ	3726	;# 
  4795   000E8F                     CANCON_RO9      equ	3727	;# 
  4796   000E90                     B1CON           equ	3728	;# 
  4797   000E91                     B1SIDH          equ	3729	;# 
  4798   000E92                     B1SIDL          equ	3730	;# 
  4799   000E93                     B1EIDH          equ	3731	;# 
  4800   000E94                     B1EIDL          equ	3732	;# 
  4801   000E95                     B1DLC           equ	3733	;# 
  4802   000E96                     B1D0            equ	3734	;# 
  4803   000E97                     B1D1            equ	3735	;# 
  4804   000E98                     B1D2            equ	3736	;# 
  4805   000E99                     B1D3            equ	3737	;# 
  4806   000E9A                     B1D4            equ	3738	;# 
  4807   000E9B                     B1D5            equ	3739	;# 
  4808   000E9C                     B1D6            equ	3740	;# 
  4809   000E9D                     B1D7            equ	3741	;# 
  4810   000E9E                     CANSTAT_RO8     equ	3742	;# 
  4811   000E9F                     CANCON_RO8      equ	3743	;# 
  4812   000EA0                     B2CON           equ	3744	;# 
  4813   000EA1                     B2SIDH          equ	3745	;# 
  4814   000EA2                     B2SIDL          equ	3746	;# 
  4815   000EA3                     B2EIDH          equ	3747	;# 
  4816   000EA4                     B2EIDL          equ	3748	;# 
  4817   000EA5                     B2DLC           equ	3749	;# 
  4818   000EA6                     B2D0            equ	3750	;# 
  4819   000EA7                     B2D1            equ	3751	;# 
  4820   000EA8                     B2D2            equ	3752	;# 
  4821   000EA9                     B2D3            equ	3753	;# 
  4822   000EAA                     B2D4            equ	3754	;# 
  4823   000EAB                     B2D5            equ	3755	;# 
  4824   000EAC                     B2D6            equ	3756	;# 
  4825   000EAD                     B2D7            equ	3757	;# 
  4826   000EAE                     CANSTAT_RO7     equ	3758	;# 
  4827   000EAF                     CANCON_RO7      equ	3759	;# 
  4828   000EB0                     B3CON           equ	3760	;# 
  4829   000EB1                     B3SIDH          equ	3761	;# 
  4830   000EB2                     B3SIDL          equ	3762	;# 
  4831   000EB3                     B3EIDH          equ	3763	;# 
  4832   000EB4                     B3EIDL          equ	3764	;# 
  4833   000EB5                     B3DLC           equ	3765	;# 
  4834   000EB6                     B3D0            equ	3766	;# 
  4835   000EB7                     B3D1            equ	3767	;# 
  4836   000EB8                     B3D2            equ	3768	;# 
  4837   000EB9                     B3D3            equ	3769	;# 
  4838   000EBA                     B3D4            equ	3770	;# 
  4839   000EBB                     B3D5            equ	3771	;# 
  4840   000EBC                     B3D6            equ	3772	;# 
  4841   000EBD                     B3D7            equ	3773	;# 
  4842   000EBE                     CANSTAT_RO6     equ	3774	;# 
  4843   000EBF                     CANCON_RO6      equ	3775	;# 
  4844   000EC0                     B4CON           equ	3776	;# 
  4845   000EC1                     B4SIDH          equ	3777	;# 
  4846   000EC2                     B4SIDL          equ	3778	;# 
  4847   000EC3                     B4EIDH          equ	3779	;# 
  4848   000EC4                     B4EIDL          equ	3780	;# 
  4849   000EC5                     B4DLC           equ	3781	;# 
  4850   000EC6                     B4D0            equ	3782	;# 
  4851   000EC7                     B4D1            equ	3783	;# 
  4852   000EC8                     B4D2            equ	3784	;# 
  4853   000EC9                     B4D3            equ	3785	;# 
  4854   000ECA                     B4D4            equ	3786	;# 
  4855   000ECB                     B4D5            equ	3787	;# 
  4856   000ECC                     B4D6            equ	3788	;# 
  4857   000ECD                     B4D7            equ	3789	;# 
  4858   000ECE                     CANSTAT_RO5     equ	3790	;# 
  4859   000ECF                     CANCON_RO5      equ	3791	;# 
  4860   000ED0                     B5CON           equ	3792	;# 
  4861   000ED1                     B5SIDH          equ	3793	;# 
  4862   000ED2                     B5SIDL          equ	3794	;# 
  4863   000ED3                     B5EIDH          equ	3795	;# 
  4864   000ED4                     B5EIDL          equ	3796	;# 
  4865   000ED5                     B5DLC           equ	3797	;# 
  4866   000ED6                     B5D0            equ	3798	;# 
  4867   000ED7                     B5D1            equ	3799	;# 
  4868   000ED8                     B5D2            equ	3800	;# 
  4869   000ED9                     B5D3            equ	3801	;# 
  4870   000EDA                     B5D4            equ	3802	;# 
  4871   000EDB                     B5D5            equ	3803	;# 
  4872   000EDC                     B5D6            equ	3804	;# 
  4873   000EDD                     B5D7            equ	3805	;# 
  4874   000EDE                     CANSTAT_RO4     equ	3806	;# 
  4875   000EDF                     CANCON_RO4      equ	3807	;# 
  4876   000EE0                     RXF0SIDH        equ	3808	;# 
  4877   000EE1                     RXF0SIDL        equ	3809	;# 
  4878   000EE2                     RXF0EIDH        equ	3810	;# 
  4879   000EE3                     RXF0EIDL        equ	3811	;# 
  4880   000EE4                     RXF1SIDH        equ	3812	;# 
  4881   000EE5                     RXF1SIDL        equ	3813	;# 
  4882   000EE6                     RXF1EIDH        equ	3814	;# 
  4883   000EE7                     RXF1EIDL        equ	3815	;# 
  4884   000EE8                     RXF2SIDH        equ	3816	;# 
  4885   000EE9                     RXF2SIDL        equ	3817	;# 
  4886   000EEA                     RXF2EIDH        equ	3818	;# 
  4887   000EEB                     RXF2EIDL        equ	3819	;# 
  4888   000EEC                     RXF3SIDH        equ	3820	;# 
  4889   000EED                     RXF3SIDL        equ	3821	;# 
  4890   000EEE                     RXF3EIDH        equ	3822	;# 
  4891   000EEF                     RXF3EIDL        equ	3823	;# 
  4892   000EF0                     RXF4SIDH        equ	3824	;# 
  4893   000EF1                     RXF4SIDL        equ	3825	;# 
  4894   000EF2                     RXF4EIDH        equ	3826	;# 
  4895   000EF3                     RXF4EIDL        equ	3827	;# 
  4896   000EF4                     RXF5SIDH        equ	3828	;# 
  4897   000EF5                     RXF5SIDL        equ	3829	;# 
  4898   000EF6                     RXF5EIDH        equ	3830	;# 
  4899   000EF7                     RXF5EIDL        equ	3831	;# 
  4900   000EF8                     RXM0SIDH        equ	3832	;# 
  4901   000EF9                     RXM0SIDL        equ	3833	;# 
  4902   000EFA                     RXM0EIDH        equ	3834	;# 
  4903   000EFB                     RXM0EIDL        equ	3835	;# 
  4904   000EFC                     RXM1SIDH        equ	3836	;# 
  4905   000EFD                     RXM1SIDL        equ	3837	;# 
  4906   000EFE                     RXM1EIDH        equ	3838	;# 
  4907   000EFF                     RXM1EIDL        equ	3839	;# 
  4908   000F00                     TXB2CON         equ	3840	;# 
  4909   000F01                     TXB2SIDH        equ	3841	;# 
  4910   000F02                     TXB2SIDL        equ	3842	;# 
  4911   000F03                     TXB2EIDH        equ	3843	;# 
  4912   000F04                     TXB2EIDL        equ	3844	;# 
  4913   000F05                     TXB2DLC         equ	3845	;# 
  4914   000F06                     TXB2D0          equ	3846	;# 
  4915   000F07                     TXB2D1          equ	3847	;# 
  4916   000F08                     TXB2D2          equ	3848	;# 
  4917   000F09                     TXB2D3          equ	3849	;# 
  4918   000F0A                     TXB2D4          equ	3850	;# 
  4919   000F0B                     TXB2D5          equ	3851	;# 
  4920   000F0C                     TXB2D6          equ	3852	;# 
  4921   000F0D                     TXB2D7          equ	3853	;# 
  4922   000F0E                     CANSTAT_RO3     equ	3854	;# 
  4923   000F0F                     CANCON_RO3      equ	3855	;# 
  4924   000F10                     TXB1CON         equ	3856	;# 
  4925   000F11                     TXB1SIDH        equ	3857	;# 
  4926   000F12                     TXB1SIDL        equ	3858	;# 
  4927   000F13                     TXB1EIDH        equ	3859	;# 
  4928   000F14                     TXB1EIDL        equ	3860	;# 
  4929   000F15                     TXB1DLC         equ	3861	;# 
  4930   000F16                     TXB1D0          equ	3862	;# 
  4931   000F17                     TXB1D1          equ	3863	;# 
  4932   000F18                     TXB1D2          equ	3864	;# 
  4933   000F19                     TXB1D3          equ	3865	;# 
  4934   000F1A                     TXB1D4          equ	3866	;# 
  4935   000F1B                     TXB1D5          equ	3867	;# 
  4936   000F1C                     TXB1D6          equ	3868	;# 
  4937   000F1D                     TXB1D7          equ	3869	;# 
  4938   000F1E                     CANSTAT_RO2     equ	3870	;# 
  4939   000F1F                     CANCON_RO2      equ	3871	;# 
  4940   000F20                     TXB0CON         equ	3872	;# 
  4941   000F21                     TXB0SIDH        equ	3873	;# 
  4942   000F22                     TXB0SIDL        equ	3874	;# 
  4943   000F23                     TXB0EIDH        equ	3875	;# 
  4944   000F24                     TXB0EIDL        equ	3876	;# 
  4945   000F25                     TXB0DLC         equ	3877	;# 
  4946   000F26                     TXB0D0          equ	3878	;# 
  4947   000F27                     TXB0D1          equ	3879	;# 
  4948   000F28                     TXB0D2          equ	3880	;# 
  4949   000F29                     TXB0D3          equ	3881	;# 
  4950   000F2A                     TXB0D4          equ	3882	;# 
  4951   000F2B                     TXB0D5          equ	3883	;# 
  4952   000F2C                     TXB0D6          equ	3884	;# 
  4953   000F2D                     TXB0D7          equ	3885	;# 
  4954   000F2E                     CANSTAT_RO1     equ	3886	;# 
  4955   000F2F                     CANCON_RO1      equ	3887	;# 
  4956   000F30                     RXB1CON         equ	3888	;# 
  4957   000F31                     RXB1SIDH        equ	3889	;# 
  4958   000F32                     RXB1SIDL        equ	3890	;# 
  4959   000F33                     RXB1EIDH        equ	3891	;# 
  4960   000F34                     RXB1EIDL        equ	3892	;# 
  4961   000F35                     RXB1DLC         equ	3893	;# 
  4962   000F36                     RXB1D0          equ	3894	;# 
  4963   000F37                     RXB1D1          equ	3895	;# 
  4964   000F38                     RXB1D2          equ	3896	;# 
  4965   000F39                     RXB1D3          equ	3897	;# 
  4966   000F3A                     RXB1D4          equ	3898	;# 
  4967   000F3B                     RXB1D5          equ	3899	;# 
  4968   000F3C                     RXB1D6          equ	3900	;# 
  4969   000F3D                     RXB1D7          equ	3901	;# 
  4970   000F3E                     CANSTAT_RO0     equ	3902	;# 
  4971   000F3F                     CANCON_RO0      equ	3903	;# 
  4972   000F47                     CCP5CON         equ	3911	;# 
  4973   000F48                     CCPR5           equ	3912	;# 
  4974   000F48                     CCPR5L          equ	3912	;# 
  4975   000F49                     CCPR5H          equ	3913	;# 
  4976   000F4A                     CCP4CON         equ	3914	;# 
  4977   000F4B                     CCPR4           equ	3915	;# 
  4978   000F4B                     CCPR4L          equ	3915	;# 
  4979   000F4C                     CCPR4H          equ	3916	;# 
  4980   000F4D                     CCP3CON         equ	3917	;# 
  4981   000F4E                     CCPR3           equ	3918	;# 
  4982   000F4E                     CCPR3L          equ	3918	;# 
  4983   000F4F                     CCPR3H          equ	3919	;# 
  4984   000F50                     CCP2CON         equ	3920	;# 
  4985   000F50                     ECCP2CON        equ	3920	;# 
  4986   000F51                     CCPR2           equ	3921	;# 
  4987   000F51                     CCPR2L          equ	3921	;# 
  4988   000F52                     CCPR2H          equ	3922	;# 
  4989   000F53                     CTMUICON        equ	3923	;# 
  4990   000F54                     CTMUCONL        equ	3924	;# 
  4991   000F55                     CTMUCONH        equ	3925	;# 
  4992   000F56                     PADCFG1         equ	3926	;# 
  4993   000F57                     PMD2            equ	3927	;# 
  4994   000F58                     PMD1            equ	3928	;# 
  4995   000F59                     PMD0            equ	3929	;# 
  4996   000F5A                     IOCB            equ	3930	;# 
  4997   000F5B                     WPUB            equ	3931	;# 
  4998   000F5C                     ANCON1          equ	3932	;# 
  4999   000F5D                     ANCON0          equ	3933	;# 
  5000   000F5E                     CM2CON          equ	3934	;# 
  5001   000F5E                     CM2CON1         equ	3934	;# 
  5002   000F5F                     CM1CON          equ	3935	;# 
  5003   000F5F                     CM1CON1         equ	3935	;# 
  5004   000F60                     RXB0CON         equ	3936	;# 
  5005   000F61                     RXB0SIDH        equ	3937	;# 
  5006   000F62                     RXB0SIDL        equ	3938	;# 
  5007   000F63                     RXB0EIDH        equ	3939	;# 
  5008   000F64                     RXB0EIDL        equ	3940	;# 
  5009   000F65                     RXB0DLC         equ	3941	;# 
  5010   000F66                     RXB0D0          equ	3942	;# 
  5011   000F67                     RXB0D1          equ	3943	;# 
  5012   000F68                     RXB0D2          equ	3944	;# 
  5013   000F69                     RXB0D3          equ	3945	;# 
  5014   000F6A                     RXB0D4          equ	3946	;# 
  5015   000F6B                     RXB0D5          equ	3947	;# 
  5016   000F6C                     RXB0D6          equ	3948	;# 
  5017   000F6D                     RXB0D7          equ	3949	;# 
  5018   000F6E                     CANSTAT         equ	3950	;# 
  5019   000F6F                     CANCON          equ	3951	;# 
  5020   000F70                     CIOCON          equ	3952	;# 
  5021   000F71                     COMSTAT         equ	3953	;# 
  5022   000F72                     ECANCON         equ	3954	;# 
  5023   000F73                     EEDATA          equ	3955	;# 
  5024   000F74                     EEADR           equ	3956	;# 
  5025   000F75                     EEADRH          equ	3957	;# 
  5026   000F76                     PIE5            equ	3958	;# 
  5027   000F77                     PIR5            equ	3959	;# 
  5028   000F78                     IPR5            equ	3960	;# 
  5029   000F79                     TXREG2          equ	3961	;# 
  5030   000F7A                     RCREG2          equ	3962	;# 
  5031   000F7B                     SPBRG2          equ	3963	;# 
  5032   000F7C                     SPBRGH2         equ	3964	;# 
  5033   000F7D                     SPBRGH1         equ	3965	;# 
  5034   000F7E                     EECON2          equ	3966	;# 
  5035   000F7F                     EECON1          equ	3967	;# 
  5036   000F80                     PORTA           equ	3968	;# 
  5037   000F81                     PORTB           equ	3969	;# 
  5038   000F82                     PORTC           equ	3970	;# 
  5039   000F84                     PORTE           equ	3972	;# 
  5040   000F87                     TMR4            equ	3975	;# 
  5041   000F88                     T4CON           equ	3976	;# 
  5042   000F89                     LATA            equ	3977	;# 
  5043   000F8A                     LATB            equ	3978	;# 
  5044   000F8B                     LATC            equ	3979	;# 
  5045   000F90                     SLRCON          equ	3984	;# 
  5046   000F91                     ODCON           equ	3985	;# 
  5047   000F92                     TRISA           equ	3986	;# 
  5048   000F93                     TRISB           equ	3987	;# 
  5049   000F94                     TRISC           equ	3988	;# 
  5050   000F99                     CCPTMRS         equ	3993	;# 
  5051   000F9A                     REFOCON         equ	3994	;# 
  5052   000F9B                     OSCTUNE         equ	3995	;# 
  5053   000F9C                     PSTR1CON        equ	3996	;# 
  5054   000F9D                     PIE1            equ	3997	;# 
  5055   000F9E                     PIR1            equ	3998	;# 
  5056   000F9F                     IPR1            equ	3999	;# 
  5057   000FA0                     PIE2            equ	4000	;# 
  5058   000FA1                     PIR2            equ	4001	;# 
  5059   000FA2                     IPR2            equ	4002	;# 
  5060   000FA3                     PIE3            equ	4003	;# 
  5061   000FA4                     PIR3            equ	4004	;# 
  5062   000FA5                     IPR3            equ	4005	;# 
  5063   000FA6                     RCSTA2          equ	4006	;# 
  5064   000FA7                     BAUDCON1        equ	4007	;# 
  5065   000FA8                     HLVDCON         equ	4008	;# 
  5066   000FA9                     PR4             equ	4009	;# 
  5067   000FAA                     T1GCON          equ	4010	;# 
  5068   000FAB                     RCSTA1          equ	4011	;# 
  5069   000FAB                     RCSTA           equ	4011	;# 
  5070   000FAC                     TXSTA1          equ	4012	;# 
  5071   000FAC                     TXSTA           equ	4012	;# 
  5072   000FAD                     TXREG1          equ	4013	;# 
  5073   000FAD                     TXREG           equ	4013	;# 
  5074   000FAE                     RCREG1          equ	4014	;# 
  5075   000FAE                     RCREG           equ	4014	;# 
  5076   000FAF                     SPBRG1          equ	4015	;# 
  5077   000FAF                     SPBRG           equ	4015	;# 
  5078   000FB0                     T3GCON          equ	4016	;# 
  5079   000FB1                     T3CON           equ	4017	;# 
  5080   000FB2                     TMR3            equ	4018	;# 
  5081   000FB2                     TMR3L           equ	4018	;# 
  5082   000FB3                     TMR3H           equ	4019	;# 
  5083   000FB4                     CMSTAT          equ	4020	;# 
  5084   000FB4                     CMSTATUS        equ	4020	;# 
  5085   000FB5                     CVRCON          equ	4021	;# 
  5086   000FB6                     PIE4            equ	4022	;# 
  5087   000FB7                     PIR4            equ	4023	;# 
  5088   000FB8                     IPR4            equ	4024	;# 
  5089   000FB9                     BAUDCON2        equ	4025	;# 
  5090   000FBA                     TXSTA2          equ	4026	;# 
  5091   000FBB                     CCP1CON         equ	4027	;# 
  5092   000FBB                     ECCP1CON        equ	4027	;# 
  5093   000FBC                     CCPR1           equ	4028	;# 
  5094   000FBC                     CCPR1L          equ	4028	;# 
  5095   000FBD                     CCPR1H          equ	4029	;# 
  5096   000FBE                     ECCP1DEL        equ	4030	;# 
  5097   000FBE                     PWM1CON         equ	4030	;# 
  5098   000FBF                     ECCP1AS         equ	4031	;# 
  5099   000FC0                     ADCON2          equ	4032	;# 
  5100   000FC1                     ADCON1          equ	4033	;# 
  5101   000FC2                     ADCON0          equ	4034	;# 
  5102   000FC3                     ADRES           equ	4035	;# 
  5103   000FC3                     ADRESL          equ	4035	;# 
  5104   000FC4                     ADRESH          equ	4036	;# 
  5105   000FC5                     SSPCON2         equ	4037	;# 
  5106   000FC6                     SSPCON1         equ	4038	;# 
  5107   000FC7                     SSPSTAT         equ	4039	;# 
  5108   000FC8                     SSPADD          equ	4040	;# 
  5109   000FC9                     SSPBUF          equ	4041	;# 
  5110   000FCA                     T2CON           equ	4042	;# 
  5111   000FCB                     PR2             equ	4043	;# 
  5112   000FCB                     MEMCON          equ	4043	;# 
  5113   000FCC                     TMR2            equ	4044	;# 
  5114   000FCD                     T1CON           equ	4045	;# 
  5115   000FCE                     TMR1            equ	4046	;# 
  5116   000FCE                     TMR1L           equ	4046	;# 
  5117   000FCF                     TMR1H           equ	4047	;# 
  5118   000FD0                     RCON            equ	4048	;# 
  5119   000FD1                     WDTCON          equ	4049	;# 
  5120   000FD2                     OSCCON2         equ	4050	;# 
  5121   000FD3                     OSCCON          equ	4051	;# 
  5122   000FD5                     T0CON           equ	4053	;# 
  5123   000FD6                     TMR0            equ	4054	;# 
  5124   000FD6                     TMR0L           equ	4054	;# 
  5125   000FD7                     TMR0H           equ	4055	;# 
  5126   000FD8                     STATUS          equ	4056	;# 
  5127   000FD9                     FSR2            equ	4057	;# 
  5128   000FD9                     FSR2L           equ	4057	;# 
  5129   000FDA                     FSR2H           equ	4058	;# 
  5130   000FDB                     PLUSW2          equ	4059	;# 
  5131   000FDC                     PREINC2         equ	4060	;# 
  5132   000FDD                     POSTDEC2        equ	4061	;# 
  5133   000FDE                     POSTINC2        equ	4062	;# 
  5134   000FDF                     INDF2           equ	4063	;# 
  5135   000FE0                     BSR             equ	4064	;# 
  5136   000FE1                     FSR1            equ	4065	;# 
  5137   000FE1                     FSR1L           equ	4065	;# 
  5138   000FE2                     FSR1H           equ	4066	;# 
  5139   000FE3                     PLUSW1          equ	4067	;# 
  5140   000FE4                     PREINC1         equ	4068	;# 
  5141   000FE5                     POSTDEC1        equ	4069	;# 
  5142   000FE6                     POSTINC1        equ	4070	;# 
  5143   000FE7                     INDF1           equ	4071	;# 
  5144   000FE8                     WREG            equ	4072	;# 
  5145   000FE9                     FSR0            equ	4073	;# 
  5146   000FE9                     FSR0L           equ	4073	;# 
  5147   000FEA                     FSR0H           equ	4074	;# 
  5148   000FEB                     PLUSW0          equ	4075	;# 
  5149   000FEC                     PREINC0         equ	4076	;# 
  5150   000FED                     POSTDEC0        equ	4077	;# 
  5151   000FEE                     POSTINC0        equ	4078	;# 
  5152   000FEF                     INDF0           equ	4079	;# 
  5153   000FF0                     INTCON3         equ	4080	;# 
  5154   000FF1                     INTCON2         equ	4081	;# 
  5155   000FF2                     INTCON          equ	4082	;# 
  5156   000FF2                     INTCON1         equ	4082	;# 
  5157   000FF3                     PROD            equ	4083	;# 
  5158   000FF3                     PRODL           equ	4083	;# 
  5159   000FF4                     PRODH           equ	4084	;# 
  5160   000FF5                     TABLAT          equ	4085	;# 
  5161   000FF6                     TBLPTR          equ	4086	;# 
  5162   000FF6                     TBLPTRL         equ	4086	;# 
  5163   000FF7                     TBLPTRH         equ	4087	;# 
  5164   000FF8                     TBLPTRU         equ	4088	;# 
  5165   000FF9                     PCLAT           equ	4089	;# 
  5166   000FF9                     PC              equ	4089	;# 
  5167   000FF9                     PCL             equ	4089	;# 
  5168   000FFA                     PCLATH          equ	4090	;# 
  5169   000FFB                     PCLATU          equ	4091	;# 
  5170   000FFC                     STKPTR          equ	4092	;# 
  5171   000FFD                     TOS             equ	4093	;# 
  5172   000FFD                     TOSL            equ	4093	;# 
  5173   000FFE                     TOSH            equ	4094	;# 
  5174   000FFF                     TOSU            equ	4095	;# 
  5175                           
  5176 ;; Function _processLIN is unused but had its address taken
  5177   000000                     _processLIN     equ	0
  5178                           
  5179                           	psect	idataCOMRAM
  5180   0018C4                     __pidataCOMRAM:
  5181                           	callstack 0
  5182                           
  5183                           ;initializer for _LIN_timeout
  5184   0018C4  0A                 	db	10
  5185                           
  5186                           	psect	smallconst
  5187   001000                     __psmallconst:
  5188                           	callstack 0
  5189   001000  00                 	db	0
  5190   001001                     _scheduleTable:
  5191                           	callstack 0
  5192   001001  00                 	db	0
  5193   001002  00                 	db	0
  5194   001003  01                 	db	1
  5195   001004  00                 	db	0
  5196   001005  64                 	db	100
  5197   001006  3D                 	db	low _UNLOCK_Data
  5198   001007  01                 	db	1
  5199   001008  00                 	db	0
  5200   001009  01                 	db	1
  5201   00100A  00                 	db	0
  5202   00100B  14                 	db	20
  5203   00100C  3C                 	db	low _RSSI_Data
  5204   00100D  02                 	db	2
  5205   00100E  01                 	db	1
  5206   00100F  08                 	db	8
  5207   001010  64                 	db	100
  5208   001011  00                 	db	0
  5209   001012  70                 	db	low _LFRX_Data
  5210   001013                     __end_of_scheduleTable:
  5211                           	callstack 0
  5212   001013  00                 	db	0	; dummy byte at the end
  5213   001000                     __smallconst    set	__psmallconst
  5214   001000                     __mediumconst   set	__psmallconst
  5215   000002                     __activetblptr  equ	2
  5216                           
  5217                           	psect	nvCOMRAM
  5218   000056                     __pnvCOMRAM:
  5219                           	callstack 0
  5220   000056                     _TMR0_InterruptHandler:
  5221                           	callstack 0
  5222   000056                     	ds	2
  5223                           
  5224                           	psect	nvBANK0
  5225   000078                     __pnvBANK0:
  5226                           	callstack 0
  5227   000078                     _EUSART1_ErrorHandler:
  5228                           	callstack 0
  5229   000078                     	ds	2
  5230   00007A                     _EUSART1_OverrunErrorHandler:
  5231                           	callstack 0
  5232   00007A                     	ds	2
  5233   00007C                     _EUSART1_FramingErrorHandler:
  5234                           	callstack 0
  5235   00007C                     	ds	2
  5236   00007E                     _EUSART1_RxDefaultInterruptHandler:
  5237                           	callstack 0
  5238   00007E                     	ds	2
  5239   000080                     _EUSART1_TxDefaultInterruptHandler:
  5240                           	callstack 0
  5241   000080                     	ds	2
  5242   000E45                     _BRGCON3        set	3653
  5243   000E44                     _BRGCON2        set	3652
  5244   000E43                     _BRGCON1        set	3651
  5245   000EF5                     _RXF5SIDL       set	3829
  5246   000EF4                     _RXF5SIDH       set	3828
  5247   000EF7                     _RXF5EIDL       set	3831
  5248   000EF6                     _RXF5EIDH       set	3830
  5249   000EF1                     _RXF4SIDL       set	3825
  5250   000EF0                     _RXF4SIDH       set	3824
  5251   000EF3                     _RXF4EIDL       set	3827
  5252   000EF2                     _RXF4EIDH       set	3826
  5253   000EED                     _RXF3SIDL       set	3821
  5254   000EEC                     _RXF3SIDH       set	3820
  5255   000EEF                     _RXF3EIDL       set	3823
  5256   000EEE                     _RXF3EIDH       set	3822
  5257   000EE9                     _RXF2SIDL       set	3817
  5258   000EE8                     _RXF2SIDH       set	3816
  5259   000EEB                     _RXF2EIDL       set	3819
  5260   000EEA                     _RXF2EIDH       set	3818
  5261   000EE5                     _RXF1SIDL       set	3813
  5262   000EE4                     _RXF1SIDH       set	3812
  5263   000EE7                     _RXF1EIDL       set	3815
  5264   000EE6                     _RXF1EIDH       set	3814
  5265   000EE1                     _RXF0SIDL       set	3809
  5266   000EE0                     _RXF0SIDH       set	3808
  5267   000EE3                     _RXF0EIDL       set	3811
  5268   000EE2                     _RXF0EIDH       set	3810
  5269   000EFD                     _RXM1SIDL       set	3837
  5270   000EFC                     _RXM1SIDH       set	3836
  5271   000EFF                     _RXM1EIDL       set	3839
  5272   000EFE                     _RXM1EIDH       set	3838
  5273   000EF9                     _RXM0SIDL       set	3833
  5274   000EF8                     _RXM0SIDH       set	3832
  5275   000EFB                     _RXM0EIDL       set	3835
  5276   000EFA                     _RXM0EIDH       set	3834
  5277   000F3D                     _RXB1D7         set	3901
  5278   000F3C                     _RXB1D6         set	3900
  5279   000F3B                     _RXB1D5         set	3899
  5280   000F3A                     _RXB1D4         set	3898
  5281   000F39                     _RXB1D3         set	3897
  5282   000F38                     _RXB1D2         set	3896
  5283   000F37                     _RXB1D1         set	3895
  5284   000F36                     _RXB1D0         set	3894
  5285   000F35                     _RXB1DLC        set	3893
  5286   000F31                     _RXB1SIDH       set	3889
  5287   000F34                     _RXB1EIDL       set	3892
  5288   000F33                     _RXB1EIDH       set	3891
  5289   000F32                     _RXB1SIDL       set	3890
  5290   000F30                     _RXB1CONbits    set	3888
  5291   000F0D                     _TXB2D7         set	3853
  5292   000F0C                     _TXB2D6         set	3852
  5293   000F0B                     _TXB2D5         set	3851
  5294   000F0A                     _TXB2D4         set	3850
  5295   000F09                     _TXB2D3         set	3849
  5296   000F08                     _TXB2D2         set	3848
  5297   000F07                     _TXB2D1         set	3847
  5298   000F06                     _TXB2D0         set	3846
  5299   000F05                     _TXB2DLC        set	3845
  5300   000F02                     _TXB2SIDL       set	3842
  5301   000F01                     _TXB2SIDH       set	3841
  5302   000F04                     _TXB2EIDL       set	3844
  5303   000F03                     _TXB2EIDH       set	3843
  5304   000F00                     _TXB2CONbits    set	3840
  5305   000F1D                     _TXB1D7         set	3869
  5306   000F1C                     _TXB1D6         set	3868
  5307   000F1B                     _TXB1D5         set	3867
  5308   000F1A                     _TXB1D4         set	3866
  5309   000F19                     _TXB1D3         set	3865
  5310   000F18                     _TXB1D2         set	3864
  5311   000F17                     _TXB1D1         set	3863
  5312   000F16                     _TXB1D0         set	3862
  5313   000F15                     _TXB1DLC        set	3861
  5314   000F12                     _TXB1SIDL       set	3858
  5315   000F11                     _TXB1SIDH       set	3857
  5316   000F14                     _TXB1EIDL       set	3860
  5317   000F13                     _TXB1EIDH       set	3859
  5318   000F10                     _TXB1CONbits    set	3856
  5319   000F2D                     _TXB0D7         set	3885
  5320   000F2C                     _TXB0D6         set	3884
  5321   000F2B                     _TXB0D5         set	3883
  5322   000F2A                     _TXB0D4         set	3882
  5323   000F29                     _TXB0D3         set	3881
  5324   000F28                     _TXB0D2         set	3880
  5325   000F27                     _TXB0D1         set	3879
  5326   000F26                     _TXB0D0         set	3878
  5327   000F25                     _TXB0DLC        set	3877
  5328   000F22                     _TXB0SIDL       set	3874
  5329   000F21                     _TXB0SIDH       set	3873
  5330   000F24                     _TXB0EIDL       set	3876
  5331   000F23                     _TXB0EIDH       set	3875
  5332   000F20                     _TXB0CONbits    set	3872
  5333   000F5B                     _WPUB           set	3931
  5334   000F5C                     _ANCON1         set	3932
  5335   000F5D                     _ANCON0         set	3933
  5336   000F71                     _COMSTATbits    set	3953
  5337   000F6D                     _RXB0D7         set	3949
  5338   000F6C                     _RXB0D6         set	3948
  5339   000F6B                     _RXB0D5         set	3947
  5340   000F6A                     _RXB0D4         set	3946
  5341   000F69                     _RXB0D3         set	3945
  5342   000F68                     _RXB0D2         set	3944
  5343   000F67                     _RXB0D1         set	3943
  5344   000F66                     _RXB0D0         set	3942
  5345   000F65                     _RXB0DLC        set	3941
  5346   000F61                     _RXB0SIDH       set	3937
  5347   000F64                     _RXB0EIDL       set	3940
  5348   000F63                     _RXB0EIDH       set	3939
  5349   000F62                     _RXB0SIDL       set	3938
  5350   000F60                     _RXB0CONbits    set	3936
  5351   000F70                     _CIOCON         set	3952
  5352   000F72                     _ECANCON        set	3954
  5353   000F6E                     _CANSTAT        set	3950
  5354   000F6F                     _CANCON         set	3951
  5355   000FAE                     _RCREG1         set	4014
  5356   000FAD                     _TXREG1         set	4013
  5357   000F7D                     _SPBRGH1        set	3965
  5358   000FAF                     _SPBRG1         set	4015
  5359   000FAC                     _TXSTA1         set	4012
  5360   000FAB                     _RCSTA1         set	4011
  5361   000FA7                     _BAUDCON1       set	4007
  5362   000F77                     _PIR5bits       set	3959
  5363   000F76                     _PIE5bits       set	3958
  5364   000FD0                     _RCONbits       set	4048
  5365   000FD5                     _T0CONbits      set	4053
  5366   000FD5                     _T0CON          set	4053
  5367   000FD6                     _TMR0L          set	4054
  5368   000FD7                     _TMR0H          set	4055
  5369   000FAA                     _T1GCONbits     set	4010
  5370   000FCD                     _T1CONbits      set	4045
  5371   000FCD                     _T1CON          set	4045
  5372   000F9E                     _PIR1bits       set	3998
  5373   000FCE                     _TMR1L          set	4046
  5374   000FCF                     _TMR1H          set	4047
  5375   000FAA                     _T1GCON         set	4010
  5376   000FC2                     _ADCON0bits     set	4034
  5377   000FC3                     _ADRESL         set	4035
  5378   000FC4                     _ADRESH         set	4036
  5379   000FC0                     _ADCON2         set	4032
  5380   000FC1                     _ADCON1         set	4033
  5381   000FC2                     _ADCON0         set	4034
  5382   000FF2                     _INTCONbits     set	4082
  5383   000FF1                     _INTCON2bits    set	4081
  5384   000F94                     _TRISC          set	3988
  5385   000F93                     _TRISB          set	3987
  5386   000F92                     _TRISA          set	3986
  5387   000F8B                     _LATC           set	3979
  5388   000F8A                     _LATB           set	3978
  5389   000F89                     _LATA           set	3977
  5390   000FBC                     _CCPR1L         set	4028
  5391   000FBD                     _CCPR1H         set	4029
  5392   000FBB                     _CCP1CON        set	4027
  5393   000F9A                     _REFOCON        set	3994
  5394   000F9B                     _OSCTUNE        set	3995
  5395   000FD2                     _OSCCON2        set	4050
  5396   000FD3                     _OSCCON         set	4051
  5397   000FAB                     _RCSTA1bits     set	4011
  5398   000FAC                     _TXSTA1bits     set	4012
  5399   000F9D                     _PIE1bits       set	3997
  5400                           
  5401                           ; #config settings
  5402                           
  5403                           	psect	cinit
  5404   001670                     __pcinit:
  5405                           	callstack 0
  5406   001670                     start_initialization:
  5407                           	callstack 0
  5408   001670                     __initialization:
  5409                           	callstack 0
  5410                           
  5411                           ; Initialize objects allocated to COMRAM (1 bytes)
  5412                           ; load TBLPTR registers with __pidataCOMRAM
  5413   001670  0EC4               	movlw	low __pidataCOMRAM
  5414   001672  6EF6               	movwf	tblptrl,c
  5415   001674  0E18               	movlw	high __pidataCOMRAM
  5416   001676  6EF7               	movwf	tblptrh,c
  5417   001678  0E00               	movlw	low (__pidataCOMRAM shr (0+16))
  5418   00167A  6EF8               	movwf	tblptru,c
  5419   00167C  0009               	tblrd		*+	;fetch initializer
  5420   00167E  CFF5 F058          	movff	tablat,__pdataCOMRAM
  5421                           
  5422                           ; Clear objects allocated to BANK0 (24 bytes)
  5423   001682  EE00  F060         	lfsr	0,__pbssBANK0
  5424   001686  0E18               	movlw	24
  5425   001688                     clear_0:
  5426   001688  6AEE               	clrf	postinc0,c
  5427   00168A  06E8               	decf	wreg,f,c
  5428   00168C  E1FD               	bnz	clear_0
  5429                           
  5430                           ; Clear objects allocated to COMRAM (60 bytes)
  5431   00168E  EE00  F002         	lfsr	0,__pbssCOMRAM
  5432   001692  0E3C               	movlw	60
  5433   001694                     clear_1:
  5434   001694  6AEE               	clrf	postinc0,c
  5435   001696  06E8               	decf	wreg,f,c
  5436   001698  E1FD               	bnz	clear_1
  5437   00169A                     end_of_initialization:
  5438                           	callstack 0
  5439   00169A                     __end_of__initialization:
  5440                           	callstack 0
  5441   00169A  9001               	bcf	int$flags,0,c	;clear compiler interrupt flag (level 1)
  5442   00169C  9201               	bcf	int$flags,1,c	;clear compiler interrupt flag (level 2)
  5443   00169E  0E00               	movlw	low (__Lmediumconst shr (0+16))
  5444   0016A0  6EF8               	movwf	tblptru,c
  5445   0016A2  0100               	movlb	0
  5446   0016A4  EF1B  F00C         	goto	_main	;jump to C main() function
  5447                           
  5448                           	psect	bssCOMRAM
  5449   000002                     __pbssCOMRAM:
  5450                           	callstack 0
  5451   000002                     _eusart1RxStatusBuffer:
  5452                           	callstack 0
  5453   000002                     	ds	8
  5454   00000A                     _WakeUpInterruptHandler:
  5455                           	callstack 0
  5456   00000A                     	ds	2
  5457   00000C                     _timer1ReloadVal:
  5458                           	callstack 0
  5459   00000C                     	ds	2
  5460   00000E                     _ADC_InterruptHandler:
  5461                           	callstack 0
  5462   00000E                     	ds	2
  5463   000010                     _LIN_processData:
  5464                           	callstack 0
  5465   000010                     	ds	2
  5466   000012                     _eusart1RxLastError:
  5467                           	callstack 0
  5468   000012                     	ds	1
  5469   000013                     _eusart1RxCount:
  5470                           	callstack 0
  5471   000013                     	ds	1
  5472   000014                     _eusart1RxTail:
  5473                           	callstack 0
  5474   000014                     	ds	1
  5475   000015                     _eusart1RxHead:
  5476                           	callstack 0
  5477   000015                     	ds	1
  5478   000016                     _eusart1TxBufferRemaining:
  5479                           	callstack 0
  5480   000016                     	ds	1
  5481   000017                     _eusart1TxTail:
  5482                           	callstack 0
  5483   000017                     	ds	1
  5484   000018                     _eusart1TxHead:
  5485                           	callstack 0
  5486   000018                     	ds	1
  5487   000019                     _timer0ReloadVal:
  5488                           	callstack 0
  5489   000019                     	ds	1
  5490   00001A                     LIN_sendPeriodicTx@scheduleIndex:
  5491                           	callstack 0
  5492   00001A                     	ds	1
  5493   00001B                     LIN_receivePacket@rxIndex:
  5494                           	callstack 0
  5495   00001B                     	ds	1
  5496   00001C                     LIN_handler@LIN_state:
  5497                           	callstack 0
  5498   00001C                     	ds	1
  5499   00001D                     _LIN_periodCallBack:
  5500                           	callstack 0
  5501   00001D                     	ds	1
  5502   00001E                     _LIN_timerCallBack:
  5503                           	callstack 0
  5504   00001E                     	ds	1
  5505   00001F                     _LIN_enablePeriodTx:
  5506                           	callstack 0
  5507   00001F                     	ds	1
  5508   000020                     _LIN_timerRunning:
  5509                           	callstack 0
  5510   000020                     	ds	1
  5511   000021                     _LIN_period:
  5512                           	callstack 0
  5513   000021                     	ds	1
  5514   000022                     _scheduleLength:
  5515                           	callstack 0
  5516   000022                     	ds	1
  5517   000023                     _schedule:
  5518                           	callstack 0
  5519   000023                     	ds	1
  5520   000024                     _LIN_txReady:
  5521                           	callstack 0
  5522   000024                     	ds	1
  5523   000025                     _LIN_rxPacket:
  5524                           	callstack 0
  5525   000025                     	ds	12
  5526   000031                     _LIN_packet:
  5527                           	callstack 0
  5528   000031                     	ds	11
  5529   00003C                     _RSSI_Data:
  5530                           	callstack 0
  5531   00003C                     	ds	1
  5532   00003D                     _UNLOCK_Data:
  5533                           	callstack 0
  5534   00003D                     	ds	1
  5535                           
  5536                           	psect	dataCOMRAM
  5537   000058                     __pdataCOMRAM:
  5538                           	callstack 0
  5539   000058                     _LIN_timeout:
  5540                           	callstack 0
  5541   000058                     	ds	1
  5542                           
  5543                           	psect	bssBANK0
  5544   000060                     __pbssBANK0:
  5545                           	callstack 0
  5546   000060                     _eusart1RxBuffer:
  5547                           	callstack 0
  5548   000060                     	ds	8
  5549   000068                     _eusart1TxBuffer:
  5550                           	callstack 0
  5551   000068                     	ds	8
  5552   000070                     _LFRX_Data:
  5553                           	callstack 0
  5554   000070                     	ds	8
  5555                           
  5556                           	psect	cstackBANK0
  5557   000082                     __pcstackBANK0:
  5558                           	callstack 0
  5559   000082                     TMR0_SetInterruptHandler@InterruptHandler:
  5560                           	callstack 0
  5561   000082                     EUSART1_SetFramingErrorHandler@interruptHandler:
  5562                           	callstack 0
  5563   000082                     EUSART1_SetOverrunErrorHandler@interruptHandler:
  5564                           	callstack 0
  5565   000082                     EUSART1_SetErrorHandler@interruptHandler:
  5566                           	callstack 0
  5567   000082                     EUSART1_SetTxInterruptHandler@interruptHandler:
  5568                           	callstack 0
  5569   000082                     EUSART1_SetRxInterruptHandler@interruptHandler:
  5570                           	callstack 0
  5571   000082                     ECAN_SetWakeUpInterruptHandler@handler:
  5572                           	callstack 0
  5573   000082                     ??_TMR1_Initialize:
  5574                           
  5575                           ; 1 bytes @ 0x0
  5576   000082                     	ds	2
  5577   000084                     LIN_init@table:
  5578                           	callstack 0
  5579   000084                     ??_ECAN_Initialize:
  5580   000084                     
  5581                           ; 1 bytes @ 0x2
  5582   000084                     	ds	1
  5583   000085                     LIN_init@processData:
  5584                           	callstack 0
  5585                           
  5586                           ; 2 bytes @ 0x3
  5587   000085                     	ds	2
  5588   000087                     LIN_init@tableLength:
  5589                           	callstack 0
  5590   000087                     
  5591                           ; 1 bytes @ 0x5
  5592   000087                     	ds	1
  5593   000088                     
  5594                           ; 1 bytes @ 0x6
  5595                           
  5596                           	psect	cstackCOMRAM
  5597   00003E                     __pcstackCOMRAM:
  5598                           	callstack 0
  5599   00003E                     LIN_getChecksum@data:
  5600                           	callstack 0
  5601   00003E                     memcpy@d1:
  5602                           	callstack 0
  5603   00003E                     memset@dest:
  5604                           	callstack 0
  5605   00003E                     ??_LIN_calcParity:
  5606   00003E                     
  5607                           ; 1 bytes @ 0x0
  5608   00003E                     	ds	1
  5609   00003F                     LIN_calcParity@CMD:
  5610                           	callstack 0
  5611   00003F                     memcpy@s1:
  5612                           	callstack 0
  5613   00003F                     memset@c:
  5614                           	callstack 0
  5615   00003F                     ??_LIN_getChecksum:
  5616                           
  5617                           ; 1 bytes @ 0x1
  5618   00003F                     	ds	1
  5619   000040                     LIN_calcParity@PID:
  5620                           	callstack 0
  5621   000040                     LIN_getChecksum@length:
  5622                           	callstack 0
  5623   000040                     memcpy@n:
  5624                           	callstack 0
  5625                           
  5626                           ; 2 bytes @ 0x2
  5627   000040                     	ds	1
  5628   000041                     LIN_getChecksum@i:
  5629                           	callstack 0
  5630   000041                     memset@n:
  5631                           	callstack 0
  5632                           
  5633                           ; 2 bytes @ 0x3
  5634   000041                     	ds	1
  5635   000042                     memcpy@tmp:
  5636                           	callstack 0
  5637   000042                     LIN_getChecksum@checksum:
  5638                           	callstack 0
  5639   000042                     
  5640                           ; 1 bytes @ 0x4
  5641   000042                     	ds	1
  5642   000043                     memcpy@d:
  5643                           	callstack 0
  5644   000043                     memset@p:
  5645                           	callstack 0
  5646   000043                     
  5647                           ; 1 bytes @ 0x5
  5648   000043                     	ds	1
  5649   000044                     memcpy@s:
  5650                           	callstack 0
  5651                           
  5652                           ; 1 bytes @ 0x6
  5653   000044                     	ds	1
  5654   000045                     LIN_queuePacket@data:
  5655                           	callstack 0
  5656                           
  5657                           ; 1 bytes @ 0x7
  5658   000045                     	ds	1
  5659   000046                     ??_LIN_queuePacket:
  5660                           
  5661                           ; 1 bytes @ 0x8
  5662   000046                     	ds	1
  5663   000047                     LIN_queuePacket@cmd:
  5664                           	callstack 0
  5665                           
  5666                           ; 1 bytes @ 0x9
  5667   000047                     	ds	1
  5668   000048                     LIN_queuePacket@i:
  5669                           	callstack 0
  5670                           
  5671                           ; 1 bytes @ 0xA
  5672   000048                     	ds	1
  5673   000049                     LIN_queuePacket@tempSchedule:
  5674                           	callstack 0
  5675                           
  5676                           ; 1 bytes @ 0xB
  5677   000049                     	ds	1
  5678   00004A                     ??_LIN_sendPeriodicTx:
  5679                           
  5680                           ; 1 bytes @ 0xC
  5681   00004A                     	ds	1
  5682   00004B                     LIN_sendPeriodicTx@periodicTx:
  5683                           	callstack 0
  5684                           
  5685                           ; 1 bytes @ 0xD
  5686   00004B                     	ds	1
  5687   00004C                     ??_INTERRUPT_InterruptManager:
  5688                           
  5689                           ; 1 bytes @ 0xE
  5690   00004C                     	ds	10
  5691                           
  5692 ;;
  5693 ;;Main: autosize = 0, tempsize = 0, incstack = 0, save=0
  5694 ;;
  5695 ;; *************** function _main *****************
  5696 ;; Defined at:
  5697 ;;		line 49 in file "main.c"
  5698 ;; Parameters:    Size  Location     Type
  5699 ;;		None
  5700 ;; Auto vars:     Size  Location     Type
  5701 ;;		None
  5702 ;; Return value:  Size  Location     Type
  5703 ;;                  1    wreg      void 
  5704 ;; Registers used:
  5705 ;;		wreg, status,2, status,0, cstack
  5706 ;; Tracked objects:
  5707 ;;		On entry : 0/0
  5708 ;;		On exit  : 0/0
  5709 ;;		Unchanged: 0/0
  5710 ;; Data sizes:     COMRAM   BANK0   BANK1   BANK2   BANK3   BANK4   BANK5   BANK6   BANK7   BANK8   BANK9  BANK10  BANK1
      +1  BANK12  BANK13  BANK14
  5711 ;;      Params:         0       0       0       0       0       0       0       0       0       0       0       0       
      +0       0       0       0
  5712 ;;      Locals:         0       0       0       0       0       0       0       0       0       0       0       0       
      +0       0       0       0
  5713 ;;      Temps:          0       0       0       0       0       0       0       0       0       0       0       0       
      +0       0       0       0
  5714 ;;      Totals:         0       0       0       0       0       0       0       0       0       0       0       0       
      +0       0       0       0
  5715 ;;Total ram usage:        0 bytes
  5716 ;; Hardware stack levels required when called: 11
  5717 ;; This function calls:
  5718 ;;		_SYSTEM_Initialize
  5719 ;; This function is called by:
  5720 ;;		Startup code after reset
  5721 ;; This function uses a non-reentrant model
  5722 ;;
  5723                           
  5724                           	psect	text0
  5725   001836                     __ptext0:
  5726                           	callstack 0
  5727   001836                     _main:
  5728                           	callstack 20
  5729   001836                     
  5730                           ;main.c: 52:     SYSTEM_Initialize();
  5731   001836  EC85  F00B         	call	_SYSTEM_Initialize	;wreg free
  5732   00183A                     l230:
  5733   00183A  EF1D  F00C         	goto	l230
  5734   00183E  EF92  F000         	goto	start
  5735   001842                     __end_of_main:
  5736                           	callstack 0
  5737                           
  5738 ;; *************** function _SYSTEM_Initialize *****************
  5739 ;; Defined at:
  5740 ;;		line 50 in file "mcc_generated_files/mcc.c"
  5741 ;; Parameters:    Size  Location     Type
  5742 ;;		None
  5743 ;; Auto vars:     Size  Location     Type
  5744 ;;		None
  5745 ;; Return value:  Size  Location     Type
  5746 ;;                  1    wreg      void 
  5747 ;; Registers used:
  5748 ;;		wreg, status,2, status,0, cstack
  5749 ;; Tracked objects:
  5750 ;;		On entry : 0/0
  5751 ;;		On exit  : 0/0
  5752 ;;		Unchanged: 0/0
  5753 ;; Data sizes:     COMRAM   BANK0   BANK1   BANK2   BANK3   BANK4   BANK5   BANK6   BANK7   BANK8   BANK9  BANK10  BANK1
      +1  BANK12  BANK13  BANK14
  5754 ;;      Params:         0       0       0       0       0       0       0       0       0       0       0       0       
      +0       0       0       0
  5755 ;;      Locals:         0       0       0       0       0       0       0       0       0       0       0       0       
      +0       0       0       0
  5756 ;;      Temps:          0       0       0       0       0       0       0       0       0       0       0       0       
      +0       0       0       0
  5757 ;;      Totals:         0       0       0       0       0       0       0       0       0       0       0       0       
      +0       0       0       0
  5758 ;;Total ram usage:        0 bytes
  5759 ;; Hardware stack levels used: 1
  5760 ;; Hardware stack levels required when called: 10
  5761 ;; This function calls:
  5762 ;;		_ADC_Initialize
  5763 ;;		_ECAN_Initialize
  5764 ;;		_ECCP1_Initialize
  5765 ;;		_EUSART1_Initialize
  5766 ;;		_INTERRUPT_Initialize
  5767 ;;		_LIN_Master_Initialize
  5768 ;;		_OSCILLATOR_Initialize
  5769 ;;		_PIN_MANAGER_Initialize
  5770 ;;		_TMR0_Initialize
  5771 ;;		_TMR1_Initialize
  5772 ;; This function is called by:
  5773 ;;		_main
  5774 ;; This function uses a non-reentrant model
  5775 ;;
  5776                           
  5777                           	psect	text1
  5778   00170A                     __ptext1:
  5779                           	callstack 0
  5780   00170A                     _SYSTEM_Initialize:
  5781                           	callstack 20
  5782   00170A                     
  5783                           ;mcc_generated_files/mcc.c: 53:     INTERRUPT_Initialize();
  5784   00170A  EC5D  F00C         	call	_INTERRUPT_Initialize	;wreg free
  5785   00170E                     
  5786                           ;mcc_generated_files/mcc.c: 54:     PIN_MANAGER_Initialize();
  5787   00170E  ECD0  F00B         	call	_PIN_MANAGER_Initialize	;wreg free
  5788   001712                     
  5789                           ;mcc_generated_files/mcc.c: 55:     OSCILLATOR_Initialize();
  5790   001712  EC21  F00C         	call	_OSCILLATOR_Initialize	;wreg free
  5791                           
  5792                           ;mcc_generated_files/mcc.c: 56:     ECCP1_Initialize();
  5793   001716  EC4A  F00C         	call	_ECCP1_Initialize	;wreg free
  5794   00171A                     
  5795                           ;mcc_generated_files/mcc.c: 57:     ADC_Initialize();
  5796   00171A  EC13  F00C         	call	_ADC_Initialize	;wreg free
  5797   00171E                     
  5798                           ;mcc_generated_files/mcc.c: 58:     TMR1_Initialize();
  5799   00171E  EC9A  F00B         	call	_TMR1_Initialize	;wreg free
  5800   001722                     
  5801                           ;mcc_generated_files/mcc.c: 59:     TMR0_Initialize();
  5802   001722  ECBF  F00B         	call	_TMR0_Initialize	;wreg free
  5803   001726                     
  5804                           ;mcc_generated_files/mcc.c: 60:     EUSART1_Initialize();
  5805   001726  EC6D  F00A         	call	_EUSART1_Initialize	;wreg free
  5806   00172A                     
  5807                           ;mcc_generated_files/mcc.c: 61:     ECAN_Initialize();
  5808   00172A  EC21  F00A         	call	_ECAN_Initialize	;wreg free
  5809   00172E                     
  5810                           ;mcc_generated_files/mcc.c: 62:     LIN_Master_Initialize();
  5811   00172E  EC00  F00C         	call	_LIN_Master_Initialize	;wreg free
  5812   001732  0012               	return		;funcret
  5813   001734                     __end_of_SYSTEM_Initialize:
  5814                           	callstack 0
  5815                           
  5816 ;; *************** function _TMR1_Initialize *****************
  5817 ;; Defined at:
  5818 ;;		line 63 in file "mcc_generated_files/tmr1.c"
  5819 ;; Parameters:    Size  Location     Type
  5820 ;;		None
  5821 ;; Auto vars:     Size  Location     Type
  5822 ;;		None
  5823 ;; Return value:  Size  Location     Type
  5824 ;;                  1    wreg      void 
  5825 ;; Registers used:
  5826 ;;		wreg, status,2, status,0
  5827 ;; Tracked objects:
  5828 ;;		On entry : 0/0
  5829 ;;		On exit  : 0/0
  5830 ;;		Unchanged: 0/0
  5831 ;; Data sizes:     COMRAM   BANK0   BANK1   BANK2   BANK3   BANK4   BANK5   BANK6   BANK7   BANK8   BANK9  BANK10  BANK1
      +1  BANK12  BANK13  BANK14
  5832 ;;      Params:         0       0       0       0       0       0       0       0       0       0       0       0       
      +0       0       0       0
  5833 ;;      Locals:         0       0       0       0       0       0       0       0       0       0       0       0       
      +0       0       0       0
  5834 ;;      Temps:          0       2       0       0       0       0       0       0       0       0       0       0       
      +0       0       0       0
  5835 ;;      Totals:         0       2       0       0       0       0       0       0       0       0       0       0       
      +0       0       0       0
  5836 ;;Total ram usage:        2 bytes
  5837 ;; Hardware stack levels used: 1
  5838 ;; Hardware stack levels required when called: 6
  5839 ;; This function calls:
  5840 ;;		Nothing
  5841 ;; This function is called by:
  5842 ;;		_SYSTEM_Initialize
  5843 ;; This function uses a non-reentrant model
  5844 ;;
  5845                           
  5846                           	psect	text2
  5847   001734                     __ptext2:
  5848                           	callstack 0
  5849   001734                     _TMR1_Initialize:
  5850                           	callstack 23
  5851   001734                     
  5852                           ;mcc_generated_files/tmr1.c: 68:     T1GCON = 0x00;
  5853   001734  6AAA               	clrf	170,c	;volatile
  5854                           
  5855                           ;mcc_generated_files/tmr1.c: 71:     TMR1H = 0x00;
  5856   001736  6ACF               	clrf	207,c	;volatile
  5857                           
  5858                           ;mcc_generated_files/tmr1.c: 74:     TMR1L = 0x00;
  5859   001738  6ACE               	clrf	206,c	;volatile
  5860                           
  5861                           ;mcc_generated_files/tmr1.c: 77:     PIR1bits.TMR1IF = 0;
  5862   00173A  909E               	bcf	158,0,c	;volatile
  5863   00173C                     
  5864                           ;mcc_generated_files/tmr1.c: 80:     timer1ReloadVal=(uint16_t)((TMR1H << 8) | TMR1L);
  5865   00173C  50CE               	movf	206,w,c	;volatile
  5866   00173E  CFCF F082          	movff	4047,??_TMR1_Initialize	;volatile
  5867   001742  0100               	movlb	0	; () banked
  5868   001744  6B83               	clrf	(??_TMR1_Initialize+1)& (0+255),b
  5869   001746  C082  F083         	movff	??_TMR1_Initialize,??_TMR1_Initialize+1
  5870   00174A  6B82               	clrf	??_TMR1_Initialize& (0+255),b
  5871   00174C  1182               	iorwf	??_TMR1_Initialize& (0+255),w,b
  5872   00174E  6E0C               	movwf	_timer1ReloadVal^0,c	;volatile
  5873   001750  5183               	movf	(??_TMR1_Initialize+1)& (0+255),w,b
  5874   001752  6E0D               	movwf	(_timer1ReloadVal+1)^0,c	;volatile
  5875   001754                     
  5876                           ; BSR set to: 0
  5877                           ;mcc_generated_files/tmr1.c: 83:     T1CON = 0x01;
  5878   001754  0E01               	movlw	1
  5879   001756  6ECD               	movwf	205,c	;volatile
  5880   001758                     
  5881                           ; BSR set to: 0
  5882   001758  0012               	return		;funcret
  5883   00175A                     __end_of_TMR1_Initialize:
  5884                           	callstack 0
  5885                           
  5886 ;; *************** function _TMR0_Initialize *****************
  5887 ;; Defined at:
  5888 ;;		line 67 in file "mcc_generated_files/tmr0.c"
  5889 ;; Parameters:    Size  Location     Type
  5890 ;;		None
  5891 ;; Auto vars:     Size  Location     Type
  5892 ;;		None
  5893 ;; Return value:  Size  Location     Type
  5894 ;;                  1    wreg      void 
  5895 ;; Registers used:
  5896 ;;		wreg, status,2, status,0, cstack
  5897 ;; Tracked objects:
  5898 ;;		On entry : 0/0
  5899 ;;		On exit  : 0/0
  5900 ;;		Unchanged: 0/0
  5901 ;; Data sizes:     COMRAM   BANK0   BANK1   BANK2   BANK3   BANK4   BANK5   BANK6   BANK7   BANK8   BANK9  BANK10  BANK1
      +1  BANK12  BANK13  BANK14
  5902 ;;      Params:         0       0       0       0       0       0       0       0       0       0       0       0       
      +0       0       0       0
  5903 ;;      Locals:         0       0       0       0       0       0       0       0       0       0       0       0       
      +0       0       0       0
  5904 ;;      Temps:          0       0       0       0       0       0       0       0       0       0       0       0       
      +0       0       0       0
  5905 ;;      Totals:         0       0       0       0       0       0       0       0       0       0       0       0       
      +0       0       0       0
  5906 ;;Total ram usage:        0 bytes
  5907 ;; Hardware stack levels used: 1
  5908 ;; Hardware stack levels required when called: 7
  5909 ;; This function calls:
  5910 ;;		_TMR0_SetInterruptHandler
  5911 ;; This function is called by:
  5912 ;;		_SYSTEM_Initialize
  5913 ;; This function uses a non-reentrant model
  5914 ;;
  5915                           
  5916                           	psect	text3
  5917   00177E                     __ptext3:
  5918                           	callstack 0
  5919   00177E                     _TMR0_Initialize:
  5920                           	callstack 22
  5921   00177E                     
  5922                           ;mcc_generated_files/tmr0.c: 72:     TMR0H = 0x00;
  5923   00177E  6AD7               	clrf	215,c	;volatile
  5924   001780                     
  5925                           ;mcc_generated_files/tmr0.c: 75:     TMR0L = 0x83;
  5926   001780  0E83               	movlw	131
  5927   001782  6ED6               	movwf	214,c	;volatile
  5928                           
  5929                           ;mcc_generated_files/tmr0.c: 79:     timer0ReloadVal = 131;
  5930   001784  0E83               	movlw	131
  5931   001786  6E19               	movwf	_timer0ReloadVal^0,c	;volatile
  5932   001788                     
  5933                           ;mcc_generated_files/tmr0.c: 82:     INTCONbits.TMR0IF = 0;
  5934   001788  94F2               	bcf	242,2,c	;volatile
  5935   00178A                     
  5936                           ;mcc_generated_files/tmr0.c: 85:     INTCONbits.TMR0IE = 1;
  5937   00178A  8AF2               	bsf	242,5,c	;volatile
  5938   00178C                     
  5939                           ;mcc_generated_files/tmr0.c: 88:     TMR0_SetInterruptHandler(TMR0_DefaultInterruptHandl
      +                          er);
  5940   00178C  0EBE               	movlw	low _TMR0_DefaultInterruptHandler
  5941   00178E  0100               	movlb	0	; () banked
  5942   001790  6F82               	movwf	TMR0_SetInterruptHandler@InterruptHandler& (0+255),b
  5943   001792  0E18               	movlw	high _TMR0_DefaultInterruptHandler
  5944   001794  6F83               	movwf	(TMR0_SetInterruptHandler@InterruptHandler+1)& (0+255),b
  5945   001796  EC27  F00C         	call	_TMR0_SetInterruptHandler	;wreg free
  5946   00179A                     
  5947                           ;mcc_generated_files/tmr0.c: 91:     T0CON = 0xD3;
  5948   00179A  0ED3               	movlw	211
  5949   00179C  6ED5               	movwf	213,c	;volatile
  5950   00179E  0012               	return		;funcret
  5951   0017A0                     __end_of_TMR0_Initialize:
  5952                           	callstack 0
  5953                           
  5954 ;; *************** function _PIN_MANAGER_Initialize *****************
  5955 ;; Defined at:
  5956 ;;		line 55 in file "mcc_generated_files/pin_manager.c"
  5957 ;; Parameters:    Size  Location     Type
  5958 ;;		None
  5959 ;; Auto vars:     Size  Location     Type
  5960 ;;		None
  5961 ;; Return value:  Size  Location     Type
  5962 ;;                  1    wreg      void 
  5963 ;; Registers used:
  5964 ;;		wreg, status,2
  5965 ;; Tracked objects:
  5966 ;;		On entry : 0/0
  5967 ;;		On exit  : 0/0
  5968 ;;		Unchanged: 0/0
  5969 ;; Data sizes:     COMRAM   BANK0   BANK1   BANK2   BANK3   BANK4   BANK5   BANK6   BANK7   BANK8   BANK9  BANK10  BANK1
      +1  BANK12  BANK13  BANK14
  5970 ;;      Params:         0       0       0       0       0       0       0       0       0       0       0       0       
      +0       0       0       0
  5971 ;;      Locals:         0       0       0       0       0       0       0       0       0       0       0       0       
      +0       0       0       0
  5972 ;;      Temps:          0       0       0       0       0       0       0       0       0       0       0       0       
      +0       0       0       0
  5973 ;;      Totals:         0       0       0       0       0       0       0       0       0       0       0       0       
      +0       0       0       0
  5974 ;;Total ram usage:        0 bytes
  5975 ;; Hardware stack levels used: 1
  5976 ;; Hardware stack levels required when called: 6
  5977 ;; This function calls:
  5978 ;;		Nothing
  5979 ;; This function is called by:
  5980 ;;		_SYSTEM_Initialize
  5981 ;; This function uses a non-reentrant model
  5982 ;;
  5983                           
  5984                           	psect	text4
  5985   0017A0                     __ptext4:
  5986                           	callstack 0
  5987   0017A0                     _PIN_MANAGER_Initialize:
  5988                           	callstack 23
  5989   0017A0                     
  5990                           ;mcc_generated_files/pin_manager.c: 60:     LATA = 0x00;
  5991   0017A0  6A89               	clrf	137,c	;volatile
  5992                           
  5993                           ;mcc_generated_files/pin_manager.c: 61:     LATB = 0x00;
  5994   0017A2  6A8A               	clrf	138,c	;volatile
  5995                           
  5996                           ;mcc_generated_files/pin_manager.c: 62:     LATC = 0x00;
  5997   0017A4  6A8B               	clrf	139,c	;volatile
  5998   0017A6                     
  5999                           ;mcc_generated_files/pin_manager.c: 67:     TRISA = 0xEF;
  6000   0017A6  0EEF               	movlw	239
  6001   0017A8  6E92               	movwf	146,c	;volatile
  6002                           
  6003                           ;mcc_generated_files/pin_manager.c: 68:     TRISB = 0xFB;
  6004   0017AA  0EFB               	movlw	251
  6005   0017AC  6E93               	movwf	147,c	;volatile
  6006                           
  6007                           ;mcc_generated_files/pin_manager.c: 69:     TRISC = 0xBF;
  6008   0017AE  0EBF               	movlw	191
  6009   0017B0  6E94               	movwf	148,c	;volatile
  6010                           
  6011                           ;mcc_generated_files/pin_manager.c: 74:     ANCON0 = 0x1F;
  6012   0017B2  0E1F               	movlw	31
  6013   0017B4  010F               	movlb	15	; () banked
  6014   0017B6  6F5D               	movwf	93,b	;volatile
  6015                           
  6016                           ;mcc_generated_files/pin_manager.c: 75:     ANCON1 = 0x07;
  6017   0017B8  0E07               	movlw	7
  6018   0017BA  6F5C               	movwf	92,b	;volatile
  6019   0017BC                     
  6020                           ; BSR set to: 15
  6021                           ;mcc_generated_files/pin_manager.c: 80:     WPUB = 0x00;
  6022   0017BC  6B5B               	clrf	91,b	;volatile
  6023   0017BE                     
  6024                           ; BSR set to: 15
  6025                           ;mcc_generated_files/pin_manager.c: 81:     INTCON2bits.nRBPU = 1;
  6026   0017BE  8EF1               	bsf	241,7,c	;volatile
  6027   0017C0                     
  6028                           ; BSR set to: 15
  6029   0017C0  0012               	return		;funcret
  6030   0017C2                     __end_of_PIN_MANAGER_Initialize:
  6031                           	callstack 0
  6032                           
  6033 ;; *************** function _OSCILLATOR_Initialize *****************
  6034 ;; Defined at:
  6035 ;;		line 65 in file "mcc_generated_files/mcc.c"
  6036 ;; Parameters:    Size  Location     Type
  6037 ;;		None
  6038 ;; Auto vars:     Size  Location     Type
  6039 ;;		None
  6040 ;; Return value:  Size  Location     Type
  6041 ;;                  1    wreg      void 
  6042 ;; Registers used:
  6043 ;;		wreg, status,2
  6044 ;; Tracked objects:
  6045 ;;		On entry : 0/0
  6046 ;;		On exit  : 0/0
  6047 ;;		Unchanged: 0/0
  6048 ;; Data sizes:     COMRAM   BANK0   BANK1   BANK2   BANK3   BANK4   BANK5   BANK6   BANK7   BANK8   BANK9  BANK10  BANK1
      +1  BANK12  BANK13  BANK14
  6049 ;;      Params:         0       0       0       0       0       0       0       0       0       0       0       0       
      +0       0       0       0
  6050 ;;      Locals:         0       0       0       0       0       0       0       0       0       0       0       0       
      +0       0       0       0
  6051 ;;      Temps:          0       0       0       0       0       0       0       0       0       0       0       0       
      +0       0       0       0
  6052 ;;      Totals:         0       0       0       0       0       0       0       0       0       0       0       0       
      +0       0       0       0
  6053 ;;Total ram usage:        0 bytes
  6054 ;; Hardware stack levels used: 1
  6055 ;; Hardware stack levels required when called: 6
  6056 ;; This function calls:
  6057 ;;		Nothing
  6058 ;; This function is called by:
  6059 ;;		_SYSTEM_Initialize
  6060 ;; This function uses a non-reentrant model
  6061 ;;
  6062                           
  6063                           	psect	text5
  6064   001842                     __ptext5:
  6065                           	callstack 0
  6066   001842                     _OSCILLATOR_Initialize:
  6067                           	callstack 23
  6068   001842                     
  6069                           ;mcc_generated_files/mcc.c: 68:     OSCCON = 0x60;
  6070   001842  0E60               	movlw	96
  6071   001844  6ED3               	movwf	211,c	;volatile
  6072   001846                     
  6073                           ;mcc_generated_files/mcc.c: 70:     OSCCON2 = 0x00;
  6074   001846  6AD2               	clrf	210,c	;volatile
  6075   001848                     
  6076                           ;mcc_generated_files/mcc.c: 72:     OSCTUNE = 0x00;
  6077   001848  6A9B               	clrf	155,c	;volatile
  6078   00184A                     
  6079                           ;mcc_generated_files/mcc.c: 74:     REFOCON = 0x00;
  6080   00184A  6A9A               	clrf	154,c	;volatile
  6081   00184C  0012               	return		;funcret
  6082   00184E                     __end_of_OSCILLATOR_Initialize:
  6083                           	callstack 0
  6084                           
  6085 ;; *************** function _LIN_Master_Initialize *****************
  6086 ;; Defined at:
  6087 ;;		line 43 in file "mcc_generated_files/LINDrivers/lin_app.c"
  6088 ;; Parameters:    Size  Location     Type
  6089 ;;		None
  6090 ;; Auto vars:     Size  Location     Type
  6091 ;;		None
  6092 ;; Return value:  Size  Location     Type
  6093 ;;                  1    wreg      void 
  6094 ;; Registers used:
  6095 ;;		wreg, status,2, status,0, cstack
  6096 ;; Tracked objects:
  6097 ;;		On entry : 0/0
  6098 ;;		On exit  : 0/0
  6099 ;;		Unchanged: 0/0
  6100 ;; Data sizes:     COMRAM   BANK0   BANK1   BANK2   BANK3   BANK4   BANK5   BANK6   BANK7   BANK8   BANK9  BANK10  BANK1
      +1  BANK12  BANK13  BANK14
  6101 ;;      Params:         0       0       0       0       0       0       0       0       0       0       0       0       
      +0       0       0       0
  6102 ;;      Locals:         0       0       0       0       0       0       0       0       0       0       0       0       
      +0       0       0       0
  6103 ;;      Temps:          0       0       0       0       0       0       0       0       0       0       0       0       
      +0       0       0       0
  6104 ;;      Totals:         0       0       0       0       0       0       0       0       0       0       0       0       
      +0       0       0       0
  6105 ;;Total ram usage:        0 bytes
  6106 ;; Hardware stack levels used: 1
  6107 ;; Hardware stack levels required when called: 9
  6108 ;; This function calls:
  6109 ;;		_LIN_init
  6110 ;; This function is called by:
  6111 ;;		_SYSTEM_Initialize
  6112 ;; This function uses a non-reentrant model
  6113 ;;
  6114                           
  6115                           	psect	text6
  6116   001800                     __ptext6:
  6117                           	callstack 0
  6118   001800                     _LIN_Master_Initialize:
  6119                           	callstack 20
  6120   001800                     
  6121                           ;mcc_generated_files/LINDrivers/lin_app.c: 45:     LIN_init((sizeof(scheduleTable)/sizeo
      +                          f(lin_cmd_packet_t)), scheduleTable, processLIN);
  6122   001800  0E01               	movlw	low _scheduleTable
  6123   001802  0100               	movlb	0	; () banked
  6124   001804  6F84               	movwf	LIN_init@table& (0+255),b
  6125   001806  0E00               	movlw	0
  6126   001808  6F85               	movwf	LIN_init@processData& (0+255),b
  6127   00180A  0E00               	movlw	0
  6128   00180C  6F86               	movwf	(LIN_init@processData+1)& (0+255),b
  6129   00180E  0E03               	movlw	3
  6130   001810  ECE1  F00B         	call	_LIN_init
  6131   001814  0012               	return		;funcret
  6132   001816                     __end_of_LIN_Master_Initialize:
  6133                           	callstack 0
  6134                           
  6135 ;; *************** function _LIN_init *****************
  6136 ;; Defined at:
  6137 ;;		line 60 in file "mcc_generated_files/LINDrivers/lin_master.c"
  6138 ;; Parameters:    Size  Location     Type
  6139 ;;  tableLength     1    wreg     unsigned char 
  6140 ;;  table           1    2[BANK0 ] const PTR const struct .
  6141 ;;		 -> scheduleTable(18), 
  6142 ;;  processData     2    3[BANK0 ] PTR FTN()void 
  6143 ;;		 -> processLIN(1), 
  6144 ;; Auto vars:     Size  Location     Type
  6145 ;;  tableLength     1    5[BANK0 ] unsigned char 
  6146 ;; Return value:  Size  Location     Type
  6147 ;;                  1    wreg      void 
  6148 ;; Registers used:
  6149 ;;		wreg, status,2, status,0, cstack
  6150 ;; Tracked objects:
  6151 ;;		On entry : 0/0
  6152 ;;		On exit  : 0/0
  6153 ;;		Unchanged: 0/0
  6154 ;; Data sizes:     COMRAM   BANK0   BANK1   BANK2   BANK3   BANK4   BANK5   BANK6   BANK7   BANK8   BANK9  BANK10  BANK1
      +1  BANK12  BANK13  BANK14
  6155 ;;      Params:         0       3       0       0       0       0       0       0       0       0       0       0       
      +0       0       0       0
  6156 ;;      Locals:         0       1       0       0       0       0       0       0       0       0       0       0       
      +0       0       0       0
  6157 ;;      Temps:          0       0       0       0       0       0       0       0       0       0       0       0       
      +0       0       0       0
  6158 ;;      Totals:         0       4       0       0       0       0       0       0       0       0       0       0       
      +0       0       0       0
  6159 ;;Total ram usage:        4 bytes
  6160 ;; Hardware stack levels used: 1
  6161 ;; Hardware stack levels required when called: 8
  6162 ;; This function calls:
  6163 ;;		_LIN_setTimerHandler
  6164 ;;		_LIN_startPeriod
  6165 ;;		_LIN_stopTimer
  6166 ;; This function is called by:
  6167 ;;		_LIN_Master_Initialize
  6168 ;; This function uses a non-reentrant model
  6169 ;;
  6170                           
  6171                           	psect	text7
  6172   0017C2                     __ptext7:
  6173                           	callstack 0
  6174   0017C2                     _LIN_init:
  6175                           	callstack 20
  6176                           
  6177                           ;incstack = 0
  6178                           ;LIN_init@tableLength stored from wreg
  6179   0017C2  0100               	movlb	0	; () banked
  6180   0017C4  6F87               	movwf	LIN_init@tableLength& (0+255),b
  6181   0017C6                     
  6182                           ;mcc_generated_files/LINDrivers/lin_master.c: 61:     schedule = table;
  6183   0017C6  C084  F023         	movff	LIN_init@table,_schedule
  6184   0017CA                     
  6185                           ;mcc_generated_files/LINDrivers/lin_master.c: 62:     scheduleLength = tableLength;
  6186   0017CA  C087  F022         	movff	LIN_init@tableLength,_scheduleLength
  6187   0017CE                     
  6188                           ;mcc_generated_files/LINDrivers/lin_master.c: 63:     LIN_processData = processData;
  6189   0017CE  C085  F010         	movff	LIN_init@processData,_LIN_processData
  6190   0017D2  C086  F011         	movff	LIN_init@processData+1,_LIN_processData+1
  6191   0017D6                     
  6192                           ;mcc_generated_files/LINDrivers/lin_master.c: 64:     LIN_stopTimer();
  6193   0017D6  EC4E  F00C         	call	_LIN_stopTimer	;wreg free
  6194   0017DA                     
  6195                           ;mcc_generated_files/LINDrivers/lin_master.c: 65:     LIN_setTimerHandler();
  6196   0017DA  EC0B  F00C         	call	_LIN_setTimerHandler	;wreg free
  6197   0017DE                     
  6198                           ;mcc_generated_files/LINDrivers/lin_master.c: 67:     LIN_startPeriod();
  6199   0017DE  EC51  F00C         	call	_LIN_startPeriod	;wreg free
  6200   0017E2  0012               	return		;funcret
  6201   0017E4                     __end_of_LIN_init:
  6202                           	callstack 0
  6203                           
  6204 ;; *************** function _LIN_stopTimer *****************
  6205 ;; Defined at:
  6206 ;;		line 270 in file "mcc_generated_files/LINDrivers/lin_master.c"
  6207 ;; Parameters:    Size  Location     Type
  6208 ;;		None
  6209 ;; Auto vars:     Size  Location     Type
  6210 ;;		None
  6211 ;; Return value:  Size  Location     Type
  6212 ;;                  1    wreg      void 
  6213 ;; Registers used:
  6214 ;;		None
  6215 ;; Tracked objects:
  6216 ;;		On entry : 0/0
  6217 ;;		On exit  : 0/0
  6218 ;;		Unchanged: 0/0
  6219 ;; Data sizes:     COMRAM   BANK0   BANK1   BANK2   BANK3   BANK4   BANK5   BANK6   BANK7   BANK8   BANK9  BANK10  BANK1
      +1  BANK12  BANK13  BANK14
  6220 ;;      Params:         0       0       0       0       0       0       0       0       0       0       0       0       
      +0       0       0       0
  6221 ;;      Locals:         0       0       0       0       0       0       0       0       0       0       0       0       
      +0       0       0       0
  6222 ;;      Temps:          0       0       0       0       0       0       0       0       0       0       0       0       
      +0       0       0       0
  6223 ;;      Totals:         0       0       0       0       0       0       0       0       0       0       0       0       
      +0       0       0       0
  6224 ;;Total ram usage:        0 bytes
  6225 ;; Hardware stack levels used: 1
  6226 ;; Hardware stack levels required when called: 6
  6227 ;; This function calls:
  6228 ;;		Nothing
  6229 ;; This function is called by:
  6230 ;;		_LIN_init
  6231 ;; This function uses a non-reentrant model
  6232 ;;
  6233                           
  6234                           	psect	text8
  6235   00189C                     __ptext8:
  6236                           	callstack 0
  6237   00189C                     _LIN_stopTimer:
  6238                           	callstack 21
  6239   00189C                     
  6240                           ;mcc_generated_files/LINDrivers/lin_master.c: 272:     LIN_timerCallBack = 0;
  6241   00189C  6A1E               	clrf	_LIN_timerCallBack^0,c	;volatile
  6242                           
  6243                           ;mcc_generated_files/LINDrivers/lin_master.c: 273:     LIN_timerRunning = 0;
  6244   00189E  6A20               	clrf	_LIN_timerRunning^0,c
  6245   0018A0  0012               	return		;funcret
  6246   0018A2                     __end_of_LIN_stopTimer:
  6247                           	callstack 0
  6248                           
  6249 ;; *************** function _LIN_startPeriod *****************
  6250 ;; Defined at:
  6251 ;;		line 276 in file "mcc_generated_files/LINDrivers/lin_master.c"
  6252 ;; Parameters:    Size  Location     Type
  6253 ;;		None
  6254 ;; Auto vars:     Size  Location     Type
  6255 ;;		None
  6256 ;; Return value:  Size  Location     Type
  6257 ;;                  1    wreg      void 
  6258 ;; Registers used:
  6259 ;;		wreg, status,2
  6260 ;; Tracked objects:
  6261 ;;		On entry : 0/0
  6262 ;;		On exit  : 0/0
  6263 ;;		Unchanged: 0/0
  6264 ;; Data sizes:     COMRAM   BANK0   BANK1   BANK2   BANK3   BANK4   BANK5   BANK6   BANK7   BANK8   BANK9  BANK10  BANK1
      +1  BANK12  BANK13  BANK14
  6265 ;;      Params:         0       0       0       0       0       0       0       0       0       0       0       0       
      +0       0       0       0
  6266 ;;      Locals:         0       0       0       0       0       0       0       0       0       0       0       0       
      +0       0       0       0
  6267 ;;      Temps:          0       0       0       0       0       0       0       0       0       0       0       0       
      +0       0       0       0
  6268 ;;      Totals:         0       0       0       0       0       0       0       0       0       0       0       0       
      +0       0       0       0
  6269 ;;Total ram usage:        0 bytes
  6270 ;; Hardware stack levels used: 1
  6271 ;; Hardware stack levels required when called: 6
  6272 ;; This function calls:
  6273 ;;		Nothing
  6274 ;; This function is called by:
  6275 ;;		_LIN_init
  6276 ;; This function uses a non-reentrant model
  6277 ;;
  6278                           
  6279                           	psect	text9
  6280   0018A2                     __ptext9:
  6281                           	callstack 0
  6282   0018A2                     _LIN_startPeriod:
  6283                           	callstack 21
  6284   0018A2                     
  6285                           ;mcc_generated_files/LINDrivers/lin_master.c: 277:     LIN_enablePeriodTx = 1;
  6286   0018A2  0E01               	movlw	1
  6287   0018A4  6E1F               	movwf	_LIN_enablePeriodTx^0,c
  6288   0018A6  0012               	return		;funcret
  6289   0018A8                     __end_of_LIN_startPeriod:
  6290                           	callstack 0
  6291                           
  6292 ;; *************** function _LIN_setTimerHandler *****************
  6293 ;; Defined at:
  6294 ;;		line 266 in file "mcc_generated_files/LINDrivers/lin_master.c"
  6295 ;; Parameters:    Size  Location     Type
  6296 ;;		None
  6297 ;; Auto vars:     Size  Location     Type
  6298 ;;		None
  6299 ;; Return value:  Size  Location     Type
  6300 ;;                  1    wreg      void 
  6301 ;; Registers used:
  6302 ;;		wreg, status,2, status,0, cstack
  6303 ;; Tracked objects:
  6304 ;;		On entry : 0/0
  6305 ;;		On exit  : 0/0
  6306 ;;		Unchanged: 0/0
  6307 ;; Data sizes:     COMRAM   BANK0   BANK1   BANK2   BANK3   BANK4   BANK5   BANK6   BANK7   BANK8   BANK9  BANK10  BANK1
      +1  BANK12  BANK13  BANK14
  6308 ;;      Params:         0       0       0       0       0       0       0       0       0       0       0       0       
      +0       0       0       0
  6309 ;;      Locals:         0       0       0       0       0       0       0       0       0       0       0       0       
      +0       0       0       0
  6310 ;;      Temps:          0       0       0       0       0       0       0       0       0       0       0       0       
      +0       0       0       0
  6311 ;;      Totals:         0       0       0       0       0       0       0       0       0       0       0       0       
      +0       0       0       0
  6312 ;;Total ram usage:        0 bytes
  6313 ;; Hardware stack levels used: 1
  6314 ;; Hardware stack levels required when called: 7
  6315 ;; This function calls:
  6316 ;;		_TMR0_SetInterruptHandler
  6317 ;; This function is called by:
  6318 ;;		_LIN_init
  6319 ;; This function uses a non-reentrant model
  6320 ;;
  6321                           
  6322                           	psect	text10
  6323   001816                     __ptext10:
  6324                           	callstack 0
  6325   001816                     _LIN_setTimerHandler:
  6326                           	callstack 20
  6327   001816                     
  6328                           ;mcc_generated_files/LINDrivers/lin_master.c: 267:     TMR0_SetInterruptHandler(LIN_time
      +                          rHandler);
  6329   001816  0EA4               	movlw	low _LIN_timerHandler
  6330   001818  0100               	movlb	0	; () banked
  6331   00181A  6F82               	movwf	TMR0_SetInterruptHandler@InterruptHandler& (0+255),b
  6332   00181C  0E15               	movlw	high _LIN_timerHandler
  6333   00181E  6F83               	movwf	(TMR0_SetInterruptHandler@InterruptHandler+1)& (0+255),b
  6334   001820  EC27  F00C         	call	_TMR0_SetInterruptHandler	;wreg free
  6335   001824  0012               	return		;funcret
  6336   001826                     __end_of_LIN_setTimerHandler:
  6337                           	callstack 0
  6338                           
  6339 ;; *************** function _TMR0_SetInterruptHandler *****************
  6340 ;; Defined at:
  6341 ;;		line 147 in file "mcc_generated_files/tmr0.c"
  6342 ;; Parameters:    Size  Location     Type
  6343 ;;  InterruptHan    2    0[BANK0 ] PTR FTN()void 
  6344 ;;		 -> TMR0_DefaultInterruptHandler(1), LIN_timerHandler(1), 
  6345 ;; Auto vars:     Size  Location     Type
  6346 ;;		None
  6347 ;; Return value:  Size  Location     Type
  6348 ;;                  1    wreg      void 
  6349 ;; Registers used:
  6350 ;;		wreg, status,2, status,0
  6351 ;; Tracked objects:
  6352 ;;		On entry : 0/0
  6353 ;;		On exit  : 0/0
  6354 ;;		Unchanged: 0/0
  6355 ;; Data sizes:     COMRAM   BANK0   BANK1   BANK2   BANK3   BANK4   BANK5   BANK6   BANK7   BANK8   BANK9  BANK10  BANK1
      +1  BANK12  BANK13  BANK14
  6356 ;;      Params:         0       2       0       0       0       0       0       0       0       0       0       0       
      +0       0       0       0
  6357 ;;      Locals:         0       0       0       0       0       0       0       0       0       0       0       0       
      +0       0       0       0
  6358 ;;      Temps:          0       0       0       0       0       0       0       0       0       0       0       0       
      +0       0       0       0
  6359 ;;      Totals:         0       2       0       0       0       0       0       0       0       0       0       0       
      +0       0       0       0
  6360 ;;Total ram usage:        2 bytes
  6361 ;; Hardware stack levels used: 1
  6362 ;; Hardware stack levels required when called: 6
  6363 ;; This function calls:
  6364 ;;		Nothing
  6365 ;; This function is called by:
  6366 ;;		_LIN_setTimerHandler
  6367 ;;		_TMR0_Initialize
  6368 ;; This function uses a non-reentrant model
  6369 ;;
  6370                           
  6371                           	psect	text11
  6372   00184E                     __ptext11:
  6373                           	callstack 0
  6374   00184E                     _TMR0_SetInterruptHandler:
  6375                           	callstack 20
  6376   00184E                     
  6377                           ;mcc_generated_files/tmr0.c: 148:     TMR0_InterruptHandler = InterruptHandler;
  6378   00184E  C082  F056         	movff	TMR0_SetInterruptHandler@InterruptHandler,_TMR0_InterruptHandler
  6379   001852  C083  F057         	movff	TMR0_SetInterruptHandler@InterruptHandler+1,_TMR0_InterruptHandler+1
  6380   001856  0012               	return		;funcret
  6381   001858                     __end_of_TMR0_SetInterruptHandler:
  6382                           	callstack 0
  6383                           
  6384 ;; *************** function _INTERRUPT_Initialize *****************
  6385 ;; Defined at:
  6386 ;;		line 52 in file "mcc_generated_files/interrupt_manager.c"
  6387 ;; Parameters:    Size  Location     Type
  6388 ;;		None
  6389 ;; Auto vars:     Size  Location     Type
  6390 ;;		None
  6391 ;; Return value:  Size  Location     Type
  6392 ;;                  1    wreg      void 
  6393 ;; Registers used:
  6394 ;;		None
  6395 ;; Tracked objects:
  6396 ;;		On entry : 0/0
  6397 ;;		On exit  : 0/0
  6398 ;;		Unchanged: 0/0
  6399 ;; Data sizes:     COMRAM   BANK0   BANK1   BANK2   BANK3   BANK4   BANK5   BANK6   BANK7   BANK8   BANK9  BANK10  BANK1
      +1  BANK12  BANK13  BANK14
  6400 ;;      Params:         0       0       0       0       0       0       0       0       0       0       0       0       
      +0       0       0       0
  6401 ;;      Locals:         0       0       0       0       0       0       0       0       0       0       0       0       
      +0       0       0       0
  6402 ;;      Temps:          0       0       0       0       0       0       0       0       0       0       0       0       
      +0       0       0       0
  6403 ;;      Totals:         0       0       0       0       0       0       0       0       0       0       0       0       
      +0       0       0       0
  6404 ;;Total ram usage:        0 bytes
  6405 ;; Hardware stack levels used: 1
  6406 ;; Hardware stack levels required when called: 6
  6407 ;; This function calls:
  6408 ;;		Nothing
  6409 ;; This function is called by:
  6410 ;;		_SYSTEM_Initialize
  6411 ;; This function uses a non-reentrant model
  6412 ;;
  6413                           
  6414                           	psect	text12
  6415   0018BA                     __ptext12:
  6416                           	callstack 0
  6417   0018BA                     _INTERRUPT_Initialize:
  6418                           	callstack 23
  6419   0018BA                     
  6420                           ;mcc_generated_files/interrupt_manager.c: 55:     RCONbits.IPEN = 0;
  6421   0018BA  9ED0               	bcf	208,7,c	;volatile
  6422   0018BC  0012               	return		;funcret
  6423   0018BE                     __end_of_INTERRUPT_Initialize:
  6424                           	callstack 0
  6425                           
  6426 ;; *************** function _EUSART1_Initialize *****************
  6427 ;; Defined at:
  6428 ;;		line 88 in file "mcc_generated_files/eusart1.c"
  6429 ;; Parameters:    Size  Location     Type
  6430 ;;		None
  6431 ;; Auto vars:     Size  Location     Type
  6432 ;;		None
  6433 ;; Return value:  Size  Location     Type
  6434 ;;                  1    wreg      void 
  6435 ;; Registers used:
  6436 ;;		wreg, status,2, status,0, cstack
  6437 ;; Tracked objects:
  6438 ;;		On entry : 0/0
  6439 ;;		On exit  : 0/0
  6440 ;;		Unchanged: 0/0
  6441 ;; Data sizes:     COMRAM   BANK0   BANK1   BANK2   BANK3   BANK4   BANK5   BANK6   BANK7   BANK8   BANK9  BANK10  BANK1
      +1  BANK12  BANK13  BANK14
  6442 ;;      Params:         0       0       0       0       0       0       0       0       0       0       0       0       
      +0       0       0       0
  6443 ;;      Locals:         0       0       0       0       0       0       0       0       0       0       0       0       
      +0       0       0       0
  6444 ;;      Temps:          0       0       0       0       0       0       0       0       0       0       0       0       
      +0       0       0       0
  6445 ;;      Totals:         0       0       0       0       0       0       0       0       0       0       0       0       
      +0       0       0       0
  6446 ;;Total ram usage:        0 bytes
  6447 ;; Hardware stack levels used: 1
  6448 ;; Hardware stack levels required when called: 7
  6449 ;; This function calls:
  6450 ;;		_EUSART1_SetErrorHandler
  6451 ;;		_EUSART1_SetFramingErrorHandler
  6452 ;;		_EUSART1_SetOverrunErrorHandler
  6453 ;;		_EUSART1_SetRxInterruptHandler
  6454 ;;		_EUSART1_SetTxInterruptHandler
  6455 ;; This function is called by:
  6456 ;;		_SYSTEM_Initialize
  6457 ;; This function uses a non-reentrant model
  6458 ;;
  6459                           
  6460                           	psect	text13
  6461   0014DA                     __ptext13:
  6462                           	callstack 0
  6463   0014DA                     _EUSART1_Initialize:
  6464                           	callstack 22
  6465   0014DA                     
  6466                           ;mcc_generated_files/eusart1.c: 91:     PIE1bits.RC1IE = 0;
  6467   0014DA  9A9D               	bcf	157,5,c	;volatile
  6468   0014DC                     
  6469                           ;mcc_generated_files/eusart1.c: 92:     EUSART1_SetRxInterruptHandler(EUSART1_Receive_IS
      +                          R);
  6470   0014DC  0E98               	movlw	low _EUSART1_Receive_ISR
  6471   0014DE  0100               	movlb	0	; () banked
  6472   0014E0  6F82               	movwf	EUSART1_SetRxInterruptHandler@interruptHandler& (0+255),b
  6473   0014E2  0E13               	movlw	high _EUSART1_Receive_ISR
  6474   0014E4  6F83               	movwf	(EUSART1_SetRxInterruptHandler@interruptHandler+1)& (0+255),b
  6475   0014E6  EC31  F00C         	call	_EUSART1_SetRxInterruptHandler	;wreg free
  6476   0014EA                     
  6477                           ;mcc_generated_files/eusart1.c: 93:     PIE1bits.TX1IE = 0;
  6478   0014EA  989D               	bcf	157,4,c	;volatile
  6479                           
  6480                           ;mcc_generated_files/eusart1.c: 94:     EUSART1_SetTxInterruptHandler(EUSART1_Transmit_I
      +                          SR);
  6481   0014EC  0E36               	movlw	low _EUSART1_Transmit_ISR
  6482   0014EE  0100               	movlb	0	; () banked
  6483   0014F0  6F82               	movwf	EUSART1_SetTxInterruptHandler@interruptHandler& (0+255),b
  6484   0014F2  0E16               	movlw	high _EUSART1_Transmit_ISR
  6485   0014F4  6F83               	movwf	(EUSART1_SetTxInterruptHandler@interruptHandler+1)& (0+255),b
  6486   0014F6  EC2C  F00C         	call	_EUSART1_SetTxInterruptHandler	;wreg free
  6487   0014FA                     
  6488                           ;mcc_generated_files/eusart1.c: 98:     BAUDCON1 = 0x08;
  6489   0014FA  0E08               	movlw	8
  6490   0014FC  6EA7               	movwf	167,c	;volatile
  6491   0014FE                     
  6492                           ;mcc_generated_files/eusart1.c: 101:     RCSTA1 = 0x90;
  6493   0014FE  0E90               	movlw	144
  6494   001500  6EAB               	movwf	171,c	;volatile
  6495   001502                     
  6496                           ;mcc_generated_files/eusart1.c: 104:     TXSTA1 = 0x24;
  6497   001502  0E24               	movlw	36
  6498   001504  6EAC               	movwf	172,c	;volatile
  6499   001506                     
  6500                           ;mcc_generated_files/eusart1.c: 107:     SPBRG1 = 0x67;
  6501   001506  0E67               	movlw	103
  6502   001508  6EAF               	movwf	175,c	;volatile
  6503   00150A                     
  6504                           ;mcc_generated_files/eusart1.c: 110:     SPBRGH1 = 0x00;
  6505   00150A  6A7D               	clrf	125,c	;volatile
  6506                           
  6507                           ;mcc_generated_files/eusart1.c: 113:     EUSART1_SetFramingErrorHandler(EUSART1_DefaultF
      +                          ramingErrorHandler);
  6508   00150C  0EC0               	movlw	low _EUSART1_DefaultFramingErrorHandler
  6509   00150E  0100               	movlb	0	; () banked
  6510   001510  6F82               	movwf	EUSART1_SetFramingErrorHandler@interruptHandler& (0+255),b
  6511   001512  0E18               	movlw	high _EUSART1_DefaultFramingErrorHandler
  6512   001514  6F83               	movwf	(EUSART1_SetFramingErrorHandler@interruptHandler+1)& (0+255),b
  6513   001516  EC3B  F00C         	call	_EUSART1_SetFramingErrorHandler	;wreg free
  6514                           
  6515                           ;mcc_generated_files/eusart1.c: 114:     EUSART1_SetOverrunErrorHandler(EUSART1_DefaultO
      +                          verrunErrorHandler);
  6516   00151A  0EAE               	movlw	low _EUSART1_DefaultOverrunErrorHandler
  6517   00151C  0100               	movlb	0	; () banked
  6518   00151E  6F82               	movwf	EUSART1_SetOverrunErrorHandler@interruptHandler& (0+255),b
  6519   001520  0E18               	movlw	high _EUSART1_DefaultOverrunErrorHandler
  6520   001522  6F83               	movwf	(EUSART1_SetOverrunErrorHandler@interruptHandler+1)& (0+255),b
  6521   001524  EC36  F00C         	call	_EUSART1_SetOverrunErrorHandler	;wreg free
  6522                           
  6523                           ;mcc_generated_files/eusart1.c: 115:     EUSART1_SetErrorHandler(EUSART1_DefaultErrorHan
      +                          dler);
  6524   001528  0EB4               	movlw	low _EUSART1_DefaultErrorHandler
  6525   00152A  0100               	movlb	0	; () banked
  6526   00152C  6F82               	movwf	EUSART1_SetErrorHandler@interruptHandler& (0+255),b
  6527   00152E  0E18               	movlw	high _EUSART1_DefaultErrorHandler
  6528   001530  6F83               	movwf	(EUSART1_SetErrorHandler@interruptHandler+1)& (0+255),b
  6529   001532  EC40  F00C         	call	_EUSART1_SetErrorHandler	;wreg free
  6530   001536                     
  6531                           ;mcc_generated_files/eusart1.c: 117:     eusart1RxLastError.status = 0;
  6532   001536  6A12               	clrf	_eusart1RxLastError^0,c	;volatile
  6533   001538                     
  6534                           ;mcc_generated_files/eusart1.c: 120:     eusart1TxHead = 0;
  6535   001538  6A18               	clrf	_eusart1TxHead^0,c	;volatile
  6536   00153A                     
  6537                           ;mcc_generated_files/eusart1.c: 121:     eusart1TxTail = 0;
  6538   00153A  6A17               	clrf	_eusart1TxTail^0,c	;volatile
  6539   00153C                     
  6540                           ;mcc_generated_files/eusart1.c: 122:     eusart1TxBufferRemaining = sizeof(eusart1TxBuff
      +                          er);
  6541   00153C  0E08               	movlw	8
  6542   00153E  6E16               	movwf	_eusart1TxBufferRemaining^0,c	;volatile
  6543   001540                     
  6544                           ;mcc_generated_files/eusart1.c: 124:     eusart1RxHead = 0;
  6545   001540  6A15               	clrf	_eusart1RxHead^0,c	;volatile
  6546   001542                     
  6547                           ;mcc_generated_files/eusart1.c: 125:     eusart1RxTail = 0;
  6548   001542  6A14               	clrf	_eusart1RxTail^0,c	;volatile
  6549   001544                     
  6550                           ;mcc_generated_files/eusart1.c: 126:     eusart1RxCount = 0;
  6551   001544  6A13               	clrf	_eusart1RxCount^0,c	;volatile
  6552   001546                     
  6553                           ;mcc_generated_files/eusart1.c: 129:     PIE1bits.RC1IE = 1;
  6554   001546  8A9D               	bsf	157,5,c	;volatile
  6555   001548  0012               	return		;funcret
  6556   00154A                     __end_of_EUSART1_Initialize:
  6557                           	callstack 0
  6558                           
  6559 ;; *************** function _EUSART1_SetTxInterruptHandler *****************
  6560 ;; Defined at:
  6561 ;;		line 276 in file "mcc_generated_files/eusart1.c"
  6562 ;; Parameters:    Size  Location     Type
  6563 ;;  interruptHan    2    0[BANK0 ] PTR FTN()void 
  6564 ;;		 -> EUSART1_Transmit_ISR(1), 
  6565 ;; Auto vars:     Size  Location     Type
  6566 ;;		None
  6567 ;; Return value:  Size  Location     Type
  6568 ;;                  1    wreg      void 
  6569 ;; Registers used:
  6570 ;;		wreg, status,2, status,0
  6571 ;; Tracked objects:
  6572 ;;		On entry : 0/0
  6573 ;;		On exit  : 0/0
  6574 ;;		Unchanged: 0/0
  6575 ;; Data sizes:     COMRAM   BANK0   BANK1   BANK2   BANK3   BANK4   BANK5   BANK6   BANK7   BANK8   BANK9  BANK10  BANK1
      +1  BANK12  BANK13  BANK14
  6576 ;;      Params:         0       2       0       0       0       0       0       0       0       0       0       0       
      +0       0       0       0
  6577 ;;      Locals:         0       0       0       0       0       0       0       0       0       0       0       0       
      +0       0       0       0
  6578 ;;      Temps:          0       0       0       0       0       0       0       0       0       0       0       0       
      +0       0       0       0
  6579 ;;      Totals:         0       2       0       0       0       0       0       0       0       0       0       0       
      +0       0       0       0
  6580 ;;Total ram usage:        2 bytes
  6581 ;; Hardware stack levels used: 1
  6582 ;; Hardware stack levels required when called: 6
  6583 ;; This function calls:
  6584 ;;		Nothing
  6585 ;; This function is called by:
  6586 ;;		_EUSART1_Initialize
  6587 ;; This function uses a non-reentrant model
  6588 ;;
  6589                           
  6590                           	psect	text14
  6591   001858                     __ptext14:
  6592                           	callstack 0
  6593   001858                     _EUSART1_SetTxInterruptHandler:
  6594                           	callstack 22
  6595   001858                     
  6596                           ;mcc_generated_files/eusart1.c: 277:     EUSART1_TxDefaultInterruptHandler = interruptHa
      +                          ndler;
  6597   001858  C082  F080         	movff	EUSART1_SetTxInterruptHandler@interruptHandler,_EUSART1_TxDefaultInterruptHandler
  6598   00185C  C083  F081         	movff	EUSART1_SetTxInterruptHandler@interruptHandler+1,_EUSART1_TxDefaultInterruptHandl
      +                          er+1
  6599   001860  0012               	return		;funcret
  6600   001862                     __end_of_EUSART1_SetTxInterruptHandler:
  6601                           	callstack 0
  6602                           
  6603 ;; *************** function _EUSART1_SetRxInterruptHandler *****************
  6604 ;; Defined at:
  6605 ;;		line 280 in file "mcc_generated_files/eusart1.c"
  6606 ;; Parameters:    Size  Location     Type
  6607 ;;  interruptHan    2    0[BANK0 ] PTR FTN()void 
  6608 ;;		 -> EUSART1_Receive_ISR(1), 
  6609 ;; Auto vars:     Size  Location     Type
  6610 ;;		None
  6611 ;; Return value:  Size  Location     Type
  6612 ;;                  1    wreg      void 
  6613 ;; Registers used:
  6614 ;;		wreg, status,2, status,0
  6615 ;; Tracked objects:
  6616 ;;		On entry : 0/0
  6617 ;;		On exit  : 0/0
  6618 ;;		Unchanged: 0/0
  6619 ;; Data sizes:     COMRAM   BANK0   BANK1   BANK2   BANK3   BANK4   BANK5   BANK6   BANK7   BANK8   BANK9  BANK10  BANK1
      +1  BANK12  BANK13  BANK14
  6620 ;;      Params:         0       2       0       0       0       0       0       0       0       0       0       0       
      +0       0       0       0
  6621 ;;      Locals:         0       0       0       0       0       0       0       0       0       0       0       0       
      +0       0       0       0
  6622 ;;      Temps:          0       0       0       0       0       0       0       0       0       0       0       0       
      +0       0       0       0
  6623 ;;      Totals:         0       2       0       0       0       0       0       0       0       0       0       0       
      +0       0       0       0
  6624 ;;Total ram usage:        2 bytes
  6625 ;; Hardware stack levels used: 1
  6626 ;; Hardware stack levels required when called: 6
  6627 ;; This function calls:
  6628 ;;		Nothing
  6629 ;; This function is called by:
  6630 ;;		_EUSART1_Initialize
  6631 ;; This function uses a non-reentrant model
  6632 ;;
  6633                           
  6634                           	psect	text15
  6635   001862                     __ptext15:
  6636                           	callstack 0
  6637   001862                     _EUSART1_SetRxInterruptHandler:
  6638                           	callstack 22
  6639   001862                     
  6640                           ;mcc_generated_files/eusart1.c: 281:     EUSART1_RxDefaultInterruptHandler = interruptHa
      +                          ndler;
  6641   001862  C082  F07E         	movff	EUSART1_SetRxInterruptHandler@interruptHandler,_EUSART1_RxDefaultInterruptHandler
  6642   001866  C083  F07F         	movff	EUSART1_SetRxInterruptHandler@interruptHandler+1,_EUSART1_RxDefaultInterruptHandl
      +                          er+1
  6643   00186A  0012               	return		;funcret
  6644   00186C                     __end_of_EUSART1_SetRxInterruptHandler:
  6645                           	callstack 0
  6646                           
  6647 ;; *************** function _EUSART1_SetOverrunErrorHandler *****************
  6648 ;; Defined at:
  6649 ;;		line 268 in file "mcc_generated_files/eusart1.c"
  6650 ;; Parameters:    Size  Location     Type
  6651 ;;  interruptHan    2    0[BANK0 ] PTR FTN()void 
  6652 ;;		 -> EUSART1_DefaultOverrunErrorHandler(1), 
  6653 ;; Auto vars:     Size  Location     Type
  6654 ;;		None
  6655 ;; Return value:  Size  Location     Type
  6656 ;;                  1    wreg      void 
  6657 ;; Registers used:
  6658 ;;		wreg, status,2, status,0
  6659 ;; Tracked objects:
  6660 ;;		On entry : 0/0
  6661 ;;		On exit  : 0/0
  6662 ;;		Unchanged: 0/0
  6663 ;; Data sizes:     COMRAM   BANK0   BANK1   BANK2   BANK3   BANK4   BANK5   BANK6   BANK7   BANK8   BANK9  BANK10  BANK1
      +1  BANK12  BANK13  BANK14
  6664 ;;      Params:         0       2       0       0       0       0       0       0       0       0       0       0       
      +0       0       0       0
  6665 ;;      Locals:         0       0       0       0       0       0       0       0       0       0       0       0       
      +0       0       0       0
  6666 ;;      Temps:          0       0       0       0       0       0       0       0       0       0       0       0       
      +0       0       0       0
  6667 ;;      Totals:         0       2       0       0       0       0       0       0       0       0       0       0       
      +0       0       0       0
  6668 ;;Total ram usage:        2 bytes
  6669 ;; Hardware stack levels used: 1
  6670 ;; Hardware stack levels required when called: 6
  6671 ;; This function calls:
  6672 ;;		Nothing
  6673 ;; This function is called by:
  6674 ;;		_EUSART1_Initialize
  6675 ;; This function uses a non-reentrant model
  6676 ;;
  6677                           
  6678                           	psect	text16
  6679   00186C                     __ptext16:
  6680                           	callstack 0
  6681   00186C                     _EUSART1_SetOverrunErrorHandler:
  6682                           	callstack 22
  6683   00186C                     
  6684                           ;mcc_generated_files/eusart1.c: 269:     EUSART1_OverrunErrorHandler = interruptHandler;
  6685   00186C  C082  F07A         	movff	EUSART1_SetOverrunErrorHandler@interruptHandler,_EUSART1_OverrunErrorHandler
  6686   001870  C083  F07B         	movff	EUSART1_SetOverrunErrorHandler@interruptHandler+1,_EUSART1_OverrunErrorHandler+1
  6687   001874  0012               	return		;funcret
  6688   001876                     __end_of_EUSART1_SetOverrunErrorHandler:
  6689                           	callstack 0
  6690                           
  6691 ;; *************** function _EUSART1_SetFramingErrorHandler *****************
  6692 ;; Defined at:
  6693 ;;		line 264 in file "mcc_generated_files/eusart1.c"
  6694 ;; Parameters:    Size  Location     Type
  6695 ;;  interruptHan    2    0[BANK0 ] PTR FTN()void 
  6696 ;;		 -> EUSART1_DefaultFramingErrorHandler(1), 
  6697 ;; Auto vars:     Size  Location     Type
  6698 ;;		None
  6699 ;; Return value:  Size  Location     Type
  6700 ;;                  1    wreg      void 
  6701 ;; Registers used:
  6702 ;;		wreg, status,2, status,0
  6703 ;; Tracked objects:
  6704 ;;		On entry : 0/0
  6705 ;;		On exit  : 0/0
  6706 ;;		Unchanged: 0/0
  6707 ;; Data sizes:     COMRAM   BANK0   BANK1   BANK2   BANK3   BANK4   BANK5   BANK6   BANK7   BANK8   BANK9  BANK10  BANK1
      +1  BANK12  BANK13  BANK14
  6708 ;;      Params:         0       2       0       0       0       0       0       0       0       0       0       0       
      +0       0       0       0
  6709 ;;      Locals:         0       0       0       0       0       0       0       0       0       0       0       0       
      +0       0       0       0
  6710 ;;      Temps:          0       0       0       0       0       0       0       0       0       0       0       0       
      +0       0       0       0
  6711 ;;      Totals:         0       2       0       0       0       0       0       0       0       0       0       0       
      +0       0       0       0
  6712 ;;Total ram usage:        2 bytes
  6713 ;; Hardware stack levels used: 1
  6714 ;; Hardware stack levels required when called: 6
  6715 ;; This function calls:
  6716 ;;		Nothing
  6717 ;; This function is called by:
  6718 ;;		_EUSART1_Initialize
  6719 ;; This function uses a non-reentrant model
  6720 ;;
  6721                           
  6722                           	psect	text17
  6723   001876                     __ptext17:
  6724                           	callstack 0
  6725   001876                     _EUSART1_SetFramingErrorHandler:
  6726                           	callstack 22
  6727   001876                     
  6728                           ;mcc_generated_files/eusart1.c: 265:     EUSART1_FramingErrorHandler = interruptHandler;
  6729   001876  C082  F07C         	movff	EUSART1_SetFramingErrorHandler@interruptHandler,_EUSART1_FramingErrorHandler
  6730   00187A  C083  F07D         	movff	EUSART1_SetFramingErrorHandler@interruptHandler+1,_EUSART1_FramingErrorHandler+1
  6731   00187E  0012               	return		;funcret
  6732   001880                     __end_of_EUSART1_SetFramingErrorHandler:
  6733                           	callstack 0
  6734                           
  6735 ;; *************** function _EUSART1_SetErrorHandler *****************
  6736 ;; Defined at:
  6737 ;;		line 272 in file "mcc_generated_files/eusart1.c"
  6738 ;; Parameters:    Size  Location     Type
  6739 ;;  interruptHan    2    0[BANK0 ] PTR FTN()void 
  6740 ;;		 -> EUSART1_DefaultErrorHandler(1), 
  6741 ;; Auto vars:     Size  Location     Type
  6742 ;;		None
  6743 ;; Return value:  Size  Location     Type
  6744 ;;                  1    wreg      void 
  6745 ;; Registers used:
  6746 ;;		wreg, status,2, status,0
  6747 ;; Tracked objects:
  6748 ;;		On entry : 0/0
  6749 ;;		On exit  : 0/0
  6750 ;;		Unchanged: 0/0
  6751 ;; Data sizes:     COMRAM   BANK0   BANK1   BANK2   BANK3   BANK4   BANK5   BANK6   BANK7   BANK8   BANK9  BANK10  BANK1
      +1  BANK12  BANK13  BANK14
  6752 ;;      Params:         0       2       0       0       0       0       0       0       0       0       0       0       
      +0       0       0       0
  6753 ;;      Locals:         0       0       0       0       0       0       0       0       0       0       0       0       
      +0       0       0       0
  6754 ;;      Temps:          0       0       0       0       0       0       0       0       0       0       0       0       
      +0       0       0       0
  6755 ;;      Totals:         0       2       0       0       0       0       0       0       0       0       0       0       
      +0       0       0       0
  6756 ;;Total ram usage:        2 bytes
  6757 ;; Hardware stack levels used: 1
  6758 ;; Hardware stack levels required when called: 6
  6759 ;; This function calls:
  6760 ;;		Nothing
  6761 ;; This function is called by:
  6762 ;;		_EUSART1_Initialize
  6763 ;; This function uses a non-reentrant model
  6764 ;;
  6765                           
  6766                           	psect	text18
  6767   001880                     __ptext18:
  6768                           	callstack 0
  6769   001880                     _EUSART1_SetErrorHandler:
  6770                           	callstack 22
  6771   001880                     
  6772                           ;mcc_generated_files/eusart1.c: 273:     EUSART1_ErrorHandler = interruptHandler;
  6773   001880  C082  F078         	movff	EUSART1_SetErrorHandler@interruptHandler,_EUSART1_ErrorHandler
  6774   001884  C083  F079         	movff	EUSART1_SetErrorHandler@interruptHandler+1,_EUSART1_ErrorHandler+1
  6775   001888  0012               	return		;funcret
  6776   00188A                     __end_of_EUSART1_SetErrorHandler:
  6777                           	callstack 0
  6778                           
  6779 ;; *************** function _ECCP1_Initialize *****************
  6780 ;; Defined at:
  6781 ;;		line 49 in file "mcc_generated_files/eccp1.c"
  6782 ;; Parameters:    Size  Location     Type
  6783 ;;		None
  6784 ;; Auto vars:     Size  Location     Type
  6785 ;;		None
  6786 ;; Return value:  Size  Location     Type
  6787 ;;                  1    wreg      void 
  6788 ;; Registers used:
  6789 ;;		None
  6790 ;; Tracked objects:
  6791 ;;		On entry : 0/0
  6792 ;;		On exit  : 0/0
  6793 ;;		Unchanged: 0/0
  6794 ;; Data sizes:     COMRAM   BANK0   BANK1   BANK2   BANK3   BANK4   BANK5   BANK6   BANK7   BANK8   BANK9  BANK10  BANK1
      +1  BANK12  BANK13  BANK14
  6795 ;;      Params:         0       0       0       0       0       0       0       0       0       0       0       0       
      +0       0       0       0
  6796 ;;      Locals:         0       0       0       0       0       0       0       0       0       0       0       0       
      +0       0       0       0
  6797 ;;      Temps:          0       0       0       0       0       0       0       0       0       0       0       0       
      +0       0       0       0
  6798 ;;      Totals:         0       0       0       0       0       0       0       0       0       0       0       0       
      +0       0       0       0
  6799 ;;Total ram usage:        0 bytes
  6800 ;; Hardware stack levels used: 1
  6801 ;; Hardware stack levels required when called: 6
  6802 ;; This function calls:
  6803 ;;		Nothing
  6804 ;; This function is called by:
  6805 ;;		_SYSTEM_Initialize
  6806 ;; This function uses a non-reentrant model
  6807 ;;
  6808                           
  6809                           	psect	text19
  6810   001894                     __ptext19:
  6811                           	callstack 0
  6812   001894                     _ECCP1_Initialize:
  6813                           	callstack 23
  6814   001894                     
  6815                           ;mcc_generated_files/eccp1.c: 53:  CCP1CON = 0x00;
  6816   001894  6ABB               	clrf	187,c	;volatile
  6817                           
  6818                           ;mcc_generated_files/eccp1.c: 56:  CCPR1H = 0x00;
  6819   001896  6ABD               	clrf	189,c	;volatile
  6820                           
  6821                           ;mcc_generated_files/eccp1.c: 59:  CCPR1L = 0x00;
  6822   001898  6ABC               	clrf	188,c	;volatile
  6823   00189A  0012               	return		;funcret
  6824   00189C                     __end_of_ECCP1_Initialize:
  6825                           	callstack 0
  6826                           
  6827 ;; *************** function _ECAN_Initialize *****************
  6828 ;; Defined at:
  6829 ;;		line 65 in file "mcc_generated_files/ecan.c"
  6830 ;; Parameters:    Size  Location     Type
  6831 ;;		None
  6832 ;; Auto vars:     Size  Location     Type
  6833 ;;		None
  6834 ;; Return value:  Size  Location     Type
  6835 ;;                  1    wreg      void 
  6836 ;; Registers used:
  6837 ;;		wreg, status,2, status,0, cstack
  6838 ;; Tracked objects:
  6839 ;;		On entry : 0/0
  6840 ;;		On exit  : 0/0
  6841 ;;		Unchanged: 0/0
  6842 ;; Data sizes:     COMRAM   BANK0   BANK1   BANK2   BANK3   BANK4   BANK5   BANK6   BANK7   BANK8   BANK9  BANK10  BANK1
      +1  BANK12  BANK13  BANK14
  6843 ;;      Params:         0       0       0       0       0       0       0       0       0       0       0       0       
      +0       0       0       0
  6844 ;;      Locals:         0       0       0       0       0       0       0       0       0       0       0       0       
      +0       0       0       0
  6845 ;;      Temps:          0       1       0       0       0       0       0       0       0       0       0       0       
      +0       0       0       0
  6846 ;;      Totals:         0       1       0       0       0       0       0       0       0       0       0       0       
      +0       0       0       0
  6847 ;;Total ram usage:        1 bytes
  6848 ;; Hardware stack levels used: 1
  6849 ;; Hardware stack levels required when called: 7
  6850 ;; This function calls:
  6851 ;;		_ECAN_SetWakeUpInterruptHandler
  6852 ;; This function is called by:
  6853 ;;		_SYSTEM_Initialize
  6854 ;; This function uses a non-reentrant model
  6855 ;;
  6856                           
  6857                           	psect	text20
  6858   001442                     __ptext20:
  6859                           	callstack 0
  6860   001442                     _ECAN_Initialize:
  6861                           	callstack 22
  6862   001442                     
  6863                           ;mcc_generated_files/ecan.c: 67:     CANCON = 0x80;
  6864   001442  0E80               	movlw	128
  6865   001444  6E6F               	movwf	111,c	;volatile
  6866   001446                     l3240:
  6867   001446  506E               	movf	110,w,c	;volatile
  6868   001448  0BE0               	andlw	224
  6869   00144A  0A80               	xorlw	128
  6870   00144C  A4D8               	btfss	status,2,c
  6871   00144E  EF2B  F00A         	goto	u1871
  6872   001452  EF2D  F00A         	goto	u1870
  6873   001456                     u1871:
  6874   001456  EF23  F00A         	goto	l3240
  6875   00145A                     u1870:
  6876   00145A                     
  6877                           ;mcc_generated_files/ecan.c: 73:     ECANCON = 0x00;
  6878   00145A  6A72               	clrf	114,c	;volatile
  6879   00145C                     
  6880                           ;mcc_generated_files/ecan.c: 78:     CIOCON = 0x20;
  6881   00145C  0E20               	movlw	32
  6882   00145E  6E70               	movwf	112,c	;volatile
  6883   001460                     
  6884                           ;mcc_generated_files/ecan.c: 91:     RXM0EIDH = 0x00;
  6885   001460  010E               	movlb	14	; () banked
  6886   001462  6BFA               	clrf	250,b	;volatile
  6887   001464                     
  6888                           ; BSR set to: 14
  6889                           ;mcc_generated_files/ecan.c: 92:     RXM0EIDL = 0x00;
  6890   001464  6BFB               	clrf	251,b	;volatile
  6891   001466                     
  6892                           ; BSR set to: 14
  6893                           ;mcc_generated_files/ecan.c: 93:     RXM0SIDH = 0x00;
  6894   001466  6BF8               	clrf	248,b	;volatile
  6895   001468                     
  6896                           ; BSR set to: 14
  6897                           ;mcc_generated_files/ecan.c: 94:     RXM0SIDL = 0x00;
  6898   001468  6BF9               	clrf	249,b	;volatile
  6899   00146A                     
  6900                           ; BSR set to: 14
  6901                           ;mcc_generated_files/ecan.c: 95:     RXM1EIDH = 0x00;
  6902   00146A  6BFE               	clrf	254,b	;volatile
  6903   00146C                     
  6904                           ; BSR set to: 14
  6905                           ;mcc_generated_files/ecan.c: 96:     RXM1EIDL = 0x00;
  6906   00146C  6BFF               	clrf	255,b	;volatile
  6907   00146E                     
  6908                           ; BSR set to: 14
  6909                           ;mcc_generated_files/ecan.c: 97:     RXM1SIDH = 0x00;
  6910   00146E  6BFC               	clrf	252,b	;volatile
  6911   001470                     
  6912                           ; BSR set to: 14
  6913                           ;mcc_generated_files/ecan.c: 98:     RXM1SIDL = 0x00;
  6914   001470  6BFD               	clrf	253,b	;volatile
  6915   001472                     
  6916                           ; BSR set to: 14
  6917                           ;mcc_generated_files/ecan.c: 103:     RXF0EIDH = 0x00;
  6918   001472  6BE2               	clrf	226,b	;volatile
  6919   001474                     
  6920                           ; BSR set to: 14
  6921                           ;mcc_generated_files/ecan.c: 104:     RXF0EIDL = 0x00;
  6922   001474  6BE3               	clrf	227,b	;volatile
  6923   001476                     
  6924                           ; BSR set to: 14
  6925                           ;mcc_generated_files/ecan.c: 105:     RXF0SIDH = 0x00;
  6926   001476  6BE0               	clrf	224,b	;volatile
  6927   001478                     
  6928                           ; BSR set to: 14
  6929                           ;mcc_generated_files/ecan.c: 106:     RXF0SIDL = 0x00;
  6930   001478  6BE1               	clrf	225,b	;volatile
  6931   00147A                     
  6932                           ; BSR set to: 14
  6933                           ;mcc_generated_files/ecan.c: 107:     RXF1EIDH = 0x00;
  6934   00147A  6BE6               	clrf	230,b	;volatile
  6935   00147C                     
  6936                           ; BSR set to: 14
  6937                           ;mcc_generated_files/ecan.c: 108:     RXF1EIDL = 0x00;
  6938   00147C  6BE7               	clrf	231,b	;volatile
  6939   00147E                     
  6940                           ; BSR set to: 14
  6941                           ;mcc_generated_files/ecan.c: 109:     RXF1SIDH = 0x00;
  6942   00147E  6BE4               	clrf	228,b	;volatile
  6943   001480                     
  6944                           ; BSR set to: 14
  6945                           ;mcc_generated_files/ecan.c: 110:     RXF1SIDL = 0x00;
  6946   001480  6BE5               	clrf	229,b	;volatile
  6947   001482                     
  6948                           ; BSR set to: 14
  6949                           ;mcc_generated_files/ecan.c: 111:     RXF2EIDH = 0x00;
  6950   001482  6BEA               	clrf	234,b	;volatile
  6951   001484                     
  6952                           ; BSR set to: 14
  6953                           ;mcc_generated_files/ecan.c: 112:     RXF2EIDL = 0x00;
  6954   001484  6BEB               	clrf	235,b	;volatile
  6955   001486                     
  6956                           ; BSR set to: 14
  6957                           ;mcc_generated_files/ecan.c: 113:     RXF2SIDH = 0x00;
  6958   001486  6BE8               	clrf	232,b	;volatile
  6959   001488                     
  6960                           ; BSR set to: 14
  6961                           ;mcc_generated_files/ecan.c: 114:     RXF2SIDL = 0x00;
  6962   001488  6BE9               	clrf	233,b	;volatile
  6963   00148A                     
  6964                           ; BSR set to: 14
  6965                           ;mcc_generated_files/ecan.c: 115:     RXF3EIDH = 0x00;
  6966   00148A  6BEE               	clrf	238,b	;volatile
  6967   00148C                     
  6968                           ; BSR set to: 14
  6969                           ;mcc_generated_files/ecan.c: 116:     RXF3EIDL = 0x00;
  6970   00148C  6BEF               	clrf	239,b	;volatile
  6971   00148E                     
  6972                           ; BSR set to: 14
  6973                           ;mcc_generated_files/ecan.c: 117:     RXF3SIDH = 0x00;
  6974   00148E  6BEC               	clrf	236,b	;volatile
  6975   001490                     
  6976                           ; BSR set to: 14
  6977                           ;mcc_generated_files/ecan.c: 118:     RXF3SIDL = 0x00;
  6978   001490  6BED               	clrf	237,b	;volatile
  6979   001492                     
  6980                           ; BSR set to: 14
  6981                           ;mcc_generated_files/ecan.c: 119:     RXF4EIDH = 0x00;
  6982   001492  6BF2               	clrf	242,b	;volatile
  6983   001494                     
  6984                           ; BSR set to: 14
  6985                           ;mcc_generated_files/ecan.c: 120:     RXF4EIDL = 0x00;
  6986   001494  6BF3               	clrf	243,b	;volatile
  6987   001496                     
  6988                           ; BSR set to: 14
  6989                           ;mcc_generated_files/ecan.c: 121:     RXF4SIDH = 0x00;
  6990   001496  6BF0               	clrf	240,b	;volatile
  6991   001498                     
  6992                           ; BSR set to: 14
  6993                           ;mcc_generated_files/ecan.c: 122:     RXF4SIDL = 0x00;
  6994   001498  6BF1               	clrf	241,b	;volatile
  6995   00149A                     
  6996                           ; BSR set to: 14
  6997                           ;mcc_generated_files/ecan.c: 123:     RXF5EIDH = 0x00;
  6998   00149A  6BF6               	clrf	246,b	;volatile
  6999   00149C                     
  7000                           ; BSR set to: 14
  7001                           ;mcc_generated_files/ecan.c: 124:     RXF5EIDL = 0x00;
  7002   00149C  6BF7               	clrf	247,b	;volatile
  7003   00149E                     
  7004                           ; BSR set to: 14
  7005                           ;mcc_generated_files/ecan.c: 125:     RXF5SIDH = 0x00;
  7006   00149E  6BF4               	clrf	244,b	;volatile
  7007   0014A0                     
  7008                           ; BSR set to: 14
  7009                           ;mcc_generated_files/ecan.c: 126:     RXF5SIDL = 0x00;
  7010   0014A0  6BF5               	clrf	245,b	;volatile
  7011   0014A2                     
  7012                           ; BSR set to: 14
  7013                           ;mcc_generated_files/ecan.c: 141:     BRGCON1 = 0x00;
  7014   0014A2  6B43               	clrf	67,b	;volatile
  7015                           
  7016                           ;mcc_generated_files/ecan.c: 142:     BRGCON2 = 0x98;
  7017   0014A4  0E98               	movlw	152
  7018   0014A6  6F44               	movwf	68,b	;volatile
  7019                           
  7020                           ;mcc_generated_files/ecan.c: 143:     BRGCON3 = 0x01;
  7021   0014A8  0E01               	movlw	1
  7022   0014AA  6F45               	movwf	69,b	;volatile
  7023   0014AC                     
  7024                           ; BSR set to: 14
  7025                           ;mcc_generated_files/ecan.c: 145:     ECAN_SetWakeUpInterruptHandler(WakeUpDefaultInterr
      +                          uptHandler);
  7026   0014AC  0EC2               	movlw	low _WakeUpDefaultInterruptHandler
  7027   0014AE  0100               	movlb	0	; () banked
  7028   0014B0  6F82               	movwf	ECAN_SetWakeUpInterruptHandler@handler& (0+255),b
  7029   0014B2  0E18               	movlw	high _WakeUpDefaultInterruptHandler
  7030   0014B4  6F83               	movwf	(ECAN_SetWakeUpInterruptHandler@handler+1)& (0+255),b
  7031   0014B6  EC45  F00C         	call	_ECAN_SetWakeUpInterruptHandler	;wreg free
  7032   0014BA                     
  7033                           ;mcc_generated_files/ecan.c: 146:     PIR5bits.WAKIF = 0;
  7034   0014BA  9C77               	bcf	119,6,c	;volatile
  7035   0014BC                     
  7036                           ;mcc_generated_files/ecan.c: 147:     PIE5bits.WAKIE = 1;
  7037   0014BC  8C76               	bsf	118,6,c	;volatile
  7038   0014BE                     
  7039                           ;mcc_generated_files/ecan.c: 149:     CANCON = 0x00;
  7040   0014BE  6A6F               	clrf	111,c	;volatile
  7041   0014C0                     l3318:
  7042   0014C0  CF6E F084          	movff	3950,??_ECAN_Initialize	;volatile
  7043   0014C4  0EE0               	movlw	224
  7044   0014C6  0100               	movlb	0	; () banked
  7045   0014C8  1784               	andwf	??_ECAN_Initialize& (0+255),f,b
  7046   0014CA  A4D8               	btfss	status,2,c
  7047   0014CC  EF6A  F00A         	goto	u1881
  7048   0014D0  EF6C  F00A         	goto	u1880
  7049   0014D4                     u1881:
  7050   0014D4  EF60  F00A         	goto	l3318
  7051   0014D8                     u1880:
  7052   0014D8                     
  7053                           ; BSR set to: 0
  7054   0014D8  0012               	return		;funcret
  7055   0014DA                     __end_of_ECAN_Initialize:
  7056                           	callstack 0
  7057                           
  7058 ;; *************** function _ECAN_SetWakeUpInterruptHandler *****************
  7059 ;; Defined at:
  7060 ;;		line 439 in file "mcc_generated_files/ecan.c"
  7061 ;; Parameters:    Size  Location     Type
  7062 ;;  handler         2    0[BANK0 ] PTR FTN()void 
  7063 ;;		 -> WakeUpDefaultInterruptHandler(1), 
  7064 ;; Auto vars:     Size  Location     Type
  7065 ;;		None
  7066 ;; Return value:  Size  Location     Type
  7067 ;;                  1    wreg      void 
  7068 ;; Registers used:
  7069 ;;		wreg, status,2, status,0
  7070 ;; Tracked objects:
  7071 ;;		On entry : 0/0
  7072 ;;		On exit  : 0/0
  7073 ;;		Unchanged: 0/0
  7074 ;; Data sizes:     COMRAM   BANK0   BANK1   BANK2   BANK3   BANK4   BANK5   BANK6   BANK7   BANK8   BANK9  BANK10  BANK1
      +1  BANK12  BANK13  BANK14
  7075 ;;      Params:         0       2       0       0       0       0       0       0       0       0       0       0       
      +0       0       0       0
  7076 ;;      Locals:         0       0       0       0       0       0       0       0       0       0       0       0       
      +0       0       0       0
  7077 ;;      Temps:          0       0       0       0       0       0       0       0       0       0       0       0       
      +0       0       0       0
  7078 ;;      Totals:         0       2       0       0       0       0       0       0       0       0       0       0       
      +0       0       0       0
  7079 ;;Total ram usage:        2 bytes
  7080 ;; Hardware stack levels used: 1
  7081 ;; Hardware stack levels required when called: 6
  7082 ;; This function calls:
  7083 ;;		Nothing
  7084 ;; This function is called by:
  7085 ;;		_ECAN_Initialize
  7086 ;; This function uses a non-reentrant model
  7087 ;;
  7088                           
  7089                           	psect	text21
  7090   00188A                     __ptext21:
  7091                           	callstack 0
  7092   00188A                     _ECAN_SetWakeUpInterruptHandler:
  7093                           	callstack 22
  7094   00188A                     
  7095                           ;mcc_generated_files/ecan.c: 439: void ECAN_SetWakeUpInterruptHandler(void (*handler)(vo
      +                          id));mcc_generated_files/ecan.c: 440: {;mcc_generated_files/ecan.c: 441:     WakeUpInter
      +                          ruptHandler = handler;
  7096   00188A  C082  F00A         	movff	ECAN_SetWakeUpInterruptHandler@handler,_WakeUpInterruptHandler
  7097   00188E  C083  F00B         	movff	ECAN_SetWakeUpInterruptHandler@handler+1,_WakeUpInterruptHandler+1
  7098   001892  0012               	return		;funcret
  7099   001894                     __end_of_ECAN_SetWakeUpInterruptHandler:
  7100                           	callstack 0
  7101                           
  7102 ;; *************** function _ADC_Initialize *****************
  7103 ;; Defined at:
  7104 ;;		line 62 in file "mcc_generated_files/adc.c"
  7105 ;; Parameters:    Size  Location     Type
  7106 ;;		None
  7107 ;; Auto vars:     Size  Location     Type
  7108 ;;		None
  7109 ;; Return value:  Size  Location     Type
  7110 ;;                  1    wreg      void 
  7111 ;; Registers used:
  7112 ;;		wreg, status,2
  7113 ;; Tracked objects:
  7114 ;;		On entry : 0/0
  7115 ;;		On exit  : 0/0
  7116 ;;		Unchanged: 0/0
  7117 ;; Data sizes:     COMRAM   BANK0   BANK1   BANK2   BANK3   BANK4   BANK5   BANK6   BANK7   BANK8   BANK9  BANK10  BANK1
      +1  BANK12  BANK13  BANK14
  7118 ;;      Params:         0       0       0       0       0       0       0       0       0       0       0       0       
      +0       0       0       0
  7119 ;;      Locals:         0       0       0       0       0       0       0       0       0       0       0       0       
      +0       0       0       0
  7120 ;;      Temps:          0       0       0       0       0       0       0       0       0       0       0       0       
      +0       0       0       0
  7121 ;;      Totals:         0       0       0       0       0       0       0       0       0       0       0       0       
      +0       0       0       0
  7122 ;;Total ram usage:        0 bytes
  7123 ;; Hardware stack levels used: 1
  7124 ;; Hardware stack levels required when called: 6
  7125 ;; This function calls:
  7126 ;;		Nothing
  7127 ;; This function is called by:
  7128 ;;		_SYSTEM_Initialize
  7129 ;; This function uses a non-reentrant model
  7130 ;;
  7131                           
  7132                           	psect	text22
  7133   001826                     __ptext22:
  7134                           	callstack 0
  7135   001826                     _ADC_Initialize:
  7136                           	callstack 23
  7137   001826                     
  7138                           ;mcc_generated_files/adc.c: 67:     ADCON0 = 0x01;
  7139   001826  0E01               	movlw	1
  7140   001828  6EC2               	movwf	194,c	;volatile
  7141   00182A                     
  7142                           ;mcc_generated_files/adc.c: 70:     ADCON1 = 0x00;
  7143   00182A  6AC1               	clrf	193,c	;volatile
  7144                           
  7145                           ;mcc_generated_files/adc.c: 73:     ADCON2 = 0x02;
  7146   00182C  0E02               	movlw	2
  7147   00182E  6EC0               	movwf	192,c	;volatile
  7148   001830                     
  7149                           ;mcc_generated_files/adc.c: 76:     ADRESH = 0x00;
  7150   001830  6AC4               	clrf	196,c	;volatile
  7151   001832                     
  7152                           ;mcc_generated_files/adc.c: 79:     ADRESL = 0x00;
  7153   001832  6AC3               	clrf	195,c	;volatile
  7154   001834  0012               	return		;funcret
  7155   001836                     __end_of_ADC_Initialize:
  7156                           	callstack 0
  7157                           
  7158 ;; *************** function _INTERRUPT_InterruptManager *****************
  7159 ;; Defined at:
  7160 ;;		line 58 in file "mcc_generated_files/interrupt_manager.c"
  7161 ;; Parameters:    Size  Location     Type
  7162 ;;		None
  7163 ;; Auto vars:     Size  Location     Type
  7164 ;;		None
  7165 ;; Return value:  Size  Location     Type
  7166 ;;                  1    wreg      void 
  7167 ;; Registers used:
  7168 ;;		wreg, fsr2l, fsr2h, status,2, status,0, pcl, pclath, pclatu, tosl, tblptrl, tblptrh, tblptru, prodl, prodh, cstack
  7169 ;; Tracked objects:
  7170 ;;		On entry : 0/0
  7171 ;;		On exit  : 0/0
  7172 ;;		Unchanged: 0/0
  7173 ;; Data sizes:     COMRAM   BANK0   BANK1   BANK2   BANK3   BANK4   BANK5   BANK6   BANK7   BANK8   BANK9  BANK10  BANK1
      +1  BANK12  BANK13  BANK14
  7174 ;;      Params:         0       0       0       0       0       0       0       0       0       0       0       0       
      +0       0       0       0
  7175 ;;      Locals:         0       0       0       0       0       0       0       0       0       0       0       0       
      +0       0       0       0
  7176 ;;      Temps:         10       0       0       0       0       0       0       0       0       0       0       0       
      +0       0       0       0
  7177 ;;      Totals:        10       0       0       0       0       0       0       0       0       0       0       0       
      +0       0       0       0
  7178 ;;Total ram usage:       10 bytes
  7179 ;; Hardware stack levels used: 1
  7180 ;; Hardware stack levels required when called: 5
  7181 ;; This function calls:
  7182 ;;		NULL
  7183 ;;		_ECAN_WAKI_ISR
  7184 ;;		_EUSART1_Receive_ISR
  7185 ;;		_EUSART1_Transmit_ISR
  7186 ;;		_TMR0_ISR
  7187 ;; This function is called by:
  7188 ;;		Interrupt level 2
  7189 ;; This function uses a non-reentrant model
  7190 ;;
  7191                           
  7192                           	psect	intcode
  7193   000008                     __pintcode:
  7194                           	callstack 0
  7195   000008                     _INTERRUPT_InterruptManager:
  7196                           	callstack 20
  7197                           
  7198                           ;incstack = 0
  7199   000008  8201               	bsf	int$flags,1,c	;set compiler interrupt flag (level 2)
  7200   00000A  CFFA F04C          	movff	pclath,??_INTERRUPT_InterruptManager
  7201   00000E  CFFB F04D          	movff	pclatu,??_INTERRUPT_InterruptManager+1
  7202   000012  CFD9 F04E          	movff	fsr2l,??_INTERRUPT_InterruptManager+2
  7203   000016  CFDA F04F          	movff	fsr2h,??_INTERRUPT_InterruptManager+3
  7204   00001A  CFF3 F050          	movff	prodl,??_INTERRUPT_InterruptManager+4
  7205   00001E  CFF4 F051          	movff	prodh,??_INTERRUPT_InterruptManager+5
  7206   000022  CFF6 F052          	movff	tblptrl,??_INTERRUPT_InterruptManager+6
  7207   000026  CFF7 F053          	movff	tblptrh,??_INTERRUPT_InterruptManager+7
  7208   00002A  CFF8 F054          	movff	tblptru,??_INTERRUPT_InterruptManager+8
  7209   00002E  CFF5 F055          	movff	tablat,??_INTERRUPT_InterruptManager+9
  7210   000032                     
  7211                           ;mcc_generated_files/interrupt_manager.c: 61:     if(INTCONbits.TMR0IE == 1 && INTCONbit
      +                          s.TMR0IF == 1)
  7212   000032  AAF2               	btfss	242,5,c	;volatile
  7213   000034  EF1E  F000         	goto	i2u176_41
  7214   000038  EF20  F000         	goto	i2u176_40
  7215   00003C                     i2u176_41:
  7216   00003C  EF2B  F000         	goto	i2l434
  7217   000040                     i2u176_40:
  7218   000040  A4F2               	btfss	242,2,c	;volatile
  7219   000042  EF25  F000         	goto	i2u177_41
  7220   000046  EF27  F000         	goto	i2u177_40
  7221   00004A                     i2u177_41:
  7222   00004A  EF2B  F000         	goto	i2l434
  7223   00004E                     i2u177_40:
  7224   00004E                     
  7225                           ;mcc_generated_files/interrupt_manager.c: 62:     {;mcc_generated_files/interrupt_manage
      +                          r.c: 63:         TMR0_ISR();
  7226   00004E  EC54  F00B         	call	_TMR0_ISR	;wreg free
  7227                           
  7228                           ;mcc_generated_files/interrupt_manager.c: 64:     }
  7229   000052  EF7C  F000         	goto	i2l444
  7230   000056                     i2l434:
  7231   000056  ACF2               	btfss	242,6,c	;volatile
  7232   000058  EF30  F000         	goto	i2u178_41
  7233   00005C  EF32  F000         	goto	i2u178_40
  7234   000060                     i2u178_41:
  7235   000060  EF7C  F000         	goto	i2l444
  7236   000064                     i2u178_40:
  7237   000064                     
  7238                           ;mcc_generated_files/interrupt_manager.c: 66:     {;mcc_generated_files/interrupt_manage
      +                          r.c: 67:         if(PIE5bits.WAKIE == 1 && PIR5bits.WAKIF == 1)
  7239   000064  AC76               	btfss	118,6,c	;volatile
  7240   000066  EF37  F000         	goto	i2u179_41
  7241   00006A  EF39  F000         	goto	i2u179_40
  7242   00006E                     i2u179_41:
  7243   00006E  EF44  F000         	goto	i2l437
  7244   000072                     i2u179_40:
  7245   000072  AC77               	btfss	119,6,c	;volatile
  7246   000074  EF3E  F000         	goto	i2u180_41
  7247   000078  EF40  F000         	goto	i2u180_40
  7248   00007C                     i2u180_41:
  7249   00007C  EF44  F000         	goto	i2l437
  7250   000080                     i2u180_40:
  7251   000080                     
  7252                           ;mcc_generated_files/interrupt_manager.c: 68:         {;mcc_generated_files/interrupt_ma
      +                          nager.c: 69:             ECAN_WAKI_ISR();
  7253   000080  ECF2  F00B         	call	_ECAN_WAKI_ISR	;wreg free
  7254                           
  7255                           ;mcc_generated_files/interrupt_manager.c: 70:         }
  7256   000084  EF7C  F000         	goto	i2l444
  7257   000088                     i2l437:
  7258   000088  A89D               	btfss	157,4,c	;volatile
  7259   00008A  EF49  F000         	goto	i2u181_41
  7260   00008E  EF4B  F000         	goto	i2u181_40
  7261   000092                     i2u181_41:
  7262   000092  EF61  F000         	goto	i2l439
  7263   000096                     i2u181_40:
  7264   000096  A89E               	btfss	158,4,c	;volatile
  7265   000098  EF50  F000         	goto	i2u182_41
  7266   00009C  EF52  F000         	goto	i2u182_40
  7267   0000A0                     i2u182_41:
  7268   0000A0  EF61  F000         	goto	i2l439
  7269   0000A4                     i2u182_40:
  7270   0000A4                     
  7271                           ;mcc_generated_files/interrupt_manager.c: 72:         {;mcc_generated_files/interrupt_ma
      +                          nager.c: 73:             EUSART1_TxDefaultInterruptHandler();
  7272   0000A4  D802               	call	i2u183_48
  7273   0000A6  EF5F  F000         	goto	i2u183_49
  7274   0000AA                     i2u183_48:
  7275   0000AA  0005               	push	
  7276   0000AC  0100               	movlb	0	; () banked
  7277   0000AE  6EFA               	movwf	pclath,c
  7278   0000B0  5180               	movf	_EUSART1_TxDefaultInterruptHandler& (0+255),w,b
  7279   0000B2  6EFD               	movwf	tosl,c
  7280   0000B4  5181               	movf	(_EUSART1_TxDefaultInterruptHandler+1)& (0+255),w,b
  7281   0000B6  6EFE               	movwf	tosh,c
  7282   0000B8  6AFF               	clrf	tosu,c
  7283   0000BA  50FA               	movf	pclath,w,c
  7284   0000BC  0012               	return		;indir
  7285   0000BE                     i2u183_49:
  7286                           
  7287                           ;mcc_generated_files/interrupt_manager.c: 74:         }
  7288   0000BE  EF7C  F000         	goto	i2l444
  7289   0000C2                     i2l439:
  7290   0000C2  AA9D               	btfss	157,5,c	;volatile
  7291   0000C4  EF66  F000         	goto	i2u184_41
  7292   0000C8  EF68  F000         	goto	i2u184_40
  7293   0000CC                     i2u184_41:
  7294   0000CC  EF7C  F000         	goto	i2l444
  7295   0000D0                     i2u184_40:
  7296   0000D0  AA9E               	btfss	158,5,c	;volatile
  7297   0000D2  EF6D  F000         	goto	i2u185_41
  7298   0000D6  EF6F  F000         	goto	i2u185_40
  7299   0000DA                     i2u185_41:
  7300   0000DA  EF7C  F000         	goto	i2l444
  7301   0000DE                     i2u185_40:
  7302   0000DE                     
  7303                           ;mcc_generated_files/interrupt_manager.c: 76:         {;mcc_generated_files/interrupt_ma
      +                          nager.c: 77:             EUSART1_RxDefaultInterruptHandler();
  7304   0000DE  D802               	call	i2u186_48
  7305   0000E0  EF7C  F000         	goto	i2u186_49
  7306   0000E4                     i2u186_48:
  7307   0000E4  0005               	push	
  7308   0000E6  0100               	movlb	0	; () banked
  7309   0000E8  6EFA               	movwf	pclath,c
  7310   0000EA  517E               	movf	_EUSART1_RxDefaultInterruptHandler& (0+255),w,b
  7311   0000EC  6EFD               	movwf	tosl,c
  7312   0000EE  517F               	movf	(_EUSART1_RxDefaultInterruptHandler+1)& (0+255),w,b
  7313   0000F0  6EFE               	movwf	tosh,c
  7314   0000F2  6AFF               	clrf	tosu,c
  7315   0000F4  50FA               	movf	pclath,w,c
  7316   0000F6  0012               	return		;indir
  7317   0000F8                     i2u186_49:
  7318   0000F8                     i2l444:
  7319   0000F8  C055  FFF5         	movff	??_INTERRUPT_InterruptManager+9,tablat
  7320   0000FC  C054  FFF8         	movff	??_INTERRUPT_InterruptManager+8,tblptru
  7321   000100  C053  FFF7         	movff	??_INTERRUPT_InterruptManager+7,tblptrh
  7322   000104  C052  FFF6         	movff	??_INTERRUPT_InterruptManager+6,tblptrl
  7323   000108  C051  FFF4         	movff	??_INTERRUPT_InterruptManager+5,prodh
  7324   00010C  C050  FFF3         	movff	??_INTERRUPT_InterruptManager+4,prodl
  7325   000110  C04F  FFDA         	movff	??_INTERRUPT_InterruptManager+3,fsr2h
  7326   000114  C04E  FFD9         	movff	??_INTERRUPT_InterruptManager+2,fsr2l
  7327   000118  C04D  FFFB         	movff	??_INTERRUPT_InterruptManager+1,pclatu
  7328   00011C  C04C  FFFA         	movff	??_INTERRUPT_InterruptManager,pclath
  7329   000120  9201               	bcf	int$flags,1,c	;clear compiler interrupt flag (level 2)
  7330   000122  0011               	retfie		f
  7331   000124                     __end_of_INTERRUPT_InterruptManager:
  7332                           	callstack 0
  7333                           
  7334 ;; *************** function _TMR0_ISR *****************
  7335 ;; Defined at:
  7336 ;;		line 129 in file "mcc_generated_files/tmr0.c"
  7337 ;; Parameters:    Size  Location     Type
  7338 ;;		None
  7339 ;; Auto vars:     Size  Location     Type
  7340 ;;		None
  7341 ;; Return value:  Size  Location     Type
  7342 ;;                  1    wreg      void 
  7343 ;; Registers used:
  7344 ;;		wreg, fsr2l, fsr2h, status,2, status,0, pcl, pclath, pclatu, tosl, tblptrl, tblptrh, tblptru, prodl, prodh, cstack
  7345 ;; Tracked objects:
  7346 ;;		On entry : 0/0
  7347 ;;		On exit  : 0/0
  7348 ;;		Unchanged: 0/0
  7349 ;; Data sizes:     COMRAM   BANK0   BANK1   BANK2   BANK3   BANK4   BANK5   BANK6   BANK7   BANK8   BANK9  BANK10  BANK1
      +1  BANK12  BANK13  BANK14
  7350 ;;      Params:         0       0       0       0       0       0       0       0       0       0       0       0       
      +0       0       0       0
  7351 ;;      Locals:         0       0       0       0       0       0       0       0       0       0       0       0       
      +0       0       0       0
  7352 ;;      Temps:          0       0       0       0       0       0       0       0       0       0       0       0       
      +0       0       0       0
  7353 ;;      Totals:         0       0       0       0       0       0       0       0       0       0       0       0       
      +0       0       0       0
  7354 ;;Total ram usage:        0 bytes
  7355 ;; Hardware stack levels used: 1
  7356 ;; Hardware stack levels required when called: 4
  7357 ;; This function calls:
  7358 ;;		NULL
  7359 ;;		_LIN_timerHandler
  7360 ;;		_TMR0_DefaultInterruptHandler
  7361 ;; This function is called by:
  7362 ;;		_INTERRUPT_InterruptManager
  7363 ;; This function uses a non-reentrant model
  7364 ;;
  7365                           
  7366                           	psect	text24
  7367   0016A8                     __ptext24:
  7368                           	callstack 0
  7369   0016A8                     _TMR0_ISR:
  7370                           	callstack 20
  7371   0016A8                     
  7372                           ;mcc_generated_files/tmr0.c: 133:     INTCONbits.TMR0IF = 0;
  7373   0016A8  94F2               	bcf	242,2,c	;volatile
  7374                           
  7375                           ;mcc_generated_files/tmr0.c: 136:     TMR0L = timer0ReloadVal;
  7376   0016AA  C019  FFD6         	movff	_timer0ReloadVal,4054	;volatile
  7377   0016AE                     
  7378                           ;mcc_generated_files/tmr0.c: 138:     if(TMR0_InterruptHandler)
  7379   0016AE  5056               	movf	_TMR0_InterruptHandler^0,w,c
  7380   0016B0  1057               	iorwf	(_TMR0_InterruptHandler+1)^0,w,c
  7381   0016B2  B4D8               	btfsc	status,2,c
  7382   0016B4  EF5E  F00B         	goto	i2u148_41
  7383   0016B8  EF60  F00B         	goto	i2u148_40
  7384   0016BC                     i2u148_41:
  7385   0016BC  EF6C  F00B         	goto	i2l392
  7386   0016C0                     i2u148_40:
  7387   0016C0                     
  7388                           ;mcc_generated_files/tmr0.c: 139:     {;mcc_generated_files/tmr0.c: 140:         TMR0_In
      +                          terruptHandler();
  7389   0016C0  D802               	call	i2u149_48
  7390   0016C2  EF6C  F00B         	goto	i2u149_49
  7391   0016C6                     i2u149_48:
  7392   0016C6  0005               	push	
  7393   0016C8  6EFA               	movwf	pclath,c
  7394   0016CA  5056               	movf	_TMR0_InterruptHandler^0,w,c
  7395   0016CC  6EFD               	movwf	tosl,c
  7396   0016CE  5057               	movf	(_TMR0_InterruptHandler+1)^0,w,c
  7397   0016D0  6EFE               	movwf	tosh,c
  7398   0016D2  6AFF               	clrf	tosu,c
  7399   0016D4  50FA               	movf	pclath,w,c
  7400   0016D6  0012               	return		;indir
  7401   0016D8                     i2u149_49:
  7402   0016D8                     i2l392:
  7403   0016D8  0012               	return		;funcret
  7404   0016DA                     __end_of_TMR0_ISR:
  7405                           	callstack 0
  7406                           
  7407 ;; *************** function _LIN_timerHandler *****************
  7408 ;; Defined at:
  7409 ;;		line 250 in file "mcc_generated_files/LINDrivers/lin_master.c"
  7410 ;; Parameters:    Size  Location     Type
  7411 ;;		None
  7412 ;; Auto vars:     Size  Location     Type
  7413 ;;		None
  7414 ;; Return value:  Size  Location     Type
  7415 ;;                  1    wreg      void 
  7416 ;; Registers used:
  7417 ;;		wreg, fsr2l, fsr2h, status,2, status,0, tblptrl, tblptrh, tblptru, prodl, prodh, cstack
  7418 ;; Tracked objects:
  7419 ;;		On entry : 0/0
  7420 ;;		On exit  : 0/0
  7421 ;;		Unchanged: 0/0
  7422 ;; Data sizes:     COMRAM   BANK0   BANK1   BANK2   BANK3   BANK4   BANK5   BANK6   BANK7   BANK8   BANK9  BANK10  BANK1
      +1  BANK12  BANK13  BANK14
  7423 ;;      Params:         0       0       0       0       0       0       0       0       0       0       0       0       
      +0       0       0       0
  7424 ;;      Locals:         0       0       0       0       0       0       0       0       0       0       0       0       
      +0       0       0       0
  7425 ;;      Temps:          0       0       0       0       0       0       0       0       0       0       0       0       
      +0       0       0       0
  7426 ;;      Totals:         0       0       0       0       0       0       0       0       0       0       0       0       
      +0       0       0       0
  7427 ;;Total ram usage:        0 bytes
  7428 ;; Hardware stack levels used: 1
  7429 ;; Hardware stack levels required when called: 3
  7430 ;; This function calls:
  7431 ;;		_LIN_sendPeriodicTx
  7432 ;;		i2_LIN_stopTimer
  7433 ;; This function is called by:
  7434 ;;		_LIN_setTimerHandler
  7435 ;;		_TMR0_ISR
  7436 ;; This function uses a non-reentrant model
  7437 ;;
  7438                           
  7439                           	psect	text25
  7440   0015A4                     __ptext25:
  7441                           	callstack 0
  7442   0015A4                     _LIN_timerHandler:
  7443                           	callstack 20
  7444   0015A4                     
  7445                           ;mcc_generated_files/LINDrivers/lin_master.c: 252:     if(LIN_timerRunning == 1){
  7446   0015A4  0420               	decf	_LIN_timerRunning^0,w,c
  7447   0015A6  A4D8               	btfss	status,2,c
  7448   0015A8  EFD8  F00A         	goto	i2u142_41
  7449   0015AC  EFDA  F00A         	goto	i2u142_40
  7450   0015B0                     i2u142_41:
  7451   0015B0  EFE6  F00A         	goto	i2l2796
  7452   0015B4                     i2u142_40:
  7453   0015B4                     
  7454                           ;mcc_generated_files/LINDrivers/lin_master.c: 253:         if (++LIN_timerCallBack >= LI
      +                          N_timeout){
  7455   0015B4  2A1E               	incf	_LIN_timerCallBack^0,f,c	;volatile
  7456   0015B6  5058               	movf	_LIN_timeout^0,w,c
  7457   0015B8  5C1E               	subwf	_LIN_timerCallBack^0,w,c	;volatile
  7458   0015BA  A0D8               	btfss	status,0,c
  7459   0015BC  EFE2  F00A         	goto	i2u143_41
  7460   0015C0  EFE4  F00A         	goto	i2u143_40
  7461   0015C4                     i2u143_41:
  7462   0015C4  EFE6  F00A         	goto	i2l2796
  7463   0015C8                     i2u143_40:
  7464   0015C8                     
  7465                           ;mcc_generated_files/LINDrivers/lin_master.c: 255:             LIN_stopTimer();
  7466   0015C8  EC54  F00C         	call	i2_LIN_stopTimer	;wreg free
  7467   0015CC                     i2l2796:
  7468                           
  7469                           ;mcc_generated_files/LINDrivers/lin_master.c: 258:     if(LIN_enablePeriodTx == 1){
  7470   0015CC  041F               	decf	_LIN_enablePeriodTx^0,w,c
  7471   0015CE  A4D8               	btfss	status,2,c
  7472   0015D0  EFEC  F00A         	goto	i2u144_41
  7473   0015D4  EFEE  F00A         	goto	i2u144_40
  7474   0015D8                     i2u144_41:
  7475   0015D8  EFFA  F00A         	goto	i2l143
  7476   0015DC                     i2u144_40:
  7477   0015DC                     
  7478                           ;mcc_generated_files/LINDrivers/lin_master.c: 259:         if(++LIN_periodCallBack >= LI
      +                          N_period){
  7479   0015DC  2A1D               	incf	_LIN_periodCallBack^0,f,c	;volatile
  7480   0015DE  5021               	movf	_LIN_period^0,w,c
  7481   0015E0  5C1D               	subwf	_LIN_periodCallBack^0,w,c	;volatile
  7482   0015E2  A0D8               	btfss	status,0,c
  7483   0015E4  EFF6  F00A         	goto	i2u145_41
  7484   0015E8  EFF8  F00A         	goto	i2u145_40
  7485   0015EC                     i2u145_41:
  7486   0015EC  EFFA  F00A         	goto	i2l143
  7487   0015F0                     i2u145_40:
  7488   0015F0                     
  7489                           ;mcc_generated_files/LINDrivers/lin_master.c: 260:             LIN_sendPeriodicTx();
  7490   0015F0  EC73  F009         	call	_LIN_sendPeriodicTx	;wreg free
  7491   0015F4                     i2l143:
  7492   0015F4  0012               	return		;funcret
  7493   0015F6                     __end_of_LIN_timerHandler:
  7494                           	callstack 0
  7495                           
  7496 ;; *************** function _TMR0_DefaultInterruptHandler *****************
  7497 ;; Defined at:
  7498 ;;		line 151 in file "mcc_generated_files/tmr0.c"
  7499 ;; Parameters:    Size  Location     Type
  7500 ;;		None
  7501 ;; Auto vars:     Size  Location     Type
  7502 ;;		None
  7503 ;; Return value:  Size  Location     Type
  7504 ;;                  1    wreg      void 
  7505 ;; Registers used:
  7506 ;;		None
  7507 ;; Tracked objects:
  7508 ;;		On entry : 0/0
  7509 ;;		On exit  : 0/0
  7510 ;;		Unchanged: 0/0
  7511 ;; Data sizes:     COMRAM   BANK0   BANK1   BANK2   BANK3   BANK4   BANK5   BANK6   BANK7   BANK8   BANK9  BANK10  BANK1
      +1  BANK12  BANK13  BANK14
  7512 ;;      Params:         0       0       0       0       0       0       0       0       0       0       0       0       
      +0       0       0       0
  7513 ;;      Locals:         0       0       0       0       0       0       0       0       0       0       0       0       
      +0       0       0       0
  7514 ;;      Temps:          0       0       0       0       0       0       0       0       0       0       0       0       
      +0       0       0       0
  7515 ;;      Totals:         0       0       0       0       0       0       0       0       0       0       0       0       
      +0       0       0       0
  7516 ;;Total ram usage:        0 bytes
  7517 ;; Hardware stack levels used: 1
  7518 ;; This function calls:
  7519 ;;		Nothing
  7520 ;; This function is called by:
  7521 ;;		_TMR0_Initialize
  7522 ;;		_TMR0_ISR
  7523 ;; This function uses a non-reentrant model
  7524 ;;
  7525                           
  7526                           	psect	text26
  7527   0018BE                     __ptext26:
  7528                           	callstack 0
  7529   0018BE                     _TMR0_DefaultInterruptHandler:
  7530                           	callstack 23
  7531   0018BE  0012               	return		;funcret
  7532   0018C0                     __end_of_TMR0_DefaultInterruptHandler:
  7533                           	callstack 0
  7534                           
  7535 ;; *************** function i2_LIN_stopTimer *****************
  7536 ;; Defined at:
  7537 ;;		line 270 in file "mcc_generated_files/LINDrivers/lin_master.c"
  7538 ;; Parameters:    Size  Location     Type
  7539 ;;		None
  7540 ;; Auto vars:     Size  Location     Type
  7541 ;;		None
  7542 ;; Return value:  Size  Location     Type
  7543 ;;                  1    wreg      void 
  7544 ;; Registers used:
  7545 ;;		None
  7546 ;; Tracked objects:
  7547 ;;		On entry : 0/0
  7548 ;;		On exit  : 0/0
  7549 ;;		Unchanged: 0/0
  7550 ;; Data sizes:     COMRAM   BANK0   BANK1   BANK2   BANK3   BANK4   BANK5   BANK6   BANK7   BANK8   BANK9  BANK10  BANK1
      +1  BANK12  BANK13  BANK14
  7551 ;;      Params:         0       0       0       0       0       0       0       0       0       0       0       0       
      +0       0       0       0
  7552 ;;      Locals:         0       0       0       0       0       0       0       0       0       0       0       0       
      +0       0       0       0
  7553 ;;      Temps:          0       0       0       0       0       0       0       0       0       0       0       0       
      +0       0       0       0
  7554 ;;      Totals:         0       0       0       0       0       0       0       0       0       0       0       0       
      +0       0       0       0
  7555 ;;Total ram usage:        0 bytes
  7556 ;; Hardware stack levels used: 1
  7557 ;; This function calls:
  7558 ;;		Nothing
  7559 ;; This function is called by:
  7560 ;;		_LIN_timerHandler
  7561 ;; This function uses a non-reentrant model
  7562 ;;
  7563                           
  7564                           	psect	text27
  7565   0018A8                     __ptext27:
  7566                           	callstack 0
  7567   0018A8                     i2_LIN_stopTimer:
  7568                           	callstack 22
  7569   0018A8                     
  7570                           ;mcc_generated_files/LINDrivers/lin_master.c: 272:     LIN_timerCallBack = 0;
  7571   0018A8  6A1E               	clrf	_LIN_timerCallBack^0,c	;volatile
  7572                           
  7573                           ;mcc_generated_files/LINDrivers/lin_master.c: 273:     LIN_timerRunning = 0;
  7574   0018AA  6A20               	clrf	_LIN_timerRunning^0,c
  7575   0018AC  0012               	return		;funcret
  7576   0018AE                     __end_ofi2_LIN_stopTimer:
  7577                           	callstack 0
  7578                           
  7579 ;; *************** function _LIN_sendPeriodicTx *****************
  7580 ;; Defined at:
  7581 ;;		line 300 in file "mcc_generated_files/LINDrivers/lin_master.c"
  7582 ;; Parameters:    Size  Location     Type
  7583 ;;		None
  7584 ;; Auto vars:     Size  Location     Type
  7585 ;;  periodicTx      1   13[COMRAM] PTR const struct .
  7586 ;;		 -> NULL(0), scheduleTable(18), 
  7587 ;; Return value:  Size  Location     Type
  7588 ;;                  1    wreg      void 
  7589 ;; Registers used:
  7590 ;;		wreg, fsr2l, fsr2h, status,2, status,0, tblptrl, tblptrh, tblptru, prodl, prodh, cstack
  7591 ;; Tracked objects:
  7592 ;;		On entry : 0/0
  7593 ;;		On exit  : 0/0
  7594 ;;		Unchanged: 0/0
  7595 ;; Data sizes:     COMRAM   BANK0   BANK1   BANK2   BANK3   BANK4   BANK5   BANK6   BANK7   BANK8   BANK9  BANK10  BANK1
      +1  BANK12  BANK13  BANK14
  7596 ;;      Params:         0       0       0       0       0       0       0       0       0       0       0       0       
      +0       0       0       0
  7597 ;;      Locals:         1       0       0       0       0       0       0       0       0       0       0       0       
      +0       0       0       0
  7598 ;;      Temps:          1       0       0       0       0       0       0       0       0       0       0       0       
      +0       0       0       0
  7599 ;;      Totals:         2       0       0       0       0       0       0       0       0       0       0       0       
      +0       0       0       0
  7600 ;;Total ram usage:        2 bytes
  7601 ;; Hardware stack levels used: 1
  7602 ;; Hardware stack levels required when called: 2
  7603 ;; This function calls:
  7604 ;;		_LIN_queuePacket
  7605 ;; This function is called by:
  7606 ;;		_LIN_timerHandler
  7607 ;; This function uses a non-reentrant model
  7608 ;;
  7609                           
  7610                           	psect	text28
  7611   0012E6                     __ptext28:
  7612                           	callstack 0
  7613   0012E6                     _LIN_sendPeriodicTx:
  7614                           	callstack 20
  7615   0012E6                     
  7616                           ;mcc_generated_files/LINDrivers/lin_master.c: 301:     static volatile uint8_t scheduleI
      +                          ndex = 0;;mcc_generated_files/LINDrivers/lin_master.c: 302:     const lin_cmd_packet_t* 
      +                          periodicTx;;mcc_generated_files/LINDrivers/lin_master.c: 304:     LIN_periodCallBack = 0
      +                          ;
  7617   0012E6  6A1D               	clrf	_LIN_periodCallBack^0,c	;volatile
  7618   0012E8                     
  7619                           ;mcc_generated_files/LINDrivers/lin_master.c: 305:     periodicTx = schedule + scheduleI
      +                          ndex;
  7620   0012E8  501A               	movf	LIN_sendPeriodicTx@scheduleIndex^0,w,c	;volatile
  7621   0012EA  0D06               	mullw	6
  7622   0012EC  5023               	movf	_schedule^0,w,c
  7623   0012EE  24F3               	addwf	243,w,c
  7624   0012F0  6E4B               	movwf	LIN_sendPeriodicTx@periodicTx^0,c
  7625   0012F2                     
  7626                           ;mcc_generated_files/LINDrivers/lin_master.c: 307:     if(periodicTx->period > 0){
  7627   0012F2  C04B  F04A         	movff	LIN_sendPeriodicTx@periodicTx,??_LIN_sendPeriodicTx
  7628   0012F6  0E04               	movlw	4
  7629   0012F8  264A               	addwf	??_LIN_sendPeriodicTx^0,f,c
  7630   0012FA  C04A  FFF6         	movff	??_LIN_sendPeriodicTx,tblptrl
  7631   0012FE                     	if	1	;There is more than 1 active tblptr byte
  7632   0012FE  0E10               	movlw	high __smallconst
  7633   001300  6EF7               	movwf	tblptrh,c
  7634   001302                     	endif
  7635   001302                     	if	0	;tblptru may be non-zero
  7636   001302                     	endif
  7637   001302                     	if	0	;tblptru may be non-zero
  7638   001302                     	endif
  7639   001302  0008               	tblrd		*
  7640   001304  50F5               	movf	tablat,w,c
  7641   001306  0900               	iorlw	0
  7642   001308  B4D8               	btfsc	status,2,c
  7643   00130A  EF89  F009         	goto	i2u138_41
  7644   00130E  EF8B  F009         	goto	i2u138_40
  7645   001312                     i2u138_41:
  7646   001312  EF9E  F009         	goto	i2l2756
  7647   001316                     i2u138_40:
  7648   001316                     
  7649                           ;mcc_generated_files/LINDrivers/lin_master.c: 308:         LIN_queuePacket(periodicTx->c
      +                          md, periodicTx->data);
  7650   001316  C04B  F04A         	movff	LIN_sendPeriodicTx@periodicTx,??_LIN_sendPeriodicTx
  7651   00131A  0E05               	movlw	5
  7652   00131C  264A               	addwf	??_LIN_sendPeriodicTx^0,f,c
  7653   00131E  C04A  FFF6         	movff	??_LIN_sendPeriodicTx,tblptrl
  7654   001322                     	if	1	;There is more than 1 active tblptr byte
  7655   001322  0E10               	movlw	high __smallconst
  7656   001324  6EF7               	movwf	tblptrh,c
  7657   001326                     	endif
  7658   001326                     	if	0	;tblptru may be non-zero
  7659   001326                     	endif
  7660   001326                     	if	0	;tblptru may be non-zero
  7661   001326                     	endif
  7662   001326  0008               	tblrd		*
  7663   001328  CFF5 F045          	movff	tablat,LIN_queuePacket@data
  7664   00132C  C04B  FFF6         	movff	LIN_sendPeriodicTx@periodicTx,tblptrl
  7665   001330                     	if	1	;There is more than 1 active tblptr byte
  7666   001330  0E10               	movlw	high __smallconst
  7667   001332  6EF7               	movwf	tblptrh,c
  7668   001334                     	endif
  7669   001334                     	if	0	;tblptru may be non-zero
  7670   001334                     	endif
  7671   001334                     	if	0	;tblptru may be non-zero
  7672   001334                     	endif
  7673   001334  0008               	tblrd		*
  7674   001336  50F5               	movf	tablat,w,c
  7675   001338  ECCF  F008         	call	_LIN_queuePacket
  7676   00133C                     i2l2756:
  7677                           
  7678                           ;mcc_generated_files/LINDrivers/lin_master.c: 312:         if(++scheduleIndex >= schedul
      +                          eLength){
  7679   00133C  2A1A               	incf	LIN_sendPeriodicTx@scheduleIndex^0,f,c	;volatile
  7680   00133E  5022               	movf	_scheduleLength^0,w,c
  7681   001340  5C1A               	subwf	LIN_sendPeriodicTx@scheduleIndex^0,w,c	;volatile
  7682   001342  A0D8               	btfss	status,0,c
  7683   001344  EFA6  F009         	goto	i2u139_41
  7684   001348  EFA8  F009         	goto	i2u139_40
  7685   00134C                     i2u139_41:
  7686   00134C  EFA9  F009         	goto	i2l2760
  7687   001350                     i2u139_40:
  7688   001350                     
  7689                           ;mcc_generated_files/LINDrivers/lin_master.c: 313:             scheduleIndex = 0;
  7690   001350  6A1A               	clrf	LIN_sendPeriodicTx@scheduleIndex^0,c	;volatile
  7691   001352                     i2l2760:
  7692                           
  7693                           ;mcc_generated_files/LINDrivers/lin_master.c: 315:         periodicTx = schedule + sched
      +                          uleIndex;
  7694   001352  501A               	movf	LIN_sendPeriodicTx@scheduleIndex^0,w,c	;volatile
  7695   001354  0D06               	mullw	6
  7696   001356  5023               	movf	_schedule^0,w,c
  7697   001358  24F3               	addwf	243,w,c
  7698   00135A  6E4B               	movwf	LIN_sendPeriodicTx@periodicTx^0,c
  7699   00135C                     
  7700                           ;mcc_generated_files/LINDrivers/lin_master.c: 316:     } while(periodicTx->period == 0);
  7701   00135C  C04B  F04A         	movff	LIN_sendPeriodicTx@periodicTx,??_LIN_sendPeriodicTx
  7702   001360  0E04               	movlw	4
  7703   001362  264A               	addwf	??_LIN_sendPeriodicTx^0,f,c
  7704   001364  C04A  FFF6         	movff	??_LIN_sendPeriodicTx,tblptrl
  7705   001368                     	if	1	;There is more than 1 active tblptr byte
  7706   001368  0E10               	movlw	high __smallconst
  7707   00136A  6EF7               	movwf	tblptrh,c
  7708   00136C                     	endif
  7709   00136C                     	if	0	;tblptru may be non-zero
  7710   00136C                     	endif
  7711   00136C                     	if	0	;tblptru may be non-zero
  7712   00136C                     	endif
  7713   00136C  0008               	tblrd		*
  7714   00136E  50F5               	movf	tablat,w,c
  7715   001370  0900               	iorlw	0
  7716   001372  B4D8               	btfsc	status,2,c
  7717   001374  EFBE  F009         	goto	i2u140_41
  7718   001378  EFC0  F009         	goto	i2u140_40
  7719   00137C                     i2u140_41:
  7720   00137C  EF9E  F009         	goto	i2l2756
  7721   001380                     i2u140_40:
  7722   001380                     
  7723                           ;mcc_generated_files/LINDrivers/lin_master.c: 318:     LIN_period = periodicTx->period;
  7724   001380  C04B  F04A         	movff	LIN_sendPeriodicTx@periodicTx,??_LIN_sendPeriodicTx
  7725   001384  0E04               	movlw	4
  7726   001386  264A               	addwf	??_LIN_sendPeriodicTx^0,f,c
  7727   001388  C04A  FFF6         	movff	??_LIN_sendPeriodicTx,tblptrl
  7728   00138C                     	if	1	;There is more than 1 active tblptr byte
  7729   00138C  0E10               	movlw	high __smallconst
  7730   00138E  6EF7               	movwf	tblptrh,c
  7731   001390                     	endif
  7732   001390                     	if	0	;tblptru may be non-zero
  7733   001390                     	endif
  7734   001390                     	if	0	;tblptru may be non-zero
  7735   001390                     	endif
  7736   001390  0008               	tblrd		*
  7737   001392  CFF5 F021          	movff	tablat,_LIN_period
  7738   001396  0012               	return		;funcret
  7739   001398                     __end_of_LIN_sendPeriodicTx:
  7740                           	callstack 0
  7741                           
  7742 ;; *************** function _LIN_queuePacket *****************
  7743 ;; Defined at:
  7744 ;;		line 70 in file "mcc_generated_files/LINDrivers/lin_master.c"
  7745 ;; Parameters:    Size  Location     Type
  7746 ;;  cmd             1    wreg     unsigned char 
  7747 ;;  data            1    7[COMRAM] PTR unsigned char 
  7748 ;;		 -> LFRX_Data(8), RSSI_Data(1), UNLOCK_Data(1), 
  7749 ;; Auto vars:     Size  Location     Type
  7750 ;;  cmd             1    9[COMRAM] unsigned char 
  7751 ;;  i               1   10[COMRAM] unsigned char 
  7752 ;;  tempSchedule    1   11[COMRAM] PTR const struct .
  7753 ;;		 -> NULL(0), scheduleTable(18), 
  7754 ;; Return value:  Size  Location     Type
  7755 ;;                  1    wreg      void 
  7756 ;; Registers used:
  7757 ;;		wreg, fsr2l, fsr2h, status,2, status,0, tblptrl, tblptrh, tblptru, cstack
  7758 ;; Tracked objects:
  7759 ;;		On entry : 0/0
  7760 ;;		On exit  : 0/0
  7761 ;;		Unchanged: 0/0
  7762 ;; Data sizes:     COMRAM   BANK0   BANK1   BANK2   BANK3   BANK4   BANK5   BANK6   BANK7   BANK8   BANK9  BANK10  BANK1
      +1  BANK12  BANK13  BANK14
  7763 ;;      Params:         1       0       0       0       0       0       0       0       0       0       0       0       
      +0       0       0       0
  7764 ;;      Locals:         3       0       0       0       0       0       0       0       0       0       0       0       
      +0       0       0       0
  7765 ;;      Temps:          1       0       0       0       0       0       0       0       0       0       0       0       
      +0       0       0       0
  7766 ;;      Totals:         5       0       0       0       0       0       0       0       0       0       0       0       
      +0       0       0       0
  7767 ;;Total ram usage:        5 bytes
  7768 ;; Hardware stack levels used: 1
  7769 ;; Hardware stack levels required when called: 1
  7770 ;; This function calls:
  7771 ;;		_LIN_calcParity
  7772 ;;		_LIN_getChecksum
  7773 ;;		_memcpy
  7774 ;;		_memset
  7775 ;; This function is called by:
  7776 ;;		_LIN_sendPeriodicTx
  7777 ;; This function uses a non-reentrant model
  7778 ;;
  7779                           
  7780                           	psect	text29
  7781   00119E                     __ptext29:
  7782                           	callstack 0
  7783   00119E                     _LIN_queuePacket:
  7784                           	callstack 20
  7785                           
  7786                           ;incstack = 0
  7787                           ;LIN_queuePacket@cmd stored from wreg
  7788   00119E  6E47               	movwf	LIN_queuePacket@cmd^0,c
  7789   0011A0                     
  7790                           ;mcc_generated_files/LINDrivers/lin_master.c: 71:     const lin_cmd_packet_t* tempSchedu
      +                          le = schedule;
  7791   0011A0  C023  F049         	movff	_schedule,LIN_queuePacket@tempSchedule
  7792                           
  7793                           ;mcc_generated_files/LINDrivers/lin_master.c: 73:     for(uint8_t i = 0; i < scheduleLen
      +                          gth; i++){
  7794   0011A4  6A48               	clrf	LIN_queuePacket@i^0,c
  7795   0011A6  EFE8  F008         	goto	i2l2710
  7796   0011AA                     i2l2702:
  7797                           
  7798                           ;mcc_generated_files/LINDrivers/lin_master.c: 74:         if(cmd == tempSchedule->cmd){
  7799   0011AA  C049  FFF6         	movff	LIN_queuePacket@tempSchedule,tblptrl
  7800   0011AE                     	if	1	;There is more than 1 active tblptr byte
  7801   0011AE  0E10               	movlw	high __smallconst
  7802   0011B0  6EF7               	movwf	tblptrh,c
  7803   0011B2                     	endif
  7804   0011B2                     	if	0	;tblptru may be non-zero
  7805   0011B2                     	endif
  7806   0011B2                     	if	0	;tblptru may be non-zero
  7807   0011B2                     	endif
  7808   0011B2  0008               	tblrd		*
  7809   0011B4  50F5               	movf	tablat,w,c
  7810   0011B6  1847               	xorwf	LIN_queuePacket@cmd^0,w,c
  7811   0011B8  A4D8               	btfss	status,2,c
  7812   0011BA  EFE1  F008         	goto	i2u134_41
  7813   0011BE  EFE3  F008         	goto	i2u134_40
  7814   0011C2                     i2u134_41:
  7815   0011C2  EFE5  F008         	goto	i2l2706
  7816   0011C6                     i2u134_40:
  7817   0011C6  EFF1  F008         	goto	i2l2712
  7818   0011CA                     i2l2706:
  7819                           
  7820                           ;mcc_generated_files/LINDrivers/lin_master.c: 77:         tempSchedule++;
  7821   0011CA  0E06               	movlw	6
  7822   0011CC  2649               	addwf	LIN_queuePacket@tempSchedule^0,f,c
  7823   0011CE                     
  7824                           ;mcc_generated_files/LINDrivers/lin_master.c: 78:     }
  7825   0011CE  2A48               	incf	LIN_queuePacket@i^0,f,c
  7826   0011D0                     i2l2710:
  7827   0011D0  5022               	movf	_scheduleLength^0,w,c
  7828   0011D2  5C48               	subwf	LIN_queuePacket@i^0,w,c
  7829   0011D4  A0D8               	btfss	status,0,c
  7830   0011D6  EFEF  F008         	goto	i2u135_41
  7831   0011DA  EFF1  F008         	goto	i2u135_40
  7832   0011DE                     i2u135_41:
  7833   0011DE  EFD5  F008         	goto	i2l2702
  7834   0011E2                     i2u135_40:
  7835   0011E2                     i2l2712:
  7836                           
  7837                           ;mcc_generated_files/LINDrivers/lin_master.c: 81:     memset(LIN_packet.rawPacket, 0, si
      +                          zeof(LIN_packet.rawPacket));
  7838   0011E2  0E31               	movlw	low _LIN_packet
  7839   0011E4  6E3E               	movwf	memset@dest^0,c
  7840   0011E6  6A40               	clrf	(memset@c+1)^0,c
  7841   0011E8  0E00               	movlw	0
  7842   0011EA  6E3F               	movwf	memset@c^0,c
  7843   0011EC  6A42               	clrf	(memset@n+1)^0,c
  7844   0011EE  0E0B               	movlw	11
  7845   0011F0  6E41               	movwf	memset@n^0,c
  7846   0011F2  EC6D  F00B         	call	_memset	;wreg free
  7847   0011F6                     
  7848                           ;mcc_generated_files/LINDrivers/lin_master.c: 84:     LIN_packet.PID = LIN_calcParity(te
      +                          mpSchedule->cmd);
  7849   0011F6  C049  FFF6         	movff	LIN_queuePacket@tempSchedule,tblptrl
  7850   0011FA                     	if	1	;There is more than 1 active tblptr byte
  7851   0011FA  0E10               	movlw	high __smallconst
  7852   0011FC  6EF7               	movwf	tblptrh,c
  7853   0011FE                     	endif
  7854   0011FE                     	if	0	;tblptru may be non-zero
  7855   0011FE                     	endif
  7856   0011FE                     	if	0	;tblptru may be non-zero
  7857   0011FE                     	endif
  7858   0011FE  0008               	tblrd		*
  7859   001200  50F5               	movf	tablat,w,c
  7860   001202  EC0A  F008         	call	_LIN_calcParity
  7861   001206  6E31               	movwf	_LIN_packet^0,c
  7862   001208                     
  7863                           ;mcc_generated_files/LINDrivers/lin_master.c: 86:     if(tempSchedule->type == TRANSMIT)
      +                          {
  7864   001208  C049  F046         	movff	LIN_queuePacket@tempSchedule,??_LIN_queuePacket
  7865   00120C  0E01               	movlw	1
  7866   00120E  2646               	addwf	??_LIN_queuePacket^0,f,c
  7867   001210  C046  FFF6         	movff	??_LIN_queuePacket,tblptrl
  7868   001214                     	if	1	;There is more than 1 active tblptr byte
  7869   001214  0E10               	movlw	high __smallconst
  7870   001216  6EF7               	movwf	tblptrh,c
  7871   001218                     	endif
  7872   001218                     	if	0	;tblptru may be non-zero
  7873   001218                     	endif
  7874   001218                     	if	0	;tblptru may be non-zero
  7875   001218                     	endif
  7876   001218  0008               	tblrd		*
  7877   00121A  50F5               	movf	tablat,w,c
  7878   00121C  0900               	iorlw	0
  7879   00121E  A4D8               	btfss	status,2,c
  7880   001220  EF14  F009         	goto	i2u136_41
  7881   001224  EF16  F009         	goto	i2u136_40
  7882   001228                     i2u136_41:
  7883   001228  EF53  F009         	goto	i2l2728
  7884   00122C                     i2u136_40:
  7885   00122C                     
  7886                           ;mcc_generated_files/LINDrivers/lin_master.c: 89:         if(tempSchedule->length > 0){
  7887   00122C  C049  F046         	movff	LIN_queuePacket@tempSchedule,??_LIN_queuePacket
  7888   001230  0E02               	movlw	2
  7889   001232  2646               	addwf	??_LIN_queuePacket^0,f,c
  7890   001234  C046  FFF6         	movff	??_LIN_queuePacket,tblptrl
  7891   001238                     	if	1	;There is more than 1 active tblptr byte
  7892   001238  0E10               	movlw	high __smallconst
  7893   00123A  6EF7               	movwf	tblptrh,c
  7894   00123C                     	endif
  7895   00123C                     	if	0	;tblptru may be non-zero
  7896   00123C                     	endif
  7897   00123C                     	if	0	;tblptru may be non-zero
  7898   00123C                     	endif
  7899   00123C  0008               	tblrd		*
  7900   00123E  50F5               	movf	tablat,w,c
  7901   001240  0900               	iorlw	0
  7902   001242  B4D8               	btfsc	status,2,c
  7903   001244  EF26  F009         	goto	i2u137_41
  7904   001248  EF28  F009         	goto	i2u137_40
  7905   00124C                     i2u137_41:
  7906   00124C  EF47  F009         	goto	i2l2724
  7907   001250                     i2u137_40:
  7908   001250                     
  7909                           ;mcc_generated_files/LINDrivers/lin_master.c: 90:             LIN_packet.length = tempSc
      +                          hedule->length;
  7910   001250  C049  F046         	movff	LIN_queuePacket@tempSchedule,??_LIN_queuePacket
  7911   001254  0E02               	movlw	2
  7912   001256  2646               	addwf	??_LIN_queuePacket^0,f,c
  7913   001258  C046  FFF6         	movff	??_LIN_queuePacket,tblptrl
  7914   00125C                     	if	1	;There is more than 1 active tblptr byte
  7915   00125C  0E10               	movlw	high __smallconst
  7916   00125E  6EF7               	movwf	tblptrh,c
  7917   001260                     	endif
  7918   001260                     	if	0	;tblptru may be non-zero
  7919   001260                     	endif
  7920   001260                     	if	0	;tblptru may be non-zero
  7921   001260                     	endif
  7922   001260  0008               	tblrd		*
  7923   001262  CFF5 F03B          	movff	tablat,_LIN_packet+10
  7924   001266                     
  7925                           ;mcc_generated_files/LINDrivers/lin_master.c: 91:             memcpy(LIN_packet.data, da
      +                          ta, tempSchedule->length);
  7926   001266  0E32               	movlw	low (_LIN_packet+1)
  7927   001268  6E3E               	movwf	memcpy@d1^0,c
  7928   00126A  C045  F03F         	movff	LIN_queuePacket@data,memcpy@s1
  7929   00126E  C049  F046         	movff	LIN_queuePacket@tempSchedule,??_LIN_queuePacket
  7930   001272  0E02               	movlw	2
  7931   001274  2646               	addwf	??_LIN_queuePacket^0,f,c
  7932   001276  C046  FFF6         	movff	??_LIN_queuePacket,tblptrl
  7933   00127A                     	if	1	;There is more than 1 active tblptr byte
  7934   00127A  0E10               	movlw	high __smallconst
  7935   00127C  6EF7               	movwf	tblptrh,c
  7936   00127E                     	endif
  7937   00127E                     	if	0	;tblptru may be non-zero
  7938   00127E                     	endif
  7939   00127E                     	if	0	;tblptru may be non-zero
  7940   00127E                     	endif
  7941   00127E  0008               	tblrd		*
  7942   001280  50F5               	movf	tablat,w,c
  7943   001282  6E40               	movwf	memcpy@n^0,c
  7944   001284  6A41               	clrf	(memcpy@n+1)^0,c
  7945   001286  ECFB  F00A         	call	_memcpy	;wreg free
  7946                           
  7947                           ;mcc_generated_files/LINDrivers/lin_master.c: 92:         } else {
  7948   00128A  EF4B  F009         	goto	i2l2726
  7949   00128E                     i2l2724:
  7950                           
  7951                           ;mcc_generated_files/LINDrivers/lin_master.c: 93:             LIN_packet.length = 1;
  7952   00128E  0E01               	movlw	1
  7953   001290  6E3B               	movwf	(_LIN_packet+10)^0,c
  7954                           
  7955                           ;mcc_generated_files/LINDrivers/lin_master.c: 94:             LIN_packet.data[0] = 0xAA;
  7956   001292  0EAA               	movlw	170
  7957   001294  6E32               	movwf	(_LIN_packet+1)^0,c
  7958   001296                     i2l2726:
  7959                           
  7960                           ;mcc_generated_files/LINDrivers/lin_master.c: 98:         LIN_packet.checksum = LIN_getC
      +                          hecksum(LIN_packet.length, LIN_packet.data);
  7961   001296  0E32               	movlw	low (_LIN_packet+1)
  7962   001298  6E3E               	movwf	LIN_getChecksum@data^0,c
  7963   00129A  503B               	movf	(_LIN_packet+10)^0,w,c
  7964   00129C  ECA5  F00A         	call	_LIN_getChecksum
  7965   0012A0  6E3A               	movwf	(_LIN_packet+9)^0,c
  7966                           
  7967                           ;mcc_generated_files/LINDrivers/lin_master.c: 100:     } else {
  7968   0012A2  EF70  F009         	goto	i2l2734
  7969   0012A6                     i2l2728:
  7970                           
  7971                           ;mcc_generated_files/LINDrivers/lin_master.c: 101:         LIN_rxPacket.rxLength = tempS
      +                          chedule->length;
  7972   0012A6  C049  F046         	movff	LIN_queuePacket@tempSchedule,??_LIN_queuePacket
  7973   0012AA  0E02               	movlw	2
  7974   0012AC  2646               	addwf	??_LIN_queuePacket^0,f,c
  7975   0012AE  C046  FFF6         	movff	??_LIN_queuePacket,tblptrl
  7976   0012B2                     	if	1	;There is more than 1 active tblptr byte
  7977   0012B2  0E10               	movlw	high __smallconst
  7978   0012B4  6EF7               	movwf	tblptrh,c
  7979   0012B6                     	endif
  7980   0012B6                     	if	0	;tblptru may be non-zero
  7981   0012B6                     	endif
  7982   0012B6                     	if	0	;tblptru may be non-zero
  7983   0012B6                     	endif
  7984   0012B6  0008               	tblrd		*
  7985   0012B8  CFF5 F026          	movff	tablat,_LIN_rxPacket+1
  7986   0012BC                     
  7987                           ;mcc_generated_files/LINDrivers/lin_master.c: 102:         LIN_rxPacket.cmd = tempSchedu
      +                          le->cmd;
  7988   0012BC  C049  FFF6         	movff	LIN_queuePacket@tempSchedule,tblptrl
  7989   0012C0                     	if	1	;There is more than 1 active tblptr byte
  7990   0012C0  0E10               	movlw	high __smallconst
  7991   0012C2  6EF7               	movwf	tblptrh,c
  7992   0012C4                     	endif
  7993   0012C4                     	if	0	;tblptru may be non-zero
  7994   0012C4                     	endif
  7995   0012C4                     	if	0	;tblptru may be non-zero
  7996   0012C4                     	endif
  7997   0012C4  0008               	tblrd		*
  7998   0012C6  CFF5 F025          	movff	tablat,_LIN_rxPacket
  7999   0012CA                     
  8000                           ;mcc_generated_files/LINDrivers/lin_master.c: 103:         LIN_rxPacket.timeout = tempSc
      +                          hedule->timeout;
  8001   0012CA  C049  F046         	movff	LIN_queuePacket@tempSchedule,??_LIN_queuePacket
  8002   0012CE  0E03               	movlw	3
  8003   0012D0  2646               	addwf	??_LIN_queuePacket^0,f,c
  8004   0012D2  C046  FFF6         	movff	??_LIN_queuePacket,tblptrl
  8005   0012D6                     	if	1	;There is more than 1 active tblptr byte
  8006   0012D6  0E10               	movlw	high __smallconst
  8007   0012D8  6EF7               	movwf	tblptrh,c
  8008   0012DA                     	endif
  8009   0012DA                     	if	0	;tblptru may be non-zero
  8010   0012DA                     	endif
  8011   0012DA                     	if	0	;tblptru may be non-zero
  8012   0012DA                     	endif
  8013   0012DA  0008               	tblrd		*
  8014   0012DC  CFF5 F030          	movff	tablat,_LIN_rxPacket+11
  8015   0012E0                     i2l2734:
  8016                           
  8017                           ;mcc_generated_files/LINDrivers/lin_master.c: 106:     LIN_txReady = 1;
  8018   0012E0  0E01               	movlw	1
  8019   0012E2  6E24               	movwf	_LIN_txReady^0,c
  8020   0012E4  0012               	return		;funcret
  8021   0012E6                     __end_of_LIN_queuePacket:
  8022                           	callstack 0
  8023                           
  8024 ;; *************** function _memset *****************
  8025 ;; Defined at:
  8026 ;;		line 3 in file "/opt/microchip/xc8/v3.10/pic/sources/c99/common/memset.c"
  8027 ;; Parameters:    Size  Location     Type
  8028 ;;  dest            1    0[COMRAM] PTR void 
  8029 ;;		 -> LIN_rxPacket(12), LIN_packet(11), 
  8030 ;;  c               2    1[COMRAM] int 
  8031 ;;  n               2    3[COMRAM] unsigned int 
  8032 ;; Auto vars:     Size  Location     Type
  8033 ;;  p               1    5[COMRAM] PTR unsigned char 
  8034 ;;		 -> LIN_rxPacket(12), LIN_packet(11), 
  8035 ;; Return value:  Size  Location     Type
  8036 ;;                  1    0[COMRAM] PTR void 
  8037 ;; Registers used:
  8038 ;;		wreg, fsr2l, fsr2h, status,2, status,0
  8039 ;; Tracked objects:
  8040 ;;		On entry : 0/0
  8041 ;;		On exit  : 0/0
  8042 ;;		Unchanged: 0/0
  8043 ;; Data sizes:     COMRAM   BANK0   BANK1   BANK2   BANK3   BANK4   BANK5   BANK6   BANK7   BANK8   BANK9  BANK10  BANK1
      +1  BANK12  BANK13  BANK14
  8044 ;;      Params:         5       0       0       0       0       0       0       0       0       0       0       0       
      +0       0       0       0
  8045 ;;      Locals:         1       0       0       0       0       0       0       0       0       0       0       0       
      +0       0       0       0
  8046 ;;      Temps:          0       0       0       0       0       0       0       0       0       0       0       0       
      +0       0       0       0
  8047 ;;      Totals:         6       0       0       0       0       0       0       0       0       0       0       0       
      +0       0       0       0
  8048 ;;Total ram usage:        6 bytes
  8049 ;; Hardware stack levels used: 1
  8050 ;; This function calls:
  8051 ;;		Nothing
  8052 ;; This function is called by:
  8053 ;;		_LIN_queuePacket
  8054 ;;		_LIN_handler
  8055 ;;		_LIN_getPacket
  8056 ;; This function uses a non-reentrant model
  8057 ;;
  8058                           
  8059                           	psect	text30
  8060   0016DA                     __ptext30:
  8061                           	callstack 0
  8062   0016DA                     _memset:
  8063                           	callstack 20
  8064   0016DA  C03E  F043         	movff	memset@dest,memset@p
  8065   0016DE  EF77  F00B         	goto	i2l2642
  8066   0016E2                     i2l2638:
  8067   0016E2  5043               	movf	memset@p^0,w,c
  8068   0016E4  6ED9               	movwf	fsr2l,c
  8069   0016E6  6ADA               	clrf	fsr2h,c
  8070   0016E8  C03F  FFDF         	movff	memset@c,indf2
  8071   0016EC  2A43               	incf	memset@p^0,f,c
  8072   0016EE                     i2l2642:
  8073   0016EE  0641               	decf	memset@n^0,f,c
  8074   0016F0  A0D8               	btfss	status,0,c
  8075   0016F2  0642               	decf	(memset@n+1)^0,f,c
  8076   0016F4  2841               	incf	memset@n^0,w,c
  8077   0016F6  E106               	bnz	i2u105_41
  8078   0016F8  2842               	incf	(memset@n+1)^0,w,c
  8079   0016FA  A4D8               	btfss	status,2,c
  8080   0016FC  EF82  F00B         	goto	i2u105_41
  8081   001700  EF84  F00B         	goto	i2u105_40
  8082   001704                     i2u105_41:
  8083   001704  EF71  F00B         	goto	i2l2638
  8084   001708                     i2u105_40:
  8085   001708  0012               	return		;funcret
  8086   00170A                     __end_of_memset:
  8087                           	callstack 0
  8088                           
  8089 ;; *************** function _memcpy *****************
  8090 ;; Defined at:
  8091 ;;		line 4 in file "/opt/microchip/xc8/v3.10/pic/sources/c99/common/memcpy.c"
  8092 ;; Parameters:    Size  Location     Type
  8093 ;;  d1              1    0[COMRAM] PTR void 
  8094 ;;		 -> processLIN@tempRxData(8), LIN_packet(11), 
  8095 ;;  s1              1    1[COMRAM] PTR const void 
  8096 ;;		 -> LFRX_Data(8), RSSI_Data(1), UNLOCK_Data(1), LIN_rxPacket$data(8), 
  8097 ;;		 -> LIN_rxPacket(12), 
  8098 ;;  n               2    2[COMRAM] unsigned int 
  8099 ;; Auto vars:     Size  Location     Type
  8100 ;;  s               1    6[COMRAM] PTR const unsigned char 
  8101 ;;		 -> LFRX_Data(8), RSSI_Data(1), UNLOCK_Data(1), LIN_rxPacket$data(8), 
  8102 ;;		 -> LIN_rxPacket(12), 
  8103 ;;  d               1    5[COMRAM] PTR unsigned char 
  8104 ;;		 -> processLIN@tempRxData(8), LIN_packet(11), 
  8105 ;;  tmp             1    4[COMRAM] unsigned char 
  8106 ;; Return value:  Size  Location     Type
  8107 ;;                  1    0[COMRAM] PTR void 
  8108 ;; Registers used:
  8109 ;;		wreg, fsr2l, fsr2h, status,2, status,0
  8110 ;; Tracked objects:
  8111 ;;		On entry : 0/0
  8112 ;;		On exit  : 0/0
  8113 ;;		Unchanged: 0/0
  8114 ;; Data sizes:     COMRAM   BANK0   BANK1   BANK2   BANK3   BANK4   BANK5   BANK6   BANK7   BANK8   BANK9  BANK10  BANK1
      +1  BANK12  BANK13  BANK14
  8115 ;;      Params:         4       0       0       0       0       0       0       0       0       0       0       0       
      +0       0       0       0
  8116 ;;      Locals:         3       0       0       0       0       0       0       0       0       0       0       0       
      +0       0       0       0
  8117 ;;      Temps:          0       0       0       0       0       0       0       0       0       0       0       0       
      +0       0       0       0
  8118 ;;      Totals:         7       0       0       0       0       0       0       0       0       0       0       0       
      +0       0       0       0
  8119 ;;Total ram usage:        7 bytes
  8120 ;; Hardware stack levels used: 1
  8121 ;; This function calls:
  8122 ;;		Nothing
  8123 ;; This function is called by:
  8124 ;;		_LIN_queuePacket
  8125 ;;		_LIN_getPacket
  8126 ;; This function uses a non-reentrant model
  8127 ;;
  8128                           
  8129                           	psect	text31
  8130   0015F6                     __ptext31:
  8131                           	callstack 0
  8132   0015F6                     _memcpy:
  8133                           	callstack 20
  8134   0015F6  C03F  F044         	movff	memcpy@s1,memcpy@s
  8135   0015FA  C03E  F043         	movff	memcpy@d1,memcpy@d
  8136   0015FE  EF0D  F00B         	goto	i2l2672
  8137   001602                     i2l2666:
  8138   001602  5044               	movf	memcpy@s^0,w,c
  8139   001604  6ED9               	movwf	fsr2l,c
  8140   001606  6ADA               	clrf	fsr2h,c
  8141   001608  50DF               	movf	indf2,w,c
  8142   00160A  6E42               	movwf	memcpy@tmp^0,c
  8143   00160C  2A44               	incf	memcpy@s^0,f,c
  8144   00160E  5043               	movf	memcpy@d^0,w,c
  8145   001610  6ED9               	movwf	fsr2l,c
  8146   001612  6ADA               	clrf	fsr2h,c
  8147   001614  C042  FFDF         	movff	memcpy@tmp,indf2
  8148   001618  2A43               	incf	memcpy@d^0,f,c
  8149   00161A                     i2l2672:
  8150   00161A  0640               	decf	memcpy@n^0,f,c
  8151   00161C  A0D8               	btfss	status,0,c
  8152   00161E  0641               	decf	(memcpy@n+1)^0,f,c
  8153   001620  2840               	incf	memcpy@n^0,w,c
  8154   001622  E106               	bnz	i2u131_41
  8155   001624  2841               	incf	(memcpy@n+1)^0,w,c
  8156   001626  A4D8               	btfss	status,2,c
  8157   001628  EF18  F00B         	goto	i2u131_41
  8158   00162C  EF1A  F00B         	goto	i2u131_40
  8159   001630                     i2u131_41:
  8160   001630  EF01  F00B         	goto	i2l2666
  8161   001634                     i2u131_40:
  8162   001634  0012               	return		;funcret
  8163   001636                     __end_of_memcpy:
  8164                           	callstack 0
  8165                           
  8166 ;; *************** function _LIN_getChecksum *****************
  8167 ;; Defined at:
  8168 ;;		line 230 in file "mcc_generated_files/LINDrivers/lin_master.c"
  8169 ;; Parameters:    Size  Location     Type
  8170 ;;  length          1    wreg     unsigned char 
  8171 ;;  data            1    0[COMRAM] PTR unsigned char 
  8172 ;;		 -> LIN_rxPacket(12), LIN_packet(11), 
  8173 ;; Auto vars:     Size  Location     Type
  8174 ;;  length          1    2[COMRAM] unsigned char 
  8175 ;;  i               1    3[COMRAM] unsigned char 
  8176 ;;  checksum        2    4[COMRAM] unsigned short 
  8177 ;; Return value:  Size  Location     Type
  8178 ;;                  1    wreg      unsigned char 
  8179 ;; Registers used:
  8180 ;;		wreg, fsr2l, fsr2h, status,2, status,0
  8181 ;; Tracked objects:
  8182 ;;		On entry : 0/0
  8183 ;;		On exit  : 0/0
  8184 ;;		Unchanged: 0/0
  8185 ;; Data sizes:     COMRAM   BANK0   BANK1   BANK2   BANK3   BANK4   BANK5   BANK6   BANK7   BANK8   BANK9  BANK10  BANK1
      +1  BANK12  BANK13  BANK14
  8186 ;;      Params:         1       0       0       0       0       0       0       0       0       0       0       0       
      +0       0       0       0
  8187 ;;      Locals:         4       0       0       0       0       0       0       0       0       0       0       0       
      +0       0       0       0
  8188 ;;      Temps:          1       0       0       0       0       0       0       0       0       0       0       0       
      +0       0       0       0
  8189 ;;      Totals:         6       0       0       0       0       0       0       0       0       0       0       0       
      +0       0       0       0
  8190 ;;Total ram usage:        6 bytes
  8191 ;; Hardware stack levels used: 1
  8192 ;; This function calls:
  8193 ;;		Nothing
  8194 ;; This function is called by:
  8195 ;;		_LIN_queuePacket
  8196 ;;		_LIN_receivePacket
  8197 ;; This function uses a non-reentrant model
  8198 ;;
  8199                           
  8200                           	psect	text32
  8201   00154A                     __ptext32:
  8202                           	callstack 0
  8203   00154A                     _LIN_getChecksum:
  8204                           	callstack 20
  8205                           
  8206                           ;incstack = 0
  8207                           ;LIN_getChecksum@length stored from wreg
  8208   00154A  6E40               	movwf	LIN_getChecksum@length^0,c
  8209   00154C                     
  8210                           ;mcc_generated_files/LINDrivers/lin_master.c: 231:     uint16_t checksum = 0;
  8211   00154C  6A43               	clrf	(LIN_getChecksum@checksum+1)^0,c
  8212   00154E  0E00               	movlw	0
  8213   001550  6E42               	movwf	LIN_getChecksum@checksum^0,c
  8214   001552                     
  8215                           ;mcc_generated_files/LINDrivers/lin_master.c: 233:     for (uint8_t i = 0; i < length; i
      +                          ++){
  8216   001552  6A41               	clrf	LIN_getChecksum@i^0,c
  8217   001554  EFC5  F00A         	goto	i2l2688
  8218   001558                     i2l2678:
  8219                           
  8220                           ;mcc_generated_files/LINDrivers/lin_master.c: 234:         checksum = checksum + *data++
      +                          ;
  8221   001558  503E               	movf	LIN_getChecksum@data^0,w,c
  8222   00155A  6ED9               	movwf	fsr2l,c
  8223   00155C  6ADA               	clrf	fsr2h,c
  8224   00155E  50DF               	movf	indf2,w,c
  8225   001560  6E3F               	movwf	??_LIN_getChecksum^0,c
  8226   001562  503F               	movf	??_LIN_getChecksum^0,w,c
  8227   001564  2442               	addwf	LIN_getChecksum@checksum^0,w,c
  8228   001566  6E42               	movwf	LIN_getChecksum@checksum^0,c
  8229   001568  0E00               	movlw	0
  8230   00156A  2043               	addwfc	(LIN_getChecksum@checksum+1)^0,w,c
  8231   00156C  6E43               	movwf	(LIN_getChecksum@checksum+1)^0,c
  8232   00156E  2A3E               	incf	LIN_getChecksum@data^0,f,c
  8233   001570                     
  8234                           ;mcc_generated_files/LINDrivers/lin_master.c: 235:         if(checksum > 0xFF)
  8235   001570  0443               	decf	(LIN_getChecksum@checksum+1)^0,w,c
  8236   001572  A0D8               	btfss	status,0,c
  8237   001574  EFBE  F00A         	goto	i2u132_41
  8238   001578  EFC0  F00A         	goto	i2u132_40
  8239   00157C                     i2u132_41:
  8240   00157C  EFC4  F00A         	goto	i2l2686
  8241   001580                     i2u132_40:
  8242   001580                     
  8243                           ;mcc_generated_files/LINDrivers/lin_master.c: 236:             checksum -= 0xFF;
  8244   001580  0EFF               	movlw	255
  8245   001582  5E42               	subwf	LIN_getChecksum@checksum^0,f,c
  8246   001584  0E00               	movlw	0
  8247   001586  5A43               	subwfb	(LIN_getChecksum@checksum+1)^0,f,c
  8248   001588                     i2l2686:
  8249                           
  8250                           ;mcc_generated_files/LINDrivers/lin_master.c: 237:     }
  8251   001588  2A41               	incf	LIN_getChecksum@i^0,f,c
  8252   00158A                     i2l2688:
  8253   00158A  5040               	movf	LIN_getChecksum@length^0,w,c
  8254   00158C  5C41               	subwf	LIN_getChecksum@i^0,w,c
  8255   00158E  A0D8               	btfss	status,0,c
  8256   001590  EFCC  F00A         	goto	i2u133_41
  8257   001594  EFCE  F00A         	goto	i2u133_40
  8258   001598                     i2u133_41:
  8259   001598  EFAC  F00A         	goto	i2l2678
  8260   00159C                     i2u133_40:
  8261   00159C                     
  8262                           ;mcc_generated_files/LINDrivers/lin_master.c: 238:     checksum = ~checksum;
  8263   00159C  1E42               	comf	LIN_getChecksum@checksum^0,f,c
  8264   00159E  1E43               	comf	(LIN_getChecksum@checksum+1)^0,f,c
  8265   0015A0                     
  8266                           ;mcc_generated_files/LINDrivers/lin_master.c: 240:     return (uint8_t)checksum;
  8267   0015A0  5042               	movf	LIN_getChecksum@checksum^0,w,c
  8268   0015A2  0012               	return		;funcret
  8269   0015A4                     __end_of_LIN_getChecksum:
  8270                           	callstack 0
  8271                           
  8272 ;; *************** function _LIN_calcParity *****************
  8273 ;; Defined at:
  8274 ;;		line 212 in file "mcc_generated_files/LINDrivers/lin_master.c"
  8275 ;; Parameters:    Size  Location     Type
  8276 ;;  CMD             1    wreg     unsigned char 
  8277 ;; Auto vars:     Size  Location     Type
  8278 ;;  CMD             1    1[COMRAM] unsigned char 
  8279 ;;  PID             1    2[COMRAM] struct .
  8280 ;; Return value:  Size  Location     Type
  8281 ;;                  1    wreg      unsigned char 
  8282 ;; Registers used:
  8283 ;;		wreg, status,2, status,0
  8284 ;; Tracked objects:
  8285 ;;		On entry : 0/0
  8286 ;;		On exit  : 0/0
  8287 ;;		Unchanged: 0/0
  8288 ;; Data sizes:     COMRAM   BANK0   BANK1   BANK2   BANK3   BANK4   BANK5   BANK6   BANK7   BANK8   BANK9  BANK10  BANK1
      +1  BANK12  BANK13  BANK14
  8289 ;;      Params:         0       0       0       0       0       0       0       0       0       0       0       0       
      +0       0       0       0
  8290 ;;      Locals:         2       0       0       0       0       0       0       0       0       0       0       0       
      +0       0       0       0
  8291 ;;      Temps:          1       0       0       0       0       0       0       0       0       0       0       0       
      +0       0       0       0
  8292 ;;      Totals:         3       0       0       0       0       0       0       0       0       0       0       0       
      +0       0       0       0
  8293 ;;Total ram usage:        3 bytes
  8294 ;; Hardware stack levels used: 1
  8295 ;; This function calls:
  8296 ;;		Nothing
  8297 ;; This function is called by:
  8298 ;;		_LIN_queuePacket
  8299 ;; This function uses a non-reentrant model
  8300 ;;
  8301                           
  8302                           	psect	text33
  8303   001014                     __ptext33:
  8304                           	callstack 0
  8305   001014                     _LIN_calcParity:
  8306                           	callstack 20
  8307                           
  8308                           ;incstack = 0
  8309                           ;LIN_calcParity@CMD stored from wreg
  8310   001014  6E3F               	movwf	LIN_calcParity@CMD^0,c
  8311   001016                     
  8312                           ;mcc_generated_files/LINDrivers/lin_master.c: 213:     lin_pid_t PID;;mcc_generated_file
      +                          s/LINDrivers/lin_master.c: 214:     PID.rawPID = CMD;
  8313   001016  C03F  F040         	movff	LIN_calcParity@CMD,LIN_calcParity@PID
  8314   00101A                     
  8315                           ;mcc_generated_files/LINDrivers/lin_master.c: 219:     PID.P0 = PID.ID0 ^ PID.ID1;
  8316   00101A  B240               	btfsc	LIN_calcParity@PID^0,1,c
  8317   00101C  EF12  F008         	goto	i2u106_41
  8318   001020  EF15  F008         	goto	i2u106_40
  8319   001024                     i2u106_41:
  8320   001024  0E01               	movlw	1
  8321   001026  EF16  F008         	goto	i2u106_42
  8322   00102A                     i2u106_40:
  8323   00102A  0E00               	movlw	0
  8324   00102C                     i2u106_42:
  8325   00102C  6E3E               	movwf	??_LIN_calcParity^0,c
  8326   00102E  B040               	btfsc	LIN_calcParity@PID^0,0,c
  8327   001030  EF1C  F008         	goto	i2u107_41
  8328   001034  EF1F  F008         	goto	i2u107_40
  8329   001038                     i2u107_41:
  8330   001038  0E01               	movlw	1
  8331   00103A  EF20  F008         	goto	i2u107_42
  8332   00103E                     i2u107_40:
  8333   00103E  0E00               	movlw	0
  8334   001040                     i2u107_42:
  8335   001040  1A3E               	xorwf	??_LIN_calcParity^0,f,c
  8336   001042  A4D8               	btfss	status,2,c
  8337   001044  EF26  F008         	goto	i2u108_41
  8338   001048  EF29  F008         	goto	i2u108_40
  8339   00104C                     i2u108_41:
  8340   00104C  8C40               	bsf	LIN_calcParity@PID^0,6,c
  8341   00104E  EF2A  F008         	goto	i2u109_45
  8342   001052                     i2u108_40:
  8343   001052  9C40               	bcf	LIN_calcParity@PID^0,6,c
  8344   001054                     i2u109_45:
  8345   001054                     
  8346                           ;mcc_generated_files/LINDrivers/lin_master.c: 220:     PID.P0 = PID.P0 ^ PID.ID2;
  8347   001054  B440               	btfsc	LIN_calcParity@PID^0,2,c
  8348   001056  EF2F  F008         	goto	i2u110_41
  8349   00105A  EF32  F008         	goto	i2u110_40
  8350   00105E                     i2u110_41:
  8351   00105E  0E01               	movlw	1
  8352   001060  EF33  F008         	goto	i2u110_42
  8353   001064                     i2u110_40:
  8354   001064  0E00               	movlw	0
  8355   001066                     i2u110_42:
  8356   001066  6E3E               	movwf	??_LIN_calcParity^0,c
  8357   001068  BC40               	btfsc	LIN_calcParity@PID^0,6,c
  8358   00106A  EF39  F008         	goto	i2u111_41
  8359   00106E  EF3C  F008         	goto	i2u111_40
  8360   001072                     i2u111_41:
  8361   001072  0E01               	movlw	1
  8362   001074  EF3D  F008         	goto	i2u111_42
  8363   001078                     i2u111_40:
  8364   001078  0E00               	movlw	0
  8365   00107A                     i2u111_42:
  8366   00107A  1A3E               	xorwf	??_LIN_calcParity^0,f,c
  8367   00107C  A4D8               	btfss	status,2,c
  8368   00107E  EF43  F008         	goto	i2u112_41
  8369   001082  EF46  F008         	goto	i2u112_40
  8370   001086                     i2u112_41:
  8371   001086  8C40               	bsf	LIN_calcParity@PID^0,6,c
  8372   001088  EF47  F008         	goto	i2u113_45
  8373   00108C                     i2u112_40:
  8374   00108C  9C40               	bcf	LIN_calcParity@PID^0,6,c
  8375   00108E                     i2u113_45:
  8376   00108E                     
  8377                           ;mcc_generated_files/LINDrivers/lin_master.c: 221:     PID.P0 = PID.P0 ^ PID.ID4;
  8378   00108E  B840               	btfsc	LIN_calcParity@PID^0,4,c
  8379   001090  EF4C  F008         	goto	i2u114_41
  8380   001094  EF4F  F008         	goto	i2u114_40
  8381   001098                     i2u114_41:
  8382   001098  0E01               	movlw	1
  8383   00109A  EF50  F008         	goto	i2u114_42
  8384   00109E                     i2u114_40:
  8385   00109E  0E00               	movlw	0
  8386   0010A0                     i2u114_42:
  8387   0010A0  6E3E               	movwf	??_LIN_calcParity^0,c
  8388   0010A2  BC40               	btfsc	LIN_calcParity@PID^0,6,c
  8389   0010A4  EF56  F008         	goto	i2u115_41
  8390   0010A8  EF59  F008         	goto	i2u115_40
  8391   0010AC                     i2u115_41:
  8392   0010AC  0E01               	movlw	1
  8393   0010AE  EF5A  F008         	goto	i2u115_42
  8394   0010B2                     i2u115_40:
  8395   0010B2  0E00               	movlw	0
  8396   0010B4                     i2u115_42:
  8397   0010B4  1A3E               	xorwf	??_LIN_calcParity^0,f,c
  8398   0010B6  A4D8               	btfss	status,2,c
  8399   0010B8  EF60  F008         	goto	i2u116_41
  8400   0010BC  EF63  F008         	goto	i2u116_40
  8401   0010C0                     i2u116_41:
  8402   0010C0  8C40               	bsf	LIN_calcParity@PID^0,6,c
  8403   0010C2  EF64  F008         	goto	i2u117_45
  8404   0010C6                     i2u116_40:
  8405   0010C6  9C40               	bcf	LIN_calcParity@PID^0,6,c
  8406   0010C8                     i2u117_45:
  8407   0010C8                     
  8408                           ;mcc_generated_files/LINDrivers/lin_master.c: 222:     PID.P1 = PID.ID1 ^ PID.ID3;
  8409   0010C8  B640               	btfsc	LIN_calcParity@PID^0,3,c
  8410   0010CA  EF69  F008         	goto	i2u118_41
  8411   0010CE  EF6C  F008         	goto	i2u118_40
  8412   0010D2                     i2u118_41:
  8413   0010D2  0E01               	movlw	1
  8414   0010D4  EF6D  F008         	goto	i2u118_42
  8415   0010D8                     i2u118_40:
  8416   0010D8  0E00               	movlw	0
  8417   0010DA                     i2u118_42:
  8418   0010DA  6E3E               	movwf	??_LIN_calcParity^0,c
  8419   0010DC  B240               	btfsc	LIN_calcParity@PID^0,1,c
  8420   0010DE  EF73  F008         	goto	i2u119_41
  8421   0010E2  EF76  F008         	goto	i2u119_40
  8422   0010E6                     i2u119_41:
  8423   0010E6  0E01               	movlw	1
  8424   0010E8  EF77  F008         	goto	i2u119_42
  8425   0010EC                     i2u119_40:
  8426   0010EC  0E00               	movlw	0
  8427   0010EE                     i2u119_42:
  8428   0010EE  1A3E               	xorwf	??_LIN_calcParity^0,f,c
  8429   0010F0  A4D8               	btfss	status,2,c
  8430   0010F2  EF7D  F008         	goto	i2u120_41
  8431   0010F6  EF80  F008         	goto	i2u120_40
  8432   0010FA                     i2u120_41:
  8433   0010FA  8E40               	bsf	LIN_calcParity@PID^0,7,c
  8434   0010FC  EF81  F008         	goto	i2u121_45
  8435   001100                     i2u120_40:
  8436   001100  9E40               	bcf	LIN_calcParity@PID^0,7,c
  8437   001102                     i2u121_45:
  8438   001102                     
  8439                           ;mcc_generated_files/LINDrivers/lin_master.c: 223:     PID.P1 = PID.P1 ^ PID.ID4;
  8440   001102  B840               	btfsc	LIN_calcParity@PID^0,4,c
  8441   001104  EF86  F008         	goto	i2u122_41
  8442   001108  EF89  F008         	goto	i2u122_40
  8443   00110C                     i2u122_41:
  8444   00110C  0E01               	movlw	1
  8445   00110E  EF8A  F008         	goto	i2u122_42
  8446   001112                     i2u122_40:
  8447   001112  0E00               	movlw	0
  8448   001114                     i2u122_42:
  8449   001114  6E3E               	movwf	??_LIN_calcParity^0,c
  8450   001116  BE40               	btfsc	LIN_calcParity@PID^0,7,c
  8451   001118  EF90  F008         	goto	i2u123_41
  8452   00111C  EF93  F008         	goto	i2u123_40
  8453   001120                     i2u123_41:
  8454   001120  0E01               	movlw	1
  8455   001122  EF94  F008         	goto	i2u123_42
  8456   001126                     i2u123_40:
  8457   001126  0E00               	movlw	0
  8458   001128                     i2u123_42:
  8459   001128  1A3E               	xorwf	??_LIN_calcParity^0,f,c
  8460   00112A  A4D8               	btfss	status,2,c
  8461   00112C  EF9A  F008         	goto	i2u124_41
  8462   001130  EF9D  F008         	goto	i2u124_40
  8463   001134                     i2u124_41:
  8464   001134  8E40               	bsf	LIN_calcParity@PID^0,7,c
  8465   001136  EF9E  F008         	goto	i2u125_45
  8466   00113A                     i2u124_40:
  8467   00113A  9E40               	bcf	LIN_calcParity@PID^0,7,c
  8468   00113C                     i2u125_45:
  8469   00113C                     
  8470                           ;mcc_generated_files/LINDrivers/lin_master.c: 224:     PID.P1 = PID.P1 ^ PID.ID5;
  8471   00113C  BA40               	btfsc	LIN_calcParity@PID^0,5,c
  8472   00113E  EFA3  F008         	goto	i2u126_41
  8473   001142  EFA6  F008         	goto	i2u126_40
  8474   001146                     i2u126_41:
  8475   001146  0E01               	movlw	1
  8476   001148  EFA7  F008         	goto	i2u126_42
  8477   00114C                     i2u126_40:
  8478   00114C  0E00               	movlw	0
  8479   00114E                     i2u126_42:
  8480   00114E  6E3E               	movwf	??_LIN_calcParity^0,c
  8481   001150  BE40               	btfsc	LIN_calcParity@PID^0,7,c
  8482   001152  EFAD  F008         	goto	i2u127_41
  8483   001156  EFB0  F008         	goto	i2u127_40
  8484   00115A                     i2u127_41:
  8485   00115A  0E01               	movlw	1
  8486   00115C  EFB1  F008         	goto	i2u127_42
  8487   001160                     i2u127_40:
  8488   001160  0E00               	movlw	0
  8489   001162                     i2u127_42:
  8490   001162  1A3E               	xorwf	??_LIN_calcParity^0,f,c
  8491   001164  A4D8               	btfss	status,2,c
  8492   001166  EFB7  F008         	goto	i2u128_41
  8493   00116A  EFBA  F008         	goto	i2u128_40
  8494   00116E                     i2u128_41:
  8495   00116E  8E40               	bsf	LIN_calcParity@PID^0,7,c
  8496   001170  EFBB  F008         	goto	i2u129_45
  8497   001174                     i2u128_40:
  8498   001174  9E40               	bcf	LIN_calcParity@PID^0,7,c
  8499   001176                     i2u129_45:
  8500   001176                     
  8501                           ;mcc_generated_files/LINDrivers/lin_master.c: 225:     PID.P1 = ~PID.P1;
  8502   001176  BE40               	btfsc	LIN_calcParity@PID^0,7,c
  8503   001178  EFC0  F008         	goto	i2u130_41
  8504   00117C  EFC3  F008         	goto	i2u130_40
  8505   001180                     i2u130_41:
  8506   001180  0E01               	movlw	1
  8507   001182  EFC4  F008         	goto	i2u130_46
  8508   001186                     i2u130_40:
  8509   001186  0E00               	movlw	0
  8510   001188                     i2u130_46:
  8511   001188  0AFF               	xorlw	255
  8512   00118A  6E3E               	movwf	??_LIN_calcParity^0,c
  8513   00118C  323E               	rrcf	??_LIN_calcParity^0,f,c
  8514   00118E  323E               	rrcf	??_LIN_calcParity^0,f,c
  8515   001190  5040               	movf	LIN_calcParity@PID^0,w,c
  8516   001192  183E               	xorwf	??_LIN_calcParity^0,w,c
  8517   001194  0B7F               	andlw	-129
  8518   001196  183E               	xorwf	??_LIN_calcParity^0,w,c
  8519   001198  6E40               	movwf	LIN_calcParity@PID^0,c
  8520   00119A                     
  8521                           ;mcc_generated_files/LINDrivers/lin_master.c: 227:     return PID.rawPID;
  8522   00119A  5040               	movf	LIN_calcParity@PID^0,w,c
  8523   00119C  0012               	return		;funcret
  8524   00119E                     __end_of_LIN_calcParity:
  8525                           	callstack 0
  8526                           
  8527 ;; *************** function _EUSART1_Transmit_ISR *****************
  8528 ;; Defined at:
  8529 ;;		line 197 in file "mcc_generated_files/eusart1.c"
  8530 ;; Parameters:    Size  Location     Type
  8531 ;;		None
  8532 ;; Auto vars:     Size  Location     Type
  8533 ;;		None
  8534 ;; Return value:  Size  Location     Type
  8535 ;;                  1    wreg      void 
  8536 ;; Registers used:
  8537 ;;		wreg, fsr2l, fsr2h, status,2, status,0
  8538 ;; Tracked objects:
  8539 ;;		On entry : 0/0
  8540 ;;		On exit  : 0/0
  8541 ;;		Unchanged: 0/0
  8542 ;; Data sizes:     COMRAM   BANK0   BANK1   BANK2   BANK3   BANK4   BANK5   BANK6   BANK7   BANK8   BANK9  BANK10  BANK1
      +1  BANK12  BANK13  BANK14
  8543 ;;      Params:         0       0       0       0       0       0       0       0       0       0       0       0       
      +0       0       0       0
  8544 ;;      Locals:         0       0       0       0       0       0       0       0       0       0       0       0       
      +0       0       0       0
  8545 ;;      Temps:          0       0       0       0       0       0       0       0       0       0       0       0       
      +0       0       0       0
  8546 ;;      Totals:         0       0       0       0       0       0       0       0       0       0       0       0       
      +0       0       0       0
  8547 ;;Total ram usage:        0 bytes
  8548 ;; Hardware stack levels used: 1
  8549 ;; This function calls:
  8550 ;;		Nothing
  8551 ;; This function is called by:
  8552 ;;		_EUSART1_Initialize
  8553 ;;		_INTERRUPT_InterruptManager
  8554 ;; This function uses a non-reentrant model
  8555 ;;
  8556                           
  8557                           	psect	text34
  8558   001636                     __ptext34:
  8559                           	callstack 0
  8560   001636                     _EUSART1_Transmit_ISR:
  8561                           	callstack 24
  8562   001636                     
  8563                           ;mcc_generated_files/eusart1.c: 201:     if(sizeof(eusart1TxBuffer) > eusart1TxBufferRem
      +                          aining)
  8564   001636  0E08               	movlw	8
  8565   001638  6016               	cpfslt	_eusart1TxBufferRemaining^0,c	;volatile
  8566   00163A  EF21  F00B         	goto	i2u151_41
  8567   00163E  EF23  F00B         	goto	i2u151_40
  8568   001642                     i2u151_41:
  8569   001642  EF36  F00B         	goto	i2l550
  8570   001646                     i2u151_40:
  8571   001646                     
  8572                           ;mcc_generated_files/eusart1.c: 202:     {;mcc_generated_files/eusart1.c: 203:         T
      +                          XREG1 = eusart1TxBuffer[eusart1TxTail++];
  8573   001646  5017               	movf	_eusart1TxTail^0,w,c
  8574   001648  0F68               	addlw	low _eusart1TxBuffer
  8575   00164A  6ED9               	movwf	fsr2l,c
  8576   00164C  6ADA               	clrf	fsr2h,c
  8577   00164E  50DF               	movf	indf2,w,c
  8578   001650  6EAD               	movwf	173,c	;volatile
  8579   001652  2A17               	incf	_eusart1TxTail^0,f,c	;volatile
  8580   001654                     
  8581                           ;mcc_generated_files/eusart1.c: 204:         if(sizeof(eusart1TxBuffer) <= eusart1TxTail
      +                          )
  8582   001654  0E07               	movlw	7
  8583   001656  6417               	cpfsgt	_eusart1TxTail^0,c	;volatile
  8584   001658  EF30  F00B         	goto	i2u152_41
  8585   00165C  EF32  F00B         	goto	i2u152_40
  8586   001660                     i2u152_41:
  8587   001660  EF33  F00B         	goto	i2l2972
  8588   001664                     i2u152_40:
  8589   001664                     
  8590                           ;mcc_generated_files/eusart1.c: 205:         {;mcc_generated_files/eusart1.c: 206:      
      +                                 eusart1TxTail = 0;
  8591   001664  6A17               	clrf	_eusart1TxTail^0,c	;volatile
  8592   001666                     i2l2972:
  8593                           
  8594                           ;mcc_generated_files/eusart1.c: 208:         eusart1TxBufferRemaining++;
  8595   001666  2A16               	incf	_eusart1TxBufferRemaining^0,f,c	;volatile
  8596                           
  8597                           ;mcc_generated_files/eusart1.c: 209:     }
  8598   001668  EF37  F00B         	goto	i2l553
  8599   00166C                     i2l550:
  8600                           
  8601                           ;mcc_generated_files/eusart1.c: 211:     {;mcc_generated_files/eusart1.c: 212:         P
      +                          IE1bits.TX1IE = 0;
  8602   00166C  989D               	bcf	157,4,c	;volatile
  8603   00166E                     i2l553:
  8604   00166E  0012               	return		;funcret
  8605   001670                     __end_of_EUSART1_Transmit_ISR:
  8606                           	callstack 0
  8607                           
  8608 ;; *************** function _EUSART1_Receive_ISR *****************
  8609 ;; Defined at:
  8610 ;;		line 216 in file "mcc_generated_files/eusart1.c"
  8611 ;; Parameters:    Size  Location     Type
  8612 ;;		None
  8613 ;; Auto vars:     Size  Location     Type
  8614 ;;		None
  8615 ;; Return value:  Size  Location     Type
  8616 ;;                  1    wreg      void 
  8617 ;; Registers used:
  8618 ;;		wreg, fsr2l, fsr2h, status,2, status,0, pcl, pclath, pclatu, tosl, cstack
  8619 ;; Tracked objects:
  8620 ;;		On entry : 0/0
  8621 ;;		On exit  : 0/0
  8622 ;;		Unchanged: 0/0
  8623 ;; Data sizes:     COMRAM   BANK0   BANK1   BANK2   BANK3   BANK4   BANK5   BANK6   BANK7   BANK8   BANK9  BANK10  BANK1
      +1  BANK12  BANK13  BANK14
  8624 ;;      Params:         0       0       0       0       0       0       0       0       0       0       0       0       
      +0       0       0       0
  8625 ;;      Locals:         0       0       0       0       0       0       0       0       0       0       0       0       
      +0       0       0       0
  8626 ;;      Temps:          0       0       0       0       0       0       0       0       0       0       0       0       
      +0       0       0       0
  8627 ;;      Totals:         0       0       0       0       0       0       0       0       0       0       0       0       
      +0       0       0       0
  8628 ;;Total ram usage:        0 bytes
  8629 ;; Hardware stack levels used: 1
  8630 ;; Hardware stack levels required when called: 2
  8631 ;; This function calls:
  8632 ;;		NULL
  8633 ;;		_EUSART1_DefaultErrorHandler
  8634 ;;		_EUSART1_DefaultFramingErrorHandler
  8635 ;;		_EUSART1_DefaultOverrunErrorHandler
  8636 ;;		_EUSART1_RxDataHandler
  8637 ;; This function is called by:
  8638 ;;		_EUSART1_Initialize
  8639 ;;		_INTERRUPT_InterruptManager
  8640 ;; This function uses a non-reentrant model
  8641 ;;
  8642                           
  8643                           	psect	text35
  8644   001398                     __ptext35:
  8645                           	callstack 0
  8646   001398                     _EUSART1_Receive_ISR:
  8647                           	callstack 22
  8648   001398                     
  8649                           ;mcc_generated_files/eusart1.c: 219:     eusart1RxStatusBuffer[eusart1RxHead].status = 0
      +                          ;
  8650   001398  5015               	movf	_eusart1RxHead^0,w,c
  8651   00139A  0F02               	addlw	low _eusart1RxStatusBuffer
  8652   00139C  6ED9               	movwf	fsr2l,c
  8653   00139E  6ADA               	clrf	fsr2h,c
  8654   0013A0  6ADF               	clrf	indf2,c
  8655   0013A2                     
  8656                           ;mcc_generated_files/eusart1.c: 221:     if(RCSTA1bits.FERR){
  8657   0013A2  A4AB               	btfss	171,2,c	;volatile
  8658   0013A4  EFD6  F009         	goto	i2u153_41
  8659   0013A8  EFD8  F009         	goto	i2u153_40
  8660   0013AC                     i2u153_41:
  8661   0013AC  EFEA  F009         	goto	i2l2982
  8662   0013B0                     i2u153_40:
  8663   0013B0                     
  8664                           ;mcc_generated_files/eusart1.c: 222:         eusart1RxStatusBuffer[eusart1RxHead].ferr =
      +                           1;
  8665   0013B0  5015               	movf	_eusart1RxHead^0,w,c
  8666   0013B2  0F02               	addlw	low _eusart1RxStatusBuffer
  8667   0013B4  6ED9               	movwf	fsr2l,c
  8668   0013B6  6ADA               	clrf	fsr2h,c
  8669   0013B8  82DF               	bsf	indf2,1,c
  8670   0013BA                     
  8671                           ;mcc_generated_files/eusart1.c: 223:         EUSART1_FramingErrorHandler();
  8672   0013BA  D802               	call	i2u154_48
  8673   0013BC  EFEA  F009         	goto	i2u154_49
  8674   0013C0                     i2u154_48:
  8675   0013C0  0005               	push	
  8676   0013C2  0100               	movlb	0	; () banked
  8677   0013C4  6EFA               	movwf	pclath,c
  8678   0013C6  517C               	movf	_EUSART1_FramingErrorHandler& (0+255),w,b
  8679   0013C8  6EFD               	movwf	tosl,c
  8680   0013CA  517D               	movf	(_EUSART1_FramingErrorHandler+1)& (0+255),w,b
  8681   0013CC  6EFE               	movwf	tosh,c
  8682   0013CE  6AFF               	clrf	tosu,c
  8683   0013D0  50FA               	movf	pclath,w,c
  8684   0013D2  0012               	return		;indir
  8685   0013D4                     i2u154_49:
  8686   0013D4                     i2l2982:
  8687                           
  8688                           ;mcc_generated_files/eusart1.c: 226:     if(RCSTA1bits.OERR){
  8689   0013D4  A2AB               	btfss	171,1,c	;volatile
  8690   0013D6  EFEF  F009         	goto	i2u155_41
  8691   0013DA  EFF1  F009         	goto	i2u155_40
  8692   0013DE                     i2u155_41:
  8693   0013DE  EF03  F00A         	goto	i2l2988
  8694   0013E2                     i2u155_40:
  8695   0013E2                     
  8696                           ;mcc_generated_files/eusart1.c: 227:         eusart1RxStatusBuffer[eusart1RxHead].oerr =
      +                           1;
  8697   0013E2  5015               	movf	_eusart1RxHead^0,w,c
  8698   0013E4  0F02               	addlw	low _eusart1RxStatusBuffer
  8699   0013E6  6ED9               	movwf	fsr2l,c
  8700   0013E8  6ADA               	clrf	fsr2h,c
  8701   0013EA  84DF               	bsf	indf2,2,c
  8702   0013EC                     
  8703                           ;mcc_generated_files/eusart1.c: 228:         EUSART1_OverrunErrorHandler();
  8704   0013EC  D802               	call	i2u156_48
  8705   0013EE  EF03  F00A         	goto	i2u156_49
  8706   0013F2                     i2u156_48:
  8707   0013F2  0005               	push	
  8708   0013F4  0100               	movlb	0	; () banked
  8709   0013F6  6EFA               	movwf	pclath,c
  8710   0013F8  517A               	movf	_EUSART1_OverrunErrorHandler& (0+255),w,b
  8711   0013FA  6EFD               	movwf	tosl,c
  8712   0013FC  517B               	movf	(_EUSART1_OverrunErrorHandler+1)& (0+255),w,b
  8713   0013FE  6EFE               	movwf	tosh,c
  8714   001400  6AFF               	clrf	tosu,c
  8715   001402  50FA               	movf	pclath,w,c
  8716   001404  0012               	return		;indir
  8717   001406                     i2u156_49:
  8718   001406                     i2l2988:
  8719                           
  8720                           ;mcc_generated_files/eusart1.c: 231:     if(eusart1RxStatusBuffer[eusart1RxHead].status)
      +                          {
  8721   001406  5015               	movf	_eusart1RxHead^0,w,c
  8722   001408  0F02               	addlw	low _eusart1RxStatusBuffer
  8723   00140A  6ED9               	movwf	fsr2l,c
  8724   00140C  6ADA               	clrf	fsr2h,c
  8725   00140E  50DF               	movf	indf2,w,c
  8726   001410  B4D8               	btfsc	status,2,c
  8727   001412  EF0D  F00A         	goto	i2u157_41
  8728   001416  EF0F  F00A         	goto	i2u157_40
  8729   00141A                     i2u157_41:
  8730   00141A  EF1E  F00A         	goto	i2l2992
  8731   00141E                     i2u157_40:
  8732   00141E                     
  8733                           ;mcc_generated_files/eusart1.c: 232:         EUSART1_ErrorHandler();
  8734   00141E  D802               	call	i2u158_48
  8735   001420  EF1C  F00A         	goto	i2u158_49
  8736   001424                     i2u158_48:
  8737   001424  0005               	push	
  8738   001426  0100               	movlb	0	; () banked
  8739   001428  6EFA               	movwf	pclath,c
  8740   00142A  5178               	movf	_EUSART1_ErrorHandler& (0+255),w,b
  8741   00142C  6EFD               	movwf	tosl,c
  8742   00142E  5179               	movf	(_EUSART1_ErrorHandler+1)& (0+255),w,b
  8743   001430  6EFE               	movwf	tosh,c
  8744   001432  6AFF               	clrf	tosu,c
  8745   001434  50FA               	movf	pclath,w,c
  8746   001436  0012               	return		;indir
  8747   001438                     i2u158_49:
  8748                           
  8749                           ;mcc_generated_files/eusart1.c: 233:     } else {
  8750   001438  EF20  F00A         	goto	i2l560
  8751   00143C                     i2l2992:
  8752                           
  8753                           ;mcc_generated_files/eusart1.c: 234:         EUSART1_RxDataHandler();
  8754   00143C  ECAD  F00B         	call	_EUSART1_RxDataHandler	;wreg free
  8755   001440                     i2l560:
  8756   001440  0012               	return		;funcret
  8757   001442                     __end_of_EUSART1_Receive_ISR:
  8758                           	callstack 0
  8759                           
  8760 ;; *************** function _EUSART1_DefaultOverrunErrorHandler *****************
  8761 ;; Defined at:
  8762 ;;		line 252 in file "mcc_generated_files/eusart1.c"
  8763 ;; Parameters:    Size  Location     Type
  8764 ;;		None
  8765 ;; Auto vars:     Size  Location     Type
  8766 ;;		None
  8767 ;; Return value:  Size  Location     Type
  8768 ;;                  1    wreg      void 
  8769 ;; Registers used:
  8770 ;;		None
  8771 ;; Tracked objects:
  8772 ;;		On entry : 0/0
  8773 ;;		On exit  : 0/0
  8774 ;;		Unchanged: 0/0
  8775 ;; Data sizes:     COMRAM   BANK0   BANK1   BANK2   BANK3   BANK4   BANK5   BANK6   BANK7   BANK8   BANK9  BANK10  BANK1
      +1  BANK12  BANK13  BANK14
  8776 ;;      Params:         0       0       0       0       0       0       0       0       0       0       0       0       
      +0       0       0       0
  8777 ;;      Locals:         0       0       0       0       0       0       0       0       0       0       0       0       
      +0       0       0       0
  8778 ;;      Temps:          0       0       0       0       0       0       0       0       0       0       0       0       
      +0       0       0       0
  8779 ;;      Totals:         0       0       0       0       0       0       0       0       0       0       0       0       
      +0       0       0       0
  8780 ;;Total ram usage:        0 bytes
  8781 ;; Hardware stack levels used: 1
  8782 ;; This function calls:
  8783 ;;		Nothing
  8784 ;; This function is called by:
  8785 ;;		_EUSART1_Initialize
  8786 ;;		_EUSART1_Receive_ISR
  8787 ;; This function uses a non-reentrant model
  8788 ;;
  8789                           
  8790                           	psect	text36
  8791   0018AE                     __ptext36:
  8792                           	callstack 0
  8793   0018AE                     _EUSART1_DefaultOverrunErrorHandler:
  8794                           	callstack 23
  8795   0018AE                     
  8796                           ;mcc_generated_files/eusart1.c: 255:     RCSTA1bits.CREN = 0;
  8797   0018AE  98AB               	bcf	171,4,c	;volatile
  8798                           
  8799                           ;mcc_generated_files/eusart1.c: 256:     RCSTA1bits.CREN = 1;
  8800   0018B0  88AB               	bsf	171,4,c	;volatile
  8801   0018B2  0012               	return		;funcret
  8802   0018B4                     __end_of_EUSART1_DefaultOverrunErrorHandler:
  8803                           	callstack 0
  8804                           
  8805 ;; *************** function _EUSART1_DefaultFramingErrorHandler *****************
  8806 ;; Defined at:
  8807 ;;		line 250 in file "mcc_generated_files/eusart1.c"
  8808 ;; Parameters:    Size  Location     Type
  8809 ;;		None
  8810 ;; Auto vars:     Size  Location     Type
  8811 ;;		None
  8812 ;; Return value:  Size  Location     Type
  8813 ;;                  1    wreg      void 
  8814 ;; Registers used:
  8815 ;;		None
  8816 ;; Tracked objects:
  8817 ;;		On entry : 0/0
  8818 ;;		On exit  : 0/0
  8819 ;;		Unchanged: 0/0
  8820 ;; Data sizes:     COMRAM   BANK0   BANK1   BANK2   BANK3   BANK4   BANK5   BANK6   BANK7   BANK8   BANK9  BANK10  BANK1
      +1  BANK12  BANK13  BANK14
  8821 ;;      Params:         0       0       0       0       0       0       0       0       0       0       0       0       
      +0       0       0       0
  8822 ;;      Locals:         0       0       0       0       0       0       0       0       0       0       0       0       
      +0       0       0       0
  8823 ;;      Temps:          0       0       0       0       0       0       0       0       0       0       0       0       
      +0       0       0       0
  8824 ;;      Totals:         0       0       0       0       0       0       0       0       0       0       0       0       
      +0       0       0       0
  8825 ;;Total ram usage:        0 bytes
  8826 ;; Hardware stack levels used: 1
  8827 ;; This function calls:
  8828 ;;		Nothing
  8829 ;; This function is called by:
  8830 ;;		_EUSART1_Initialize
  8831 ;;		_EUSART1_Receive_ISR
  8832 ;; This function uses a non-reentrant model
  8833 ;;
  8834                           
  8835                           	psect	text37
  8836   0018C0                     __ptext37:
  8837                           	callstack 0
  8838   0018C0                     _EUSART1_DefaultFramingErrorHandler:
  8839                           	callstack 23
  8840   0018C0  0012               	return		;funcret
  8841   0018C2                     __end_of_EUSART1_DefaultFramingErrorHandler:
  8842                           	callstack 0
  8843                           
  8844 ;; *************** function _EUSART1_DefaultErrorHandler *****************
  8845 ;; Defined at:
  8846 ;;		line 260 in file "mcc_generated_files/eusart1.c"
  8847 ;; Parameters:    Size  Location     Type
  8848 ;;		None
  8849 ;; Auto vars:     Size  Location     Type
  8850 ;;		None
  8851 ;; Return value:  Size  Location     Type
  8852 ;;                  1    wreg      void 
  8853 ;; Registers used:
  8854 ;;		wreg, fsr2l, fsr2h, status,2, status,0, cstack
  8855 ;; Tracked objects:
  8856 ;;		On entry : 0/0
  8857 ;;		On exit  : 0/0
  8858 ;;		Unchanged: 0/0
  8859 ;; Data sizes:     COMRAM   BANK0   BANK1   BANK2   BANK3   BANK4   BANK5   BANK6   BANK7   BANK8   BANK9  BANK10  BANK1
      +1  BANK12  BANK13  BANK14
  8860 ;;      Params:         0       0       0       0       0       0       0       0       0       0       0       0       
      +0       0       0       0
  8861 ;;      Locals:         0       0       0       0       0       0       0       0       0       0       0       0       
      +0       0       0       0
  8862 ;;      Temps:          0       0       0       0       0       0       0       0       0       0       0       0       
      +0       0       0       0
  8863 ;;      Totals:         0       0       0       0       0       0       0       0       0       0       0       0       
      +0       0       0       0
  8864 ;;Total ram usage:        0 bytes
  8865 ;; Hardware stack levels used: 1
  8866 ;; Hardware stack levels required when called: 1
  8867 ;; This function calls:
  8868 ;;		_EUSART1_RxDataHandler
  8869 ;; This function is called by:
  8870 ;;		_EUSART1_Initialize
  8871 ;;		_EUSART1_Receive_ISR
  8872 ;; This function uses a non-reentrant model
  8873 ;;
  8874                           
  8875                           	psect	text38
  8876   0018B4                     __ptext38:
  8877                           	callstack 0
  8878   0018B4                     _EUSART1_DefaultErrorHandler:
  8879                           	callstack 22
  8880   0018B4                     
  8881                           ;mcc_generated_files/eusart1.c: 261:     EUSART1_RxDataHandler();
  8882   0018B4  ECAD  F00B         	call	_EUSART1_RxDataHandler	;wreg free
  8883   0018B8  0012               	return		;funcret
  8884   0018BA                     __end_of_EUSART1_DefaultErrorHandler:
  8885                           	callstack 0
  8886                           
  8887 ;; *************** function _EUSART1_RxDataHandler *****************
  8888 ;; Defined at:
  8889 ;;		line 240 in file "mcc_generated_files/eusart1.c"
  8890 ;; Parameters:    Size  Location     Type
  8891 ;;		None
  8892 ;; Auto vars:     Size  Location     Type
  8893 ;;		None
  8894 ;; Return value:  Size  Location     Type
  8895 ;;                  1    wreg      void 
  8896 ;; Registers used:
  8897 ;;		wreg, fsr2l, fsr2h, status,2, status,0
  8898 ;; Tracked objects:
  8899 ;;		On entry : 0/0
  8900 ;;		On exit  : 0/0
  8901 ;;		Unchanged: 0/0
  8902 ;; Data sizes:     COMRAM   BANK0   BANK1   BANK2   BANK3   BANK4   BANK5   BANK6   BANK7   BANK8   BANK9  BANK10  BANK1
      +1  BANK12  BANK13  BANK14
  8903 ;;      Params:         0       0       0       0       0       0       0       0       0       0       0       0       
      +0       0       0       0
  8904 ;;      Locals:         0       0       0       0       0       0       0       0       0       0       0       0       
      +0       0       0       0
  8905 ;;      Temps:          0       0       0       0       0       0       0       0       0       0       0       0       
      +0       0       0       0
  8906 ;;      Totals:         0       0       0       0       0       0       0       0       0       0       0       0       
      +0       0       0       0
  8907 ;;Total ram usage:        0 bytes
  8908 ;; Hardware stack levels used: 1
  8909 ;; This function calls:
  8910 ;;		Nothing
  8911 ;; This function is called by:
  8912 ;;		_EUSART1_Receive_ISR
  8913 ;;		_EUSART1_DefaultErrorHandler
  8914 ;; This function uses a non-reentrant model
  8915 ;;
  8916                           
  8917                           	psect	text39
  8918   00175A                     __ptext39:
  8919                           	callstack 0
  8920   00175A                     _EUSART1_RxDataHandler:
  8921                           	callstack 22
  8922   00175A                     
  8923                           ;mcc_generated_files/eusart1.c: 242:     eusart1RxBuffer[eusart1RxHead++] = RCREG1;
  8924   00175A  5015               	movf	_eusart1RxHead^0,w,c
  8925   00175C  0F60               	addlw	low _eusart1RxBuffer
  8926   00175E  6ED9               	movwf	fsr2l,c
  8927   001760  6ADA               	clrf	fsr2h,c
  8928   001762  CFAE FFDF          	movff	4014,indf2	;volatile
  8929   001766  2A15               	incf	_eusart1RxHead^0,f,c	;volatile
  8930   001768                     
  8931                           ;mcc_generated_files/eusart1.c: 243:     if(sizeof(eusart1RxBuffer) <= eusart1RxHead)
  8932   001768  0E07               	movlw	7
  8933   00176A  6415               	cpfsgt	_eusart1RxHead^0,c	;volatile
  8934   00176C  EFBA  F00B         	goto	i2u141_41
  8935   001770  EFBC  F00B         	goto	i2u141_40
  8936   001774                     i2u141_41:
  8937   001774  EFBD  F00B         	goto	i2l2784
  8938   001778                     i2u141_40:
  8939   001778                     
  8940                           ;mcc_generated_files/eusart1.c: 244:     {;mcc_generated_files/eusart1.c: 245:         e
      +                          usart1RxHead = 0;
  8941   001778  6A15               	clrf	_eusart1RxHead^0,c	;volatile
  8942   00177A                     i2l2784:
  8943                           
  8944                           ;mcc_generated_files/eusart1.c: 247:     eusart1RxCount++;
  8945   00177A  2A13               	incf	_eusart1RxCount^0,f,c	;volatile
  8946   00177C  0012               	return		;funcret
  8947   00177E                     __end_of_EUSART1_RxDataHandler:
  8948                           	callstack 0
  8949                           
  8950 ;; *************** function _ECAN_WAKI_ISR *****************
  8951 ;; Defined at:
  8952 ;;		line 444 in file "mcc_generated_files/ecan.c"
  8953 ;; Parameters:    Size  Location     Type
  8954 ;;		None
  8955 ;; Auto vars:     Size  Location     Type
  8956 ;;		None
  8957 ;; Return value:  Size  Location     Type
  8958 ;;                  1    wreg      void 
  8959 ;; Registers used:
  8960 ;;		wreg, pcl, pclath, pclatu, tosl, cstack
  8961 ;; Tracked objects:
  8962 ;;		On entry : 0/0
  8963 ;;		On exit  : 0/0
  8964 ;;		Unchanged: 0/0
  8965 ;; Data sizes:     COMRAM   BANK0   BANK1   BANK2   BANK3   BANK4   BANK5   BANK6   BANK7   BANK8   BANK9  BANK10  BANK1
      +1  BANK12  BANK13  BANK14
  8966 ;;      Params:         0       0       0       0       0       0       0       0       0       0       0       0       
      +0       0       0       0
  8967 ;;      Locals:         0       0       0       0       0       0       0       0       0       0       0       0       
      +0       0       0       0
  8968 ;;      Temps:          0       0       0       0       0       0       0       0       0       0       0       0       
      +0       0       0       0
  8969 ;;      Totals:         0       0       0       0       0       0       0       0       0       0       0       0       
      +0       0       0       0
  8970 ;;Total ram usage:        0 bytes
  8971 ;; Hardware stack levels used: 1
  8972 ;; Hardware stack levels required when called: 1
  8973 ;; This function calls:
  8974 ;;		NULL
  8975 ;;		_WakeUpDefaultInterruptHandler
  8976 ;; This function is called by:
  8977 ;;		_INTERRUPT_InterruptManager
  8978 ;; This function uses a non-reentrant model
  8979 ;;
  8980                           
  8981                           	psect	text40
  8982   0017E4                     __ptext40:
  8983                           	callstack 0
  8984   0017E4                     _ECAN_WAKI_ISR:
  8985                           	callstack 23
  8986   0017E4                     
  8987                           ;mcc_generated_files/ecan.c: 446:     WakeUpInterruptHandler();
  8988   0017E4  D802               	call	i2u150_48
  8989   0017E6  EFFE  F00B         	goto	i2u150_49
  8990   0017EA                     i2u150_48:
  8991   0017EA  0005               	push	
  8992   0017EC  6EFA               	movwf	pclath,c
  8993   0017EE  500A               	movf	_WakeUpInterruptHandler^0,w,c
  8994   0017F0  6EFD               	movwf	tosl,c
  8995   0017F2  500B               	movf	(_WakeUpInterruptHandler+1)^0,w,c
  8996   0017F4  6EFE               	movwf	tosh,c
  8997   0017F6  6AFF               	clrf	tosu,c
  8998   0017F8  50FA               	movf	pclath,w,c
  8999   0017FA  0012               	return		;indir
  9000   0017FC                     i2u150_49:
  9001   0017FC                     
  9002                           ;mcc_generated_files/ecan.c: 447:     PIR5bits.WAKIF = 0;
  9003   0017FC  9C77               	bcf	119,6,c	;volatile
  9004   0017FE  0012               	return		;funcret
  9005   001800                     __end_of_ECAN_WAKI_ISR:
  9006                           	callstack 0
  9007                           
  9008 ;; *************** function _WakeUpDefaultInterruptHandler *****************
  9009 ;; Defined at:
  9010 ;;		line 63 in file "mcc_generated_files/ecan.c"
  9011 ;; Parameters:    Size  Location     Type
  9012 ;;		None
  9013 ;; Auto vars:     Size  Location     Type
  9014 ;;		None
  9015 ;; Return value:  Size  Location     Type
  9016 ;;                  1    wreg      void 
  9017 ;; Registers used:
  9018 ;;		None
  9019 ;; Tracked objects:
  9020 ;;		On entry : 0/0
  9021 ;;		On exit  : 0/0
  9022 ;;		Unchanged: 0/0
  9023 ;; Data sizes:     COMRAM   BANK0   BANK1   BANK2   BANK3   BANK4   BANK5   BANK6   BANK7   BANK8   BANK9  BANK10  BANK1
      +1  BANK12  BANK13  BANK14
  9024 ;;      Params:         0       0       0       0       0       0       0       0       0       0       0       0       
      +0       0       0       0
  9025 ;;      Locals:         0       0       0       0       0       0       0       0       0       0       0       0       
      +0       0       0       0
  9026 ;;      Temps:          0       0       0       0       0       0       0       0       0       0       0       0       
      +0       0       0       0
  9027 ;;      Totals:         0       0       0       0       0       0       0       0       0       0       0       0       
      +0       0       0       0
  9028 ;;Total ram usage:        0 bytes
  9029 ;; Hardware stack levels used: 1
  9030 ;; This function calls:
  9031 ;;		Nothing
  9032 ;; This function is called by:
  9033 ;;		_ECAN_Initialize
  9034 ;;		_ECAN_WAKI_ISR
  9035 ;; This function uses a non-reentrant model
  9036 ;;
  9037                           
  9038                           	psect	text41
  9039   0018C2                     __ptext41:
  9040                           	callstack 0
  9041   0018C2                     _WakeUpDefaultInterruptHandler:
  9042                           	callstack 23
  9043   0018C2  0012               	return		;funcret
  9044   0018C4                     __end_of_WakeUpDefaultInterruptHandler:
  9045                           	callstack 0
  9046                           
  9047                           	psect	rparam
  9048   000001                     ___rparam_used  equ	1
  9049   000000                     ___param_bank   equ	0
  9050   000000                     __Lparam        equ	__Lrparam
  9051   000000                     __Hparam        equ	__Hrparam
  9052   000001                     btemp           set	1	;btemp
  9053   000001                     int$flags       set	1
  9054   000001                     btemp0          set	1
  9055   000002                     btemp1          set	2
  9056                           
  9057                           	psect	config
  9058                           
  9059                           ;Config register CONFIG1L @ 0x300000
  9060                           ;	VREG Sleep Enable bit
  9061                           ;	RETEN = OFF, Ultra low-power regulator is Disabled (Controlled by REGSLP bit)
  9062                           ;	LF-INTOSC Low-power Enable bit
  9063                           ;	INTOSCSEL = HIGH, LF-INTOSC in High-power mode during Sleep
  9064                           ;	SOSC Power Selection and mode Configuration bits
  9065                           ;	SOSCSEL = DIG, Digital (SCLKI) mode
  9066                           ;	Extended Instruction Set
  9067                           ;	XINST = OFF, Disabled
  9068   300000                     	org	3145728
  9069   300000  15                 	db	21
  9070                           
  9071                           ;Config register CONFIG1H @ 0x300001
  9072                           ;	Oscillator
  9073                           ;	FOSC = INTIO2, Internal RC oscillator
  9074                           ;	PLL x4 Enable bit
  9075                           ;	PLLCFG = ON, Enabled
  9076                           ;	Fail-Safe Clock Monitor
  9077                           ;	FCMEN = OFF, Disabled
  9078                           ;	Internal External Oscillator Switch Over Mode
  9079                           ;	IESO = OFF, Disabled
  9080   300001                     	org	3145729
  9081   300001  18                 	db	24
  9082                           
  9083                           ;Config register CONFIG2L @ 0x300002
  9084                           ;	Power Up Timer
  9085                           ;	PWRTEN = OFF, Disabled
  9086                           ;	Brown Out Detect
  9087                           ;	BOREN = SBORDIS, Enabled in hardware, SBOREN disabled
  9088                           ;	Brown-out Reset Voltage bits
  9089                           ;	BORV = 3, 1.8V
  9090                           ;	BORMV Power level
  9091                           ;	BORPWR = ZPBORMV, ZPBORMV instead of BORMV is selected
  9092   300002                     	org	3145730
  9093   300002  7F                 	db	127
  9094                           
  9095                           ;Config register CONFIG2H @ 0x300003
  9096                           ;	Watchdog Timer
  9097                           ;	WDTEN = OFF, WDT disabled in hardware; SWDTEN bit disabled
  9098                           ;	Watchdog Postscaler
  9099                           ;	WDTPS = 1048576, 1:1048576
  9100   300003                     	org	3145731
  9101   300003  50                 	db	80
  9102                           
  9103                           ; Padding undefined space
  9104   300004                     	org	3145732
  9105   300004  FF                 	db	255
  9106                           
  9107                           ;Config register CONFIG3H @ 0x300005
  9108                           ;	ECAN Mux bit
  9109                           ;	CANMX = PORTB, ECAN TX and RX pins are located on RB2 and RB3, respectively
  9110                           ;	MSSP address masking
  9111                           ;	MSSPMSK = MSK7, 7 Bit address masking mode
  9112                           ;	Master Clear Enable
  9113                           ;	MCLRE = ON, MCLR Enabled, RE3 Disabled
  9114   300005                     	org	3145733
  9115   300005  89                 	db	137
  9116                           
  9117                           ;Config register CONFIG4L @ 0x300006
  9118                           ;	Stack Overflow Reset
  9119                           ;	STVREN = ON, Enabled
  9120                           ;	Boot Block Size
  9121                           ;	BBSIZ = BB2K, 2K word Boot Block size
  9122                           ;	Background Debugger
  9123                           ;	DEBUG = 0x1, unprogrammed default
  9124   300006                     	org	3145734
  9125   300006  91                 	db	145
  9126                           
  9127                           ; Padding undefined space
  9128   300007                     	org	3145735
  9129   300007  FF                 	db	255
  9130                           
  9131                           ;Config register CONFIG5L @ 0x300008
  9132                           ;	Code Protect 00800-01FFF
  9133                           ;	CP0 = OFF, Disabled
  9134                           ;	Code Protect 02000-03FFF
  9135                           ;	CP1 = OFF, Disabled
  9136                           ;	Code Protect 04000-05FFF
  9137                           ;	CP2 = OFF, Disabled
  9138                           ;	Code Protect 06000-07FFF
  9139                           ;	CP3 = OFF, Disabled
  9140   300008                     	org	3145736
  9141   300008  0F                 	db	15
  9142                           
  9143                           ;Config register CONFIG5H @ 0x300009
  9144                           ;	Code Protect Boot
  9145                           ;	CPB = OFF, Disabled
  9146                           ;	Data EE Read Protect
  9147                           ;	CPD = OFF, Disabled
  9148   300009                     	org	3145737
  9149   300009  C0                 	db	192
  9150                           
  9151                           ;Config register CONFIG6L @ 0x30000A
  9152                           ;	Table Write Protect 00800-01FFF
  9153                           ;	WRT0 = OFF, Disabled
  9154                           ;	Table Write Protect 02000-03FFF
  9155                           ;	WRT1 = OFF, Disabled
  9156                           ;	Table Write Protect 04000-05FFF
  9157                           ;	WRT2 = OFF, Disabled
  9158                           ;	Table Write Protect 06000-07FFF
  9159                           ;	WRT3 = OFF, Disabled
  9160   30000A                     	org	3145738
  9161   30000A  0F                 	db	15
  9162                           
  9163                           ;Config register CONFIG6H @ 0x30000B
  9164                           ;	Config. Write Protect
  9165                           ;	WRTC = OFF, Disabled
  9166                           ;	Table Write Protect Boot
  9167                           ;	WRTB = OFF, Disabled
  9168                           ;	Data EE Write Protect
  9169                           ;	WRTD = OFF, Disabled
  9170   30000B                     	org	3145739
  9171   30000B  E0                 	db	224
  9172                           
  9173                           ;Config register CONFIG7L @ 0x30000C
  9174                           ;	Table Read Protect 00800-01FFF
  9175                           ;	EBTR0 = OFF, Disabled
  9176                           ;	Table Read Protect 02000-03FFF
  9177                           ;	EBTR1 = OFF, Disabled
  9178                           ;	Table Read Protect 04000-05FFF
  9179                           ;	EBTR2 = OFF, Disabled
  9180                           ;	Table Read Protect 06000-07FFF
  9181                           ;	EBTR3 = OFF, Disabled
  9182   30000C                     	org	3145740
  9183   30000C  0F                 	db	15
  9184                           
  9185                           ;Config register CONFIG7H @ 0x30000D
  9186                           ;	Table Read Protect Boot
  9187                           ;	EBTRB = OFF, Disabled
  9188   30000D                     	org	3145741
  9189   30000D  40                 	db	64
  9190                           tosu	equ	0xFFF
  9191                           tosh	equ	0xFFE
  9192                           tosl	equ	0xFFD
  9193                           stkptr	equ	0xFFC
  9194                           pclatu	equ	0xFFB
  9195                           pclath	equ	0xFFA
  9196                           pcl	equ	0xFF9
  9197                           tblptru	equ	0xFF8
  9198                           tblptrh	equ	0xFF7
  9199                           tblptrl	equ	0xFF6
  9200                           tablat	equ	0xFF5
  9201                           prodh	equ	0xFF4
  9202                           prodl	equ	0xFF3
  9203                           indf0	equ	0xFEF
  9204                           postinc0	equ	0xFEE
  9205                           postdec0	equ	0xFED
  9206                           preinc0	equ	0xFEC
  9207                           plusw0	equ	0xFEB
  9208                           fsr0h	equ	0xFEA
  9209                           fsr0l	equ	0xFE9
  9210                           wreg	equ	0xFE8
  9211                           indf1	equ	0xFE7
  9212                           postinc1	equ	0xFE6
  9213                           postdec1	equ	0xFE5
  9214                           preinc1	equ	0xFE4
  9215                           plusw1	equ	0xFE3
  9216                           fsr1h	equ	0xFE2
  9217                           fsr1l	equ	0xFE1
  9218                           bsr	equ	0xFE0
  9219                           indf2	equ	0xFDF
  9220                           postinc2	equ	0xFDE
  9221                           postdec2	equ	0xFDD
  9222                           preinc2	equ	0xFDC
  9223                           plusw2	equ	0xFDB
  9224                           fsr2h	equ	0xFDA
  9225                           fsr2l	equ	0xFD9
  9226                           status	equ	0xFD8

Data Sizes:
    Strings     0
    Constant    18
    Data        1
    BSS         84
    Persistent  12
    Stack       0

Auto Spaces:
    Space          Size  Autos    Used
    COMRAM           94     24      87
    BANK0           160      6      40
    BANK1           256      0       0
    BANK2           256      0       0
    BANK3           256      0       0
    BANK4           256      0       0
    BANK5           256      0       0
    BANK6           256      0       0
    BANK7           256      0       0
    BANK8           256      0       0
    BANK9           256      0       0
    BANK10          256      0       0
    BANK11          256      0       0
    BANK12          256      0       0
    BANK13          256      0       0
    BANK14           65      0       0

Pointer List with Targets:

    ADC_InterruptHandler	PTR FTN()void  size(2) Largest target is 1
		 -> NULL(), 

    ECAN_SetWakeUpInterruptHandler@handler	PTR FTN()void  size(2) Largest target is 1
		 -> WakeUpDefaultInterruptHandler(), 

    EUSART1_ErrorHandler	PTR FTN()void  size(2) Largest target is 1
		 -> EUSART1_DefaultErrorHandler(), NULL(), 

    EUSART1_FramingErrorHandler	PTR FTN()void  size(2) Largest target is 1
		 -> EUSART1_DefaultFramingErrorHandler(), NULL(), 

    EUSART1_OverrunErrorHandler	PTR FTN()void  size(2) Largest target is 1
		 -> EUSART1_DefaultOverrunErrorHandler(), NULL(), 

    EUSART1_RxDefaultInterruptHandler	PTR FTN()void  size(2) Largest target is 1
		 -> EUSART1_Receive_ISR(), NULL(), 

    EUSART1_SetErrorHandler@interruptHandler	PTR FTN()void  size(2) Largest target is 1
		 -> EUSART1_DefaultErrorHandler(), 

    EUSART1_SetFramingErrorHandler@interruptHandler	PTR FTN()void  size(2) Largest target is 1
		 -> EUSART1_DefaultFramingErrorHandler(), 

    EUSART1_SetOverrunErrorHandler@interruptHandler	PTR FTN()void  size(2) Largest target is 1
		 -> EUSART1_DefaultOverrunErrorHandler(), 

    EUSART1_SetRxInterruptHandler@interruptHandler	PTR FTN()void  size(2) Largest target is 1
		 -> EUSART1_Receive_ISR(), 

    EUSART1_SetTxInterruptHandler@interruptHandler	PTR FTN()void  size(2) Largest target is 1
		 -> EUSART1_Transmit_ISR(), 

    EUSART1_TxDefaultInterruptHandler	PTR FTN()void  size(2) Largest target is 1
		 -> EUSART1_Transmit_ISR(), NULL(), 

    LIN_getChecksum@data	PTR unsigned char  size(1) Largest target is 12
		 -> LIN_packet(COMRAM[11]), LIN_rxPacket(COMRAM[12]), 

    LIN_init@processData	PTR FTN()void  size(2) Largest target is 1
		 -> processLIN(), 

    LIN_init@table	const PTR const struct . size(1) Largest target is 21
		 -> scheduleTable(CODE[18]), 

    LIN_processData	PTR FTN()void  size(2) Largest target is 1
		 -> processLIN(), NULL(), 

    LIN_queuePacket@data	PTR unsigned char  size(1) Largest target is 8
		 -> LFRX_Data(BANK0[8]), RSSI_Data(COMRAM[1]), UNLOCK_Data(COMRAM[1]), 

    LIN_queuePacket@tempSchedule	PTR const struct . size(1) Largest target is 21
		 -> scheduleTable(CODE[18]), NULL(NULL[0]), 

    LIN_queuePacket@tempSchedule$data	PTR unsigned char  size(1) Largest target is 8
		 -> LFRX_Data(BANK0[8]), RSSI_Data(COMRAM[1]), UNLOCK_Data(COMRAM[1]), 

    LIN_sendPeriodicTx@periodicTx	PTR const struct . size(1) Largest target is 21
		 -> scheduleTable(CODE[18]), NULL(NULL[0]), 

    LIN_sendPeriodicTx@periodicTx$data	PTR unsigned char  size(1) Largest target is 8
		 -> LFRX_Data(BANK0[8]), RSSI_Data(COMRAM[1]), UNLOCK_Data(COMRAM[1]), 

    memcpy@d	PTR unsigned char  size(1) Largest target is 11
		 -> LIN_packet(COMRAM[11]), processLIN@tempRxData(COMRAM[8]), 

    memcpy@d1	PTR void  size(1) Largest target is 11
		 -> LIN_packet(COMRAM[11]), processLIN@tempRxData(COMRAM[8]), 

    memcpy@s	PTR const unsigned char  size(1) Largest target is 12
		 -> LFRX_Data(BANK0[8]), LIN_rxPacket(COMRAM[12]), LIN_rxPacket$data(COMRAM[8]), RSSI_Data(COMRAM[1]), 
		 -> UNLOCK_Data(COMRAM[1]), 

    memcpy@s1	PTR const void  size(1) Largest target is 12
		 -> LFRX_Data(BANK0[8]), LIN_rxPacket(COMRAM[12]), LIN_rxPacket$data(COMRAM[8]), RSSI_Data(COMRAM[1]), 
		 -> UNLOCK_Data(COMRAM[1]), 

    memset@dest	PTR void  size(1) Largest target is 12
		 -> LIN_packet(COMRAM[11]), LIN_rxPacket(COMRAM[12]), 

    memset@p	PTR unsigned char  size(1) Largest target is 12
		 -> LIN_packet(COMRAM[11]), LIN_rxPacket(COMRAM[12]), 

    S45$data	PTR unsigned char  size(1) Largest target is 8
		 -> LFRX_Data(BANK0[8]), RSSI_Data(COMRAM[1]), UNLOCK_Data(COMRAM[1]), 

    schedule	PTR const struct . size(1) Largest target is 21
		 -> scheduleTable(CODE[18]), NULL(NULL[0]), 

    schedule$data	PTR unsigned char  size(1) Largest target is 8
		 -> LFRX_Data(BANK0[8]), RSSI_Data(COMRAM[1]), UNLOCK_Data(COMRAM[1]), 

    scheduleTable$data	PTR unsigned char  size(1) Largest target is 8
		 -> LFRX_Data(BANK0[8]), RSSI_Data(COMRAM[1]), UNLOCK_Data(COMRAM[1]), 

    sp__memcpy	PTR void  size(1) Largest target is 11
		 -> LIN_packet(COMRAM[11]), processLIN@tempRxData(COMRAM[8]), 

    sp__memset	PTR void  size(1) Largest target is 12
		 -> LIN_packet(COMRAM[11]), LIN_rxPacket(COMRAM[12]), 

    TMR0_InterruptHandler	PTR FTN()void  size(2) Largest target is 1
		 -> LIN_timerHandler(), TMR0_DefaultInterruptHandler(), NULL(), 

    TMR0_SetInterruptHandler@InterruptHandler	PTR FTN()void  size(2) Largest target is 1
		 -> LIN_timerHandler(), TMR0_DefaultInterruptHandler(), 

    WakeUpInterruptHandler	PTR FTN()void  size(2) Largest target is 1
		 -> WakeUpDefaultInterruptHandler(), NULL(), 


Critical Paths under _main in COMRAM

    None.

Critical Paths under _INTERRUPT_InterruptManager in COMRAM

    _LIN_timerHandler->_LIN_sendPeriodicTx
    _LIN_sendPeriodicTx->_LIN_queuePacket
    _LIN_queuePacket->_memcpy

Critical Paths under _main in BANK0

    _TMR0_Initialize->_TMR0_SetInterruptHandler
    _LIN_Master_Initialize->_LIN_init
    _LIN_setTimerHandler->_TMR0_SetInterruptHandler
    _EUSART1_Initialize->_EUSART1_SetErrorHandler
    _EUSART1_Initialize->_EUSART1_SetFramingErrorHandler
    _EUSART1_Initialize->_EUSART1_SetOverrunErrorHandler
    _EUSART1_Initialize->_EUSART1_SetRxInterruptHandler
    _EUSART1_Initialize->_EUSART1_SetTxInterruptHandler
    _ECAN_Initialize->_ECAN_SetWakeUpInterruptHandler

Critical Paths under _INTERRUPT_InterruptManager in BANK0

    None.

Critical Paths under _main in BANK1

    None.

Critical Paths under _INTERRUPT_InterruptManager in BANK1

    None.

Critical Paths under _main in BANK2

    None.

Critical Paths under _INTERRUPT_InterruptManager in BANK2

    None.

Critical Paths under _main in BANK3

    None.

Critical Paths under _INTERRUPT_InterruptManager in BANK3

    None.

Critical Paths under _main in BANK4

    None.

Critical Paths under _INTERRUPT_InterruptManager in BANK4

    None.

Critical Paths under _main in BANK5

    None.

Critical Paths under _INTERRUPT_InterruptManager in BANK5

    None.

Critical Paths under _main in BANK6

    None.

Critical Paths under _INTERRUPT_InterruptManager in BANK6

    None.

Critical Paths under _main in BANK7

    None.

Critical Paths under _INTERRUPT_InterruptManager in BANK7

    None.

Critical Paths under _main in BANK8

    None.

Critical Paths under _INTERRUPT_InterruptManager in BANK8

    None.

Critical Paths under _main in BANK9

    None.

Critical Paths under _INTERRUPT_InterruptManager in BANK9

    None.

Critical Paths under _main in BANK10

    None.

Critical Paths under _INTERRUPT_InterruptManager in BANK10

    None.

Critical Paths under _main in BANK11

    None.

Critical Paths under _INTERRUPT_InterruptManager in BANK11

    None.

Critical Paths under _main in BANK12

    None.

Critical Paths under _INTERRUPT_InterruptManager in BANK12

    None.

Critical Paths under _main in BANK13

    None.

Critical Paths under _INTERRUPT_InterruptManager in BANK13

    None.

Critical Paths under _main in BANK14

    None.

Critical Paths under _INTERRUPT_InterruptManager in BANK14

    None.

Call Graph Tables:

 ---------------------------------------------------------------------------------
 (Depth) Function   	        Calls       Base Space   Used Autos Params    Refs
 ---------------------------------------------------------------------------------
 (0) _main                                                 0     0      0     393
                  _SYSTEM_Initialize
 ---------------------------------------------------------------------------------
 (1) _SYSTEM_Initialize                                    0     0      0     393
                     _ADC_Initialize
                    _ECAN_Initialize
                   _ECCP1_Initialize
                 _EUSART1_Initialize
               _INTERRUPT_Initialize
              _LIN_Master_Initialize
              _OSCILLATOR_Initialize
             _PIN_MANAGER_Initialize
                    _TMR0_Initialize
                    _TMR1_Initialize
 ---------------------------------------------------------------------------------
 (2) _TMR1_Initialize                                      2     2      0       0
                                              0 BANK0      2     2      0
 ---------------------------------------------------------------------------------
 (2) _TMR0_Initialize                                      0     0      0      37
           _TMR0_SetInterruptHandler
 ---------------------------------------------------------------------------------
 (2) _PIN_MANAGER_Initialize                               0     0      0       0
 ---------------------------------------------------------------------------------
 (2) _OSCILLATOR_Initialize                                0     0      0       0
 ---------------------------------------------------------------------------------
 (2) _LIN_Master_Initialize                                0     0      0     152
                           _LIN_init
 ---------------------------------------------------------------------------------
 (3) _LIN_init                                             4     1      3     152
                                              2 BANK0      4     1      3
                _LIN_setTimerHandler
                    _LIN_startPeriod
                      _LIN_stopTimer
 ---------------------------------------------------------------------------------
 (4) _LIN_stopTimer                                        0     0      0       0
 ---------------------------------------------------------------------------------
 (4) _LIN_startPeriod                                      0     0      0       0
 ---------------------------------------------------------------------------------
 (4) _LIN_setTimerHandler                                  0     0      0      37
           _TMR0_SetInterruptHandler
 ---------------------------------------------------------------------------------
 (5) _TMR0_SetInterruptHandler                             2     0      2      37
                                              0 BANK0      2     0      2
 ---------------------------------------------------------------------------------
 (2) _INTERRUPT_Initialize                                 0     0      0       0
 ---------------------------------------------------------------------------------
 (2) _EUSART1_Initialize                                   0     0      0     170
            _EUSART1_SetErrorHandler
     _EUSART1_SetFramingErrorHandler
     _EUSART1_SetOverrunErrorHandler
      _EUSART1_SetRxInterruptHandler
      _EUSART1_SetTxInterruptHandler
 ---------------------------------------------------------------------------------
 (3) _EUSART1_SetTxInterruptHandler                        2     0      2      34
                                              0 BANK0      2     0      2
 ---------------------------------------------------------------------------------
 (3) _EUSART1_SetRxInterruptHandler                        2     0      2      34
                                              0 BANK0      2     0      2
 ---------------------------------------------------------------------------------
 (3) _EUSART1_SetOverrunErrorHandler                       2     0      2      34
                                              0 BANK0      2     0      2
 ---------------------------------------------------------------------------------
 (3) _EUSART1_SetFramingErrorHandler                       2     0      2      34
                                              0 BANK0      2     0      2
 ---------------------------------------------------------------------------------
 (3) _EUSART1_SetErrorHandler                              2     0      2      34
                                              0 BANK0      2     0      2
 ---------------------------------------------------------------------------------
 (2) _ECCP1_Initialize                                     0     0      0       0
 ---------------------------------------------------------------------------------
 (2) _ECAN_Initialize                                      1     1      0      34
                                              2 BANK0      1     1      0
     _ECAN_SetWakeUpInterruptHandler
 ---------------------------------------------------------------------------------
 (3) _ECAN_SetWakeUpInterruptHandler                       2     0      2      34
                                              0 BANK0      2     0      2
 ---------------------------------------------------------------------------------
 (2) _ADC_Initialize                                       0     0      0       0
 ---------------------------------------------------------------------------------
 Estimated maximum stack depth 5
 ---------------------------------------------------------------------------------
 (Depth) Function   	        Calls       Base Space   Used Autos Params    Refs
 ---------------------------------------------------------------------------------
 (6) _INTERRUPT_InterruptManager                          10    10      0    1157
                                             14 COMRAM    10    10      0
                                NULL *
                      _ECAN_WAKI_ISR
                _EUSART1_Receive_ISR *
               _EUSART1_Transmit_ISR *
                           _TMR0_ISR
 ---------------------------------------------------------------------------------
 (7) _TMR0_ISR                                             0     0      0    1157
                                NULL *
                   _LIN_timerHandler *
       _TMR0_DefaultInterruptHandler *
 ---------------------------------------------------------------------------------
 (8) _TMR0_DefaultInterruptHandler                         0     0      0       0
 ---------------------------------------------------------------------------------
 (8) _LIN_timerHandler                                     0     0      0    1157
                 _LIN_sendPeriodicTx
                    i2_LIN_stopTimer
 ---------------------------------------------------------------------------------
 (9) i2_LIN_stopTimer                                      0     0      0       0
 ---------------------------------------------------------------------------------
 (9) _LIN_sendPeriodicTx                                   2     2      0    1157
                                             12 COMRAM     2     2      0
                    _LIN_queuePacket
 ---------------------------------------------------------------------------------
 (10) _LIN_queuePacket                                     5     4      1    1045
                                              7 COMRAM     5     4      1
                     _LIN_calcParity
                    _LIN_getChecksum
                             _memcpy
                             _memset
 ---------------------------------------------------------------------------------
 (11) _memset                                              6     1      5     105
                                              0 COMRAM     6     1      5
 ---------------------------------------------------------------------------------
 (11) _memcpy                                              7     3      4     149
                                              0 COMRAM     7     3      4
 ---------------------------------------------------------------------------------
 (11) _LIN_getChecksum                                     6     5      1     170
                                              0 COMRAM     6     5      1
 ---------------------------------------------------------------------------------
 (11) _LIN_calcParity                                      3     3      0     345
                                              0 COMRAM     3     3      0
 ---------------------------------------------------------------------------------
 (7) _EUSART1_Transmit_ISR                                 0     0      0       0
 ---------------------------------------------------------------------------------
 (7) _EUSART1_Receive_ISR                                  0     0      0       0
                                NULL *
        _EUSART1_DefaultErrorHandler *
 _EUSART1_DefaultFramingErrorHandler *
 _EUSART1_DefaultOverrunErrorHandler *
              _EUSART1_RxDataHandler
 ---------------------------------------------------------------------------------
 (8) _EUSART1_DefaultOverrunErrorHandler                   0     0      0       0
 ---------------------------------------------------------------------------------
 (8) _EUSART1_DefaultFramingErrorHandler                   0     0      0       0
 ---------------------------------------------------------------------------------
 (8) _EUSART1_DefaultErrorHandler                          0     0      0       0
              _EUSART1_RxDataHandler
 ---------------------------------------------------------------------------------
 (9) _EUSART1_RxDataHandler                                0     0      0       0
 ---------------------------------------------------------------------------------
 (7) _ECAN_WAKI_ISR                                        0     0      0       0
                                NULL *
      _WakeUpDefaultInterruptHandler *
 ---------------------------------------------------------------------------------
 (8) _WakeUpDefaultInterruptHandler                        0     0      0       0
 ---------------------------------------------------------------------------------
 (8) NULL(Fake)                                            0     0      0       0
 ---------------------------------------------------------------------------------
 Estimated maximum stack depth 11
 ---------------------------------------------------------------------------------

 Call Graph Graphs:

 _main (ROOT)
   _SYSTEM_Initialize
     _ADC_Initialize
     _ECAN_Initialize
       _ECAN_SetWakeUpInterruptHandler
     _ECCP1_Initialize
     _EUSART1_Initialize
       _EUSART1_SetErrorHandler
       _EUSART1_SetFramingErrorHandler
       _EUSART1_SetOverrunErrorHandler
       _EUSART1_SetRxInterruptHandler
       _EUSART1_SetTxInterruptHandler
     _INTERRUPT_Initialize
     _LIN_Master_Initialize
       _LIN_init
         _LIN_setTimerHandler
           _TMR0_SetInterruptHandler
         _LIN_startPeriod
         _LIN_stopTimer
     _OSCILLATOR_Initialize
     _PIN_MANAGER_Initialize
     _TMR0_Initialize
       _TMR0_SetInterruptHandler
     _TMR1_Initialize

 _INTERRUPT_InterruptManager (ROOT)
   NULL(Fake) *
   _ECAN_WAKI_ISR *
     NULL(Fake) *
     _WakeUpDefaultInterruptHandler *
   _EUSART1_Receive_ISR *
     NULL(Fake) *
     _EUSART1_DefaultErrorHandler *
       _EUSART1_RxDataHandler
     _EUSART1_DefaultFramingErrorHandler *
     _EUSART1_DefaultOverrunErrorHandler *
     _EUSART1_RxDataHandler *
   _EUSART1_Transmit_ISR *
   _TMR0_ISR *
     NULL(Fake) *
     _LIN_timerHandler *
       _LIN_sendPeriodicTx
         _LIN_queuePacket
           _LIN_calcParity
           _LIN_getChecksum
           _memcpy
           _memset
       i2_LIN_stopTimer
     _TMR0_DefaultInterruptHandler *

Address spaces:
Name               Size   Autos  Total    Usage
BIGRAM            3648      0       0      0.0%
BITBANK13          256      0       0      0.0%
BANK13             256      0       0      0.0%
BITBANK12          256      0       0      0.0%
BANK12             256      0       0      0.0%
BITBANK11          256      0       0      0.0%
BANK11             256      0       0      0.0%
BITBANK10          256      0       0      0.0%
BANK10             256      0       0      0.0%
BITBANK9           256      0       0      0.0%
BANK9              256      0       0      0.0%
BITBANK8           256      0       0      0.0%
BANK8              256      0       0      0.0%
BITBANK7           256      0       0      0.0%
BANK7              256      0       0      0.0%
BITBANK6           256      0       0      0.0%
BANK6              256      0       0      0.0%
BITBANK5           256      0       0      0.0%
BANK5              256      0       0      0.0%
BITBANK4           256      0       0      0.0%
BANK4              256      0       0      0.0%
BITBANK3           256      0       0      0.0%
BANK3              256      0       0      0.0%
BITBANK2           256      0       0      0.0%
BANK2              256      0       0      0.0%
BITBANK1           256      0       0      0.0%
BANK1              256      0       0      0.0%
BITBIGSFRllllh     184      0       0      0.0%
BITBANK0           160      0       0      0.0%
BANK0              160      6      40     25.0%
BITBIGSFRllh       104      0       0      0.0%
BITBIGSFRh         101      0       0      0.0%
BITCOMRAM           94      0       0      0.0%
COMRAM              94     24      87     92.6%
BITBANK14           65      0       0      0.0%
BANK14              65      0       0      0.0%
BITBIGSFRlh         42      0       0      0.0%
BITBIGSFRlllh        9      0       0      0.0%
BITBIGSFRlllll       2      0       0      0.0%
STACK                0      0       0      0.0%
DATA                 0      0     127      0.0%


Microchip Technology PIC18 Macro Assembler V3.10 build 20250813170317 
Symbol Table                                                                                   Sat Jun 13 06:00:42 2026

                         ??_LIN_setTimerHandler 0084                        _eusart1TxBufferRemaining 0016  
                                _scheduleLength 0022                                              l73 17E2  
                               _timer0ReloadVal 0019                                 ?_LIN_calcParity 003E  
                                           l212 1732                                             l230 183A  
                                           l215 184C                                             l231 183A  
                                           l152 18A6                                             l242 189A  
                                           l146 1824                                             l149 18A0  
                                           l326 1758                                             l267 17C0  
                                           l429 18BC                                             l373 179E  
                                           l519 1548                                             l289 1834  
                                           l395 1856                                             l830 145A  
                                           l582 1888                                             l576 187E  
                                           l585 1860                                             l834 14D8  
                                           l579 1874                                             l588 186A  
                                           l909 1814                                             l889 1892  
         ECAN_SetWakeUpInterruptHandler@handler 0082                                 _timer1ReloadVal 000C  
                                           tosl 0FFD                                             wreg 0FE8  
                                    _TXSTA1bits 0FAC                           __end_of_scheduleTable 1013  
                                          l3200 178A                                            l3210 14EA  
                                          l3202 178C                                            l3300 149A  
                                          l3220 150A                                            l3212 14FA  
                                          l3204 179A                                            l3310 14AC  
                                          l3302 149C                                            l3230 1540  
                                          l3222 1536                                            l3214 14FE  
                                          l3206 14DA                                            l3312 14BA  
                                          l3304 149E                                            l3240 1446  
                                          l3232 1542                                            l3224 1538  
                                          l3216 1502                                            l3208 14DC  
                                          l3160 1816                                            l3320 1800  
                                          l3314 14BC                                            l3306 14A0  
                                          l3250 1468                                            l3242 145C  
                                          l3234 1544                                            l3226 153A  
                                          l3218 1506                                            l3162 18A2  
                                          l3170 17D6                                            l3330 171E  
                                          l3322 170A                                            l3316 14BE  
                                          l3308 14A2                                            l3260 1472  
                                          l3252 146A                                            l3244 1460  
                                          l3180 1876                                            l3236 1546  
                                          l3228 153C                                            l3156 184E  
                                          l3172 17DA                                            l3164 17C6  
                                          l1900 1848                                            l3332 1722  
                                          l3324 170E                                            l3340 1836  
                                          l1910 1830                                            l3318 14C0  
                                          l3270 147C                                            l3262 1474  
                                          l3254 146C                                            l3246 1464  
                                          l3238 1442                                            l3182 186C  
                                          l3158 189C                                            l3174 17DE  
                                          l3166 17CA                                            l1902 184A  
                                          l3190 173C                                            l3334 1726  
                                          l3326 1712                                            l1912 1832  
                                          l3280 1486                                            l3272 147E  
                                          l3264 1476                                            l3256 146E  
                                          l3248 1466                                            l1904 1894  
                                          l3184 1880                                            l3176 1862  
                                          l3168 17CE                                            l3192 1754  
                                          l3336 172A                                            l3328 171A  
                                          l1906 1826                                            l3186 188A  
                                          l3290 1490                                            l3282 1488  
                                          l3274 1480                                            l3266 1478  
                                          l3258 1470                                            l3178 1858  
                                          l3194 177E                                            l3338 172E  
                                          l1908 182A                                            l3292 1492  
                                          l3284 148A                                            l3276 1482  
                                          l3268 147A                                            l3196 1780  
                                          l3188 1734                                            l3294 1494  
                                          l3286 148C                                            l3278 1484  
                                          l3198 1788                                            l3296 1496  
                                          l3288 148E                                            l3298 1498  
                                          l1890 17A6                                            l1892 17BC  
                                          l1886 18BA                                            l1894 17BE  
                                          l1896 1842                                            l1888 17A0  
                                          l1898 1846                                            _LATA 0F89  
                                          _LATB 0F8A                                            _LATC 0F8B  
                                          u1870 145A                                            u1871 1456  
                                          u1880 14D8                                            u1881 14D4  
                                          i2l84 12E4                                            _WPUB 0F5B  
                                          _main 1836                                            fsr2h 0FDA  
                                          indf2 0FDF                                            fsr2l 0FD9  
                                          btemp 0001                                            prodh 0FF4  
                                          prodl 0FF3                                            start 0124  
                                  ___param_bank 0000                        LIN_receivePacket@rxIndex 001B  
                       __end_of_TMR0_Initialize 17A0                  ??_TMR0_DefaultInterruptHandler 003E  
                 __end_of_OSCILLATOR_Initialize 184E                           _eusart1RxStatusBuffer 0002  
                                         ?_main 003E                                           _T0CON 0FD5  
                                         _T1CON 0FCD                                           i2l133 15A2  
                                         i2l126 119C                                           i2l143 15F4  
                                         i2l173 1396                                           i2l149 18AC  
                                         i2l434 0056                                           i2l444 00F8  
                                         i2l437 0088                                           i2l550 166C  
                                         i2l439 00C2                                           i2l560 1440  
                                         i2l392 16D8                                           i2l553 166E  
                                         i2l570 18B2                                           i2l564 177C  
                                         i2l573 18B8                                           i2l398 18BE  
                                         i2l567 18C0                                           i2l825 18C2  
                                         i2l892 17FE                                           _TMR0H 0FD7  
                                         _TMR1H 0FCF                                           _TMR0L 0FD6  
                                         _TMR1L 0FCE                                           _TRISA 0F92  
                                         _TRISB 0F93                                           _TRISC 0F94  
                              __end_of_LIN_init 17E4                           __end_of_LIN_stopTimer 18A2  
                     ?_TMR0_SetInterruptHandler 0082                            _EUSART1_Transmit_ISR 1636  
                              __end_of_TMR0_ISR 16DA                         __end_ofi2_LIN_stopTimer 18AE  
                                         btemp0 0001                                           btemp1 0002  
                       __end_of_TMR1_Initialize 175A                                           pclath 0FFA  
                                         pclatu 0FFB                                           tablat 0FF5  
                                         status 0FD8      __end_of_EUSART1_DefaultFramingErrorHandler 18C2  
          ??_EUSART1_DefaultFramingErrorHandler 003E             ?_EUSART1_DefaultFramingErrorHandler 003E  
            _EUSART1_DefaultFramingErrorHandler 18C0                          ?_LIN_Master_Initialize 003E  
                              ?_LIN_getChecksum 003E                     LIN_queuePacket@tempSchedule 0049  
                               __initialization 1670                      __end_of_EUSART1_Initialize 154A  
                                  __end_of_main 1842                     ?_INTERRUPT_InterruptManager 003E  
                                        ??_main 0088                                   __activetblptr 0002  
                         ?_EUSART1_Transmit_ISR 003E                 ??_WakeUpDefaultInterruptHandler 003E  
                             ??_ECAN_Initialize 0084                                          _ADCON0 0FC2  
                                        _ADCON1 0FC1                                          _ADCON2 0FC0  
                                        _CANCON 0F6F                                          _ADRESH 0FC4  
                                        _ADRESL 0FC3                                          _CCPR1H 0FBD  
                                        _CCPR1L 0FBC                                          _ANCON0 0F5D  
                                        _ANCON1 0F5C                                          _CIOCON 0F70  
                                        _T1GCON 0FAA                                          i2l3130 0032  
                                        i2l3140 0080                                          i2l3132 0040  
                                        i2l3142 0096                                          i2l3134 004E  
                                        i2l3144 00A4                                          i2l3136 0064  
                                        i2l1714 1708                                          i2l3146 00D0  
                                        i2l3138 0072                                          i2l1708 1634  
                                        i2l2700 11A0                                          i2l3148 00DE  
                                        i2l2702 11AA                                          i2l2710 11D0  
                                        i2l2640 16EC                                          i2l2720 1250  
                                        i2l2712 11E2                                          i2l2800 15F0  
                                        i2l2650 108E                                          i2l2642 16EE  
                                        i2l2730 12BC                                          i2l2722 1266  
                                        i2l2714 11F6                                          i2l2706 11CA  
                                        i2l2660 119A                                          i2l2652 10C8  
                                        i2l2644 1016                                          i2l2636 16DA  
                                        i2l2732 12CA                                          i2l2724 128E  
                                        i2l2716 1208                                          i2l2708 11CE  
                                        i2l2654 1102                                          i2l2646 101A  
                                        i2l2670 160E                                          i2l2638 16E2  
                                        i2l2734 12E0                                          i2l2726 1296  
                                        i2l2718 122C                                          i2l2750 12E8  
                                        i2l2656 113C                                          i2l2648 1054  
                                        i2l2680 156E                                          i2l2672 161A  
                                        i2l2664 15F6                                          i2l2728 12A6  
                                        i2l2760 1352                                          i2l2752 12F2  
                                        i2l2930 18AE                                          i2l2658 1176  
                                        i2l2690 159C                                          i2l2682 1570  
                                        i2l2674 154C                                          i2l2666 1602  
                                        i2l2762 135C                                          i2l2754 1316  
                                        i2l2780 1768                                          i2l2932 18B4  
                                        i2l2692 15A0                                          i2l2684 1580  
                                        i2l2676 1552                                          i2l2668 160C  
                                        i2l2764 1380                                          i2l2756 133C  
                                        i2l2748 12E6                                          i2l2782 1778  
                                        i2l2686 1588                                          i2l2678 1558  
                                        i2l2758 1350                                          i2l2790 15A4  
                                        i2l2960 17FC                                          i2l2784 177A  
                                        i2l2776 175A                                          i2l2688 158A  
                                        i2l2792 15B4                                          i2l2952 16A8  
                                        i2l2778 1766                                          i2l2970 1664  
                                        i2l2962 1636                                          i2l2794 15C8  
                                        i2l2954 16AE                                          i2l2980 13BA  
                                        i2l2972 1666                                          i2l2964 1646  
                                        i2l2788 18A8                                          i2l2796 15CC  
                                        i2l2956 16C0                                          i2l2958 17E4  
                                        i2l2990 141E                                          i2l2982 13D4  
                                        i2l2974 1398                                          i2l2966 1652  
                                        i2l2798 15DC                                          i2l2992 143C  
                                        i2l2984 13E2                                          i2l2976 13A2  
                                        i2l2968 1654                                          i2l2986 13EC  
                                        i2l2978 13B0                                          i2l2988 1406  
                                        _RCREG1 0FAE                                          _RCSTA1 0FAB  
                                        _OSCCON 0FD3                                          _RXB0D0 0F66  
                                        _RXB0D1 0F67                                          _RXB0D2 0F68  
                                        _RXB0D3 0F69                                          _RXB0D4 0F6A  
                                        _RXB1D0 0F36                                          _RXB0D5 0F6B  
                                        _RXB1D1 0F37                                          _RXB0D6 0F6C  
                                        _RXB1D2 0F38                                          _RXB0D7 0F6D  
                                        _RXB1D3 0F39                                          _RXB1D4 0F3A  
                                        _RXB1D5 0F3B                                          _RXB1D6 0F3C  
                                        _RXB1D7 0F3D                                          _SPBRG1 0FAF  
                                        _TXB0D0 0F26                                          _TXB0D1 0F27  
                                        _TXB0D2 0F28                                          _TXB0D3 0F29  
                                        _TXB0D4 0F2A                                          _TXB1D0 0F16  
                                        _TXB0D5 0F2B                                          _TXB1D1 0F17  
                                        _TXB0D6 0F2C                                          _TXB1D2 0F18  
                                        _TXB0D7 0F2D                                          _TXB1D3 0F19  
                                        _TXB1D4 0F1A                                          _TXB2D0 0F06  
                                        _TXB1D5 0F1B                                          _TXB2D1 0F07  
                                        _TXB1D6 0F1C                                          _TXB2D2 0F08  
                                        _TXB1D7 0F1D                                          _TXB2D3 0F09  
                                        _TXB2D4 0F0A                                          _TXB2D5 0F0B  
                                        _TXB2D6 0F0C                                          _TXB2D7 0F0D  
                               _LIN_processData 0010                                          _TXREG1 0FAD  
                                        _TXSTA1 0FAC                                 _LIN_queuePacket 119E  
                      ?_EUSART1_SetErrorHandler 0082                                          _memcpy 15F6  
                              ?_TMR0_Initialize 003E                                          _memset 16DA  
                                        clear_0 1688                                          clear_1 1694  
                                        isa$std 0001                              _LIN_enablePeriodTx 001F  
              ??_EUSART1_SetOverrunErrorHandler 0084                 ?_EUSART1_SetOverrunErrorHandler 0082  
                                  __pdataCOMRAM 0058                                 _LIN_startPeriod 18A2  
                                  __mediumconst 1000                                          tblptrh 0FF7  
                                        tblptrl 0FF6                                          tblptru 0FF8  
                              ?i2_LIN_stopTimer 003E        TMR0_SetInterruptHandler@InterruptHandler 0082  
                             ?_ECCP1_Initialize 003E                                 _eusart1RxBuffer 0060  
                               _eusart1TxBuffer 0068                                ?_TMR1_Initialize 003E  
                             _SYSTEM_Initialize 170A                              ??_ECCP1_Initialize 0082  
                                    __accesstop 0060                         __end_of__initialization 169A  
                            ?_SYSTEM_Initialize 003E                                   ___rparam_used 0001  
                 __end_of_EUSART1_RxDataHandler 177E                                       ?_LIN_init 0084  
                                __pcstackCOMRAM 003E                                ??_LIN_calcParity 003E  
                           ??_SYSTEM_Initialize 0088                                   LIN_init@table 0084  
                                     ?_TMR0_ISR 003E                          ??_EUSART1_Transmit_ISR 003E  
                   __end_of_EUSART1_Receive_ISR 1442                                   _ECAN_WAKI_ISR 17E4  
                     __end_of_SYSTEM_Initialize 1734                                   _eusart1RxHead 0015  
                                 _eusart1TxHead 0018                                   _eusart1RxTail 0014  
                                    __pbssBANK0 0060           __end_of_WakeUpDefaultInterruptHandler 18C4  
                 _WakeUpDefaultInterruptHandler 18C2                                   _eusart1TxTail 0017  
             _EUSART1_TxDefaultInterruptHandler 0080                 ??_EUSART1_SetRxInterruptHandler 0084  
                                    __pnvCOMRAM 0056                     __end_of_LIN_setTimerHandler 1826  
                       __end_of_LIN_queuePacket 12E6                            LIN_handler@LIN_state 001C  
               __end_of_EUSART1_SetErrorHandler 188A                                _LIN_timerHandler 15A4  
                                    ??_LIN_init 0087                             LIN_getChecksum@data 003E  
              __end_of_TMR0_SetInterruptHandler 1858                                      ??_TMR0_ISR 004C  
                                       _CCP1CON 0FBB                         __end_of_LIN_startPeriod 18A8  
                                       ?_memcpy 003E                                         _ECANCON 0F72  
                                       ?_memset 003E                                         _CANSTAT 0F6E  
              ??_ECAN_SetWakeUpInterruptHandler 0084                 ?_ECAN_SetWakeUpInterruptHandler 0082  
                         LIN_getChecksum@length 0040                                         _BRGCON1 0E43  
                                       _BRGCON2 0E44                                         _BRGCON3 0E45  
        __end_of_EUSART1_SetFramingErrorHandler 1880                  _EUSART1_SetFramingErrorHandler 1876  
                              _LIN_timerRunning 0020                    ?_EUSART1_DefaultErrorHandler 003E  
                                       _REFOCON 0F9A                                         _OSCCON2 0FD2  
                                ?_ECAN_WAKI_ISR 003E                                         _RXB0DLC 0F65  
                                       _RXB1DLC 0F35                                         _OSCTUNE 0F9B  
                                       _SPBRGH1 0F7D                                         _TXB0DLC 0F25  
                                       _TXB1DLC 0F15                                         _TXB2DLC 0F05  
                       ??_LIN_Master_Initialize 0088                         LIN_getChecksum@checksum 0042  
                          _ADC_InterruptHandler 000E                                         __Hparam 0000  
                                       __Lparam 0000                                 _ECAN_Initialize 1442  
                                  __psmallconst 1000                                         __pcinit 1670  
                                       __ramtop 1000                                         __ptext0 1836  
                                       __ptext1 170A                                         __ptext2 1734  
                                       __ptext3 177E                                         __ptext4 17A0  
                                       __ptext5 1842                                         __ptext6 1800  
                                       __ptext7 17C2                                         __ptext8 189C  
                                       __ptext9 18A2                                       _T0CONbits 0FD5  
                                     _T1CONbits 0FCD                           _OSCILLATOR_Initialize 1842  
                            _EUSART1_Initialize 14DA                        ??_PIN_MANAGER_Initialize 0082  
                 ??_EUSART1_DefaultErrorHandler 003E                            end_of_initialization 169A  
                        _WakeUpInterruptHandler 000A                             ?_EUSART1_Initialize 003E  
                                       memcpy@d 0043                                         memcpy@n 0040  
                                       memcpy@s 0044                                         memset@c 003F  
                                       memset@n 0041                                         memset@p 0043  
                                 __Lmediumconst 0000                     _EUSART1_OverrunErrorHandler 007A  
                                     _LFRX_Data 0070                                ?_LIN_queuePacket 0045  
                ?_WakeUpDefaultInterruptHandler 003E           __end_of_EUSART1_SetRxInterruptHandler 186C  
                 _EUSART1_SetRxInterruptHandler 1862                                         postinc0 0FEE  
                          ??_EUSART1_Initialize 0084                                ?_LIN_startPeriod 003E  
                      _TMR0_SetInterruptHandler 184E                                      _processLIN 0000  
                               ??_ECAN_WAKI_ISR 003E                             LIN_init@tableLength 0087  
                                     _RSSI_Data 003C                                   _scheduleTable 1001  
                  LIN_sendPeriodicTx@periodicTx 004B                      __end_of_LIN_sendPeriodicTx 1398  
                       __end_of_ECAN_Initialize 14DA                    __end_of_INTERRUPT_Initialize 18BE  
                                 __pidataCOMRAM 18C4                                  _ADC_Initialize 1826  
                                __end_of_memcpy 1636                          ?_OSCILLATOR_Initialize 003E  
               LIN_sendPeriodicTx@scheduleIndex 001A                                  __end_of_memset 170A  
                           start_initialization 1670                                   _LIN_stopTimer 189C  
                      __end_of_LIN_timerHandler 15F6   EUSART1_SetRxInterruptHandler@interruptHandler 0082  
 EUSART1_SetTxInterruptHandler@interruptHandler 0082                               LIN_calcParity@CMD 003F  
                             LIN_calcParity@PID 0040                           _EUSART1_RxDataHandler 175A  
                ?_EUSART1_SetRxInterruptHandler 0082                          __end_of_ADC_Initialize 1836  
                                      ??_memcpy 0042                                        ??_memset 0043  
                                    memset@dest 003E                                  _eusart1RxCount 0013  
                           LIN_init@processData 0085                                  ?_LIN_stopTimer 003E  
                                   __pbssCOMRAM 0002               _EUSART1_RxDefaultInterruptHandler 007E  
                                 __pcstackBANK0 0082                               ??_LIN_getChecksum 003F  
        __end_of_ECAN_SetWakeUpInterruptHandler 1894                  _ECAN_SetWakeUpInterruptHandler 188A  
               ??_EUSART1_SetTxInterruptHandler 0084                ??_EUSART1_SetFramingErrorHandler 0084  
               ?_EUSART1_SetFramingErrorHandler 0082                               _LIN_timerCallBack 001E  
                 __end_of_LIN_Master_Initialize 1816                           _TMR0_InterruptHandler 0056  
                                     __pnvBANK0 0078                                ?_ECAN_Initialize 003E  
                        _PIN_MANAGER_Initialize 17A0                                LIN_getChecksum@i 0041  
                                     __pintcode 0008                                 ?_ADC_Initialize 003E  
                  ??_INTERRUPT_InterruptManager 004C                                     __smallconst 1000  
                                      _BAUDCON1 0FA7                                     _COMSTATbits 0F71  
    __end_of_EUSART1_DefaultOverrunErrorHandler 18B4            ??_EUSART1_DefaultOverrunErrorHandler 003E  
           ?_EUSART1_DefaultOverrunErrorHandler 003E              _EUSART1_DefaultOverrunErrorHandler 18AE  
                          _EUSART1_ErrorHandler 0078                         _EUSART1_SetErrorHandler 1880  
                          _INTERRUPT_Initialize 18BA                               ??_TMR0_Initialize 0084  
       EUSART1_SetErrorHandler@interruptHandler 0082                                        _PIE1bits 0F9D  
                                      _PIE5bits 0F76                                        i2u110_40 1064  
                                      i2u110_41 105E                                        i2u110_42 1066  
                                      i2u111_40 1078                                        i2u111_41 1072  
                                      i2u111_42 107A                                        i2u120_40 1100  
                                      i2u112_40 108C                                        i2u120_41 10FA  
                                      i2u112_41 1086                                        i2u105_40 1708  
                                      i2u105_41 1704                                        i2u121_45 1102  
                                      i2u113_45 108E                                        i2u130_40 1186  
                                      i2u122_40 1112                                        i2u114_40 109E  
                                      i2u106_40 102A                                        i2u130_41 1180  
                                      i2u122_41 110C                                        i2u114_41 1098  
                                      i2u106_41 1024                                        i2u122_42 1114  
                                      i2u114_42 10A0                                        i2u106_42 102C  
                                      i2u130_46 1188                                        i2u123_40 1126  
                                      i2u115_40 10B2                                        i2u107_40 103E  
                                      i2u131_40 1634                                        i2u123_41 1120  
                                      i2u115_41 10AC                                        i2u107_41 1038  
                                      i2u131_41 1630                                        i2u123_42 1128  
                                      i2u115_42 10B4                                        i2u107_42 1040  
                                      i2u124_40 113A                                        i2u116_40 10C6  
                                      i2u108_40 1052                                        i2u132_40 1580  
                                      i2u140_40 1380                                        i2u124_41 1134  
                                      i2u116_41 10C0                                        i2u108_41 104C  
                                      i2u132_41 157C                                        i2u140_41 137C  
                                      i2u141_40 1778                                        i2u133_40 159C  
                                      i2u141_41 1774                                        i2u133_41 1598  
                                      i2u125_45 113C                                        i2u117_45 10C8  
                                      i2u109_45 1054                                        i2u126_40 114C  
                                      i2u118_40 10D8                                        i2u134_40 11C6  
                                      i2u142_40 15B4                                        i2u126_41 1146  
                                      i2u118_41 10D2                                        i2u134_41 11C2  
                                      i2u142_41 15B0                                        i2u126_42 114E  
                                      i2u118_42 10DA                                        i2u150_48 17EA  
                                      i2u151_40 1646                                        i2u127_40 1160  
                                      i2u119_40 10EC                                        i2u135_40 11E2  
                                      i2u143_40 15C8                                        i2u150_49 17FC  
                                      i2u151_41 1642                                        i2u127_41 115A  
                                      i2u119_41 10E6                                        i2u135_41 11DE  
                                      i2u143_41 15C4                                        i2u127_42 1162  
                                      i2u119_42 10EE                                        i2u152_40 1664  
                                      i2u128_40 1174                                        i2u136_40 122C  
                                      i2u144_40 15DC                                        i2u152_41 1660  
                                      i2u128_41 116E                                        i2u136_41 1228  
                                      i2u144_41 15D8                                        i2u153_40 13B0  
                                      i2u137_40 1250                                        i2u145_40 15F0  
                                      i2u153_41 13AC                                        i2u137_41 124C  
                                      i2u145_41 15EC                                        i2u129_45 1176  
                                      i2u138_40 1316                                        i2u138_41 1312  
                                      i2u155_40 13E2                                        i2u154_48 13C0  
                                      i2u139_40 1350                                        i2u155_41 13DE  
                                      i2u154_49 13D4                                        i2u139_41 134C  
                                      i2u148_40 16C0                                        i2u180_40 0080  
                                      i2u148_41 16BC                                        i2u180_41 007C  
                                      i2u157_40 141E                                        i2u156_48 13F2  
                                      i2u181_40 0096                      ??_TMR0_SetInterruptHandler 0084  
                                      i2u157_41 141A                                        i2u156_49 1406  
                                      i2u181_41 0092                                        i2u149_48 16C6  
                                      i2u182_40 00A4                                        i2u149_49 16D8  
                                      i2u182_41 00A0                                        i2u158_48 1424  
                                      i2u158_49 1438                                        i2u184_40 00D0  
                                      i2u183_48 00AA                                        i2u176_40 0040  
                                      i2u184_41 00CC                                        i2u183_49 00BE  
                                      i2u176_41 003C                                        i2u185_40 00DE  
                                      i2u177_40 004E                                        i2u185_41 00DA  
                                      i2u177_41 004A                                        _PIR1bits 0F9E  
                                      i2u178_40 0064                                        i2u178_41 0060  
                                      i2u186_48 00E4                                        i2u179_40 0072  
                                      i2u186_49 00F8                                        i2u179_41 006E  
                                      _PIR5bits 0F77                                        _LIN_init 17C2  
                                      _RXB0EIDH 0F63                                        _RXB0EIDL 0F64  
                                      _RXB1EIDH 0F33                          ?_EUSART1_RxDataHandler 003E  
                                      _RXB1EIDL 0F34                                        _RCONbits 0FD0  
                                      _RXB0SIDH 0F61                                        _RXB0SIDL 0F62  
                              _ECCP1_Initialize 1894                                        _RXB1SIDH 0F31  
                                      _RXF0EIDH 0EE2                                        _RXB1SIDL 0F32  
                                      _RXF0EIDL 0EE3                                        _RXF1EIDH 0EE6  
                                      _RXF1EIDL 0EE7                                        _RXF2EIDH 0EEA  
                                      _RXF2EIDL 0EEB                                        _RXF3EIDH 0EEE  
                                      _RXF3EIDL 0EEF                                        _RXF4EIDH 0EF2  
                                      _RXF4EIDL 0EF3                                        _RXF5EIDH 0EF6  
                                      _RXF5EIDL 0EF7                                        _RXF0SIDH 0EE0  
                                      _RXF0SIDL 0EE1                                        _TXB0EIDH 0F23  
                                      _RXF1SIDH 0EE4                                        _TXB0EIDL 0F24  
                                      _RXF1SIDL 0EE5                                        _TXB1EIDH 0F13  
                                      _RXF2SIDH 0EE8                                        _TXB1EIDL 0F14  
                                      _RXF2SIDL 0EE9                                        _TXB2EIDH 0F03  
                                      _RXF3SIDH 0EEC                                        _TXB2EIDL 0F04  
                                      _RXF3SIDL 0EED                                        _RXF4SIDH 0EF0  
                                      _RXF4SIDL 0EF1                                        _TMR0_ISR 16A8  
                             ??i2_LIN_stopTimer 003E                                        _RXF5SIDH 0EF4  
                                      _RXF5SIDL 0EF5                                        _RXM0EIDH 0EFA  
                                      _RXM0EIDL 0EFB                                        _TXB0SIDH 0F21  
                                      _RXM1EIDH 0EFE                                        _TXB0SIDL 0F22  
                                      _RXM1EIDL 0EFF                                        _TXB1SIDH 0F11  
                                      _TXB1SIDL 0F12                                        _TXB2SIDH 0F01  
                                      _TXB2SIDL 0F02                                        _RXM0SIDH 0EF8  
                                      _RXM0SIDL 0EF9                                        _RXM1SIDH 0EFC  
                                      _RXM1SIDL 0EFD                               ??_TMR1_Initialize 0082  
                                    _ADCON0bits 0FC2                                 ??_LIN_stopTimer 0082  
                                  _LIN_rxPacket 0025                              _LIN_periodCallBack 001D  
                                   _INTCON2bits 0FF1                           ?_INTERRUPT_Initialize 003E  
         __end_of_EUSART1_SetTxInterruptHandler 1862                   _EUSART1_SetTxInterruptHandler 1858  
                                      __Hrparam 0000                                       memcpy@tmp 0042  
                                      __Lrparam 0000                         ??_OSCILLATOR_Initialize 0082  
                            _LIN_sendPeriodicTx 12E6                       ??_EUSART1_SetErrorHandler 0084  
           __end_of_EUSART1_DefaultErrorHandler 18BA                     _EUSART1_DefaultErrorHandler 18B4  
                           ?_LIN_sendPeriodicTx 003E                           __end_of_ECAN_WAKI_ISR 1800  
                                      __ptext10 1816                                        __ptext11 184E  
                                      __ptext20 1442                                        __ptext12 18BA  
                                      __ptext21 188A                                        __ptext13 14DA  
                                    _T1GCONbits 0FAA                                        __ptext30 16DA  
                                      __ptext22 1826                                        __ptext14 1858  
                                      __ptext31 15F6                                        __ptext15 1862  
                                      __ptext40 17E4                                        __ptext32 154A  
                                      __ptext24 16A8                                        __ptext16 186C  
                                      __ptext41 18C2                                        __ptext33 1014  
                                      __ptext25 15A4                                        __ptext17 1876  
                                      __ptext34 1636                                        __ptext26 18BE  
                                      __ptext18 1880                                        __ptext35 1398  
                                      __ptext27 18A8                                        __ptext19 1894  
                                      __ptext36 18AE                                        __ptext28 12E6  
                                      __ptext37 18C0                                        __ptext29 119E  
                                      __ptext38 18B4                                        __ptext39 175A  
                             ?_LIN_timerHandler 003E                              ??_LIN_timerHandler 004C  
          __end_of_TMR0_DefaultInterruptHandler 18C0                    _TMR0_DefaultInterruptHandler 18BE  
                                      _schedule 0023                            ??_LIN_sendPeriodicTx 004A  
EUSART1_SetOverrunErrorHandler@interruptHandler 0082                                        isa$xinst 0000  
                                      int$flags 0001                                 _LIN_getChecksum 154A  
            __end_of_INTERRUPT_InterruptManager 0124                      _INTERRUPT_InterruptManager 0008  
                   _EUSART1_FramingErrorHandler 007C                             _EUSART1_Receive_ISR 1398  
                                   _LIN_txReady 0024                                     _LIN_timeout 0058  
                                   _RXB0CONbits 0F60                                     _RXB1CONbits 0F30  
                                _LIN_calcParity 1014                                      _INTCONbits 0FF2  
                                      memcpy@d1 003E                                        memcpy@s1 003F  
                           LIN_queuePacket@data 0045                          ??_INTERRUPT_Initialize 0082  
                           _LIN_setTimerHandler 1816                                        intlevel2 0000  
                          ?_EUSART1_Receive_ISR 003E                         ?_PIN_MANAGER_Initialize 003E  
        __end_of_EUSART1_SetOverrunErrorHandler 1876                  _EUSART1_SetOverrunErrorHandler 186C  
                                   _TXB0CONbits 0F20                                      _RCSTA1bits 0FAB  
                                   _TXB1CONbits 0F10                    __end_of_EUSART1_Transmit_ISR 1670  
                                   _TXB2CONbits 0F00                                ??_ADC_Initialize 0082  
                 ?_TMR0_DefaultInterruptHandler 003E                                      _LIN_packet 0031  
                          ?_LIN_setTimerHandler 003E                                      _LIN_period 0021  
EUSART1_SetFramingErrorHandler@interruptHandler 0082                  ?_EUSART1_SetTxInterruptHandler 0082  
                            _eusart1RxLastError 0012                          __end_of_LIN_calcParity 119E  
                            LIN_queuePacket@cmd 0047                                 _TMR0_Initialize 177E  
                                   _UNLOCK_Data 003D                               ??_LIN_queuePacket 0046  
                      __end_of_ECCP1_Initialize 189C                           ??_EUSART1_Receive_ISR 003E  
                __end_of_PIN_MANAGER_Initialize 17C2                               ??_LIN_startPeriod 0082  
                               i2_LIN_stopTimer 18A8                                LIN_queuePacket@i 0048  
                       ??_EUSART1_RxDataHandler 003E                         __end_of_LIN_getChecksum 15A4  
                               _TMR1_Initialize 1734                           _LIN_Master_Initialize 1800  
